system:index,class,mean,.geo
0,0,0.030778198556417502,"{""type"":""MultiPoint"",""coordinates"":[]}"
1,1,0.14629703040062678,"{""type"":""MultiPoint"",""coordinates"":[]}"
2,2,0.24724341460734156,"{""type"":""MultiPoint"",""coordinates"":[]}"
3,3,0.34803486543094725,"{""type"":""MultiPoint"",""coordinates"":[]}"
4,4,0.45139561332075023,"{""type"":""MultiPoint"",""coordinates"":[]}"
5,5,0.5525580972940205,"{""type"":""MultiPoint"",""coordinates"":[]}"
6,6,0.6499472968189373,"{""type"":""MultiPoint"",""coordinates"":[]}"
7,7,0.745021945538018,"{""type"":""MultiPoint"",""coordinates"":[]}"
8,8,0.8402219106781685,"{""type"":""MultiPoint"",""coordinates"":[]}"
9,9,0.9148142627094429,"{""type"":""MultiPoint"",""coordinates"":[]}"
