system:index,class,mean,.geo
0,0,0.026376587751938924,"{""type"":""MultiPoint"",""coordinates"":[]}"
1,1,0.14734230707992868,"{""type"":""MultiPoint"",""coordinates"":[]}"
2,2,0.25047158051829743,"{""type"":""MultiPoint"",""coordinates"":[]}"
3,3,0.34878316123541625,"{""type"":""MultiPoint"",""coordinates"":[]}"
4,4,0.44911063294889236,"{""type"":""MultiPoint"",""coordinates"":[]}"
5,5,0.5494266012337647,"{""type"":""MultiPoint"",""coordinates"":[]}"
6,6,0.645980325824847,"{""type"":""MultiPoint"",""coordinates"":[]}"
7,7,0.7483697402103593,"{""type"":""MultiPoint"",""coordinates"":[]}"
8,8,0.8490566808274221,"{""type"":""MultiPoint"",""coordinates"":[]}"
9,9,0.9208651141122216,"{""type"":""MultiPoint"",""coordinates"":[]}"
