system:index,class,mean,.geo
0,0,0.04366447409790729,"{""type"":""MultiPoint"",""coordinates"":[]}"
1,1,0.14706619370646515,"{""type"":""MultiPoint"",""coordinates"":[]}"
2,2,0.24749965165146,"{""type"":""MultiPoint"",""coordinates"":[]}"
3,3,0.34909202083905244,"{""type"":""MultiPoint"",""coordinates"":[]}"
4,4,0.44649957092395276,"{""type"":""MultiPoint"",""coordinates"":[]}"
5,5,0.5477489564483057,"{""type"":""MultiPoint"",""coordinates"":[]}"
6,6,0.6474820267346344,"{""type"":""MultiPoint"",""coordinates"":[]}"
7,7,0.7512770837959528,"{""type"":""MultiPoint"",""coordinates"":[]}"
8,8,0.8519785489648817,"{""type"":""MultiPoint"",""coordinates"":[]}"
9,9,0.9414385456033516,"{""type"":""MultiPoint"",""coordinates"":[]}"
