system:index,class,mean,.geo
0,0,0.02636662456184477,"{""type"":""MultiPoint"",""coordinates"":[]}"
1,1,0.14820089051529634,"{""type"":""MultiPoint"",""coordinates"":[]}"
2,2,0.25124727279546066,"{""type"":""MultiPoint"",""coordinates"":[]}"
3,3,0.3516334600717307,"{""type"":""MultiPoint"",""coordinates"":[]}"
4,4,0.44514910115001904,"{""type"":""MultiPoint"",""coordinates"":[]}"
5,5,0.5442319106219705,"{""type"":""MultiPoint"",""coordinates"":[]}"
6,6,0.6439658556377232,"{""type"":""MultiPoint"",""coordinates"":[]}"
7,7,0.7359578383600468,"{""type"":""MultiPoint"",""coordinates"":[]}"
8,8,,"{""type"":""MultiPoint"",""coordinates"":[]}"
9,9,,"{""type"":""MultiPoint"",""coordinates"":[]}"
