system:index,class,mean,.geo
0,0,0.030153282945176184,"{""type"":""MultiPoint"",""coordinates"":[]}"
1,1,0.14834985307118853,"{""type"":""MultiPoint"",""coordinates"":[]}"
2,2,0.24499225657701126,"{""type"":""MultiPoint"",""coordinates"":[]}"
3,3,0.3475206483013562,"{""type"":""MultiPoint"",""coordinates"":[]}"
4,4,0.44925011965878187,"{""type"":""MultiPoint"",""coordinates"":[]}"
5,5,0.5497338083464706,"{""type"":""MultiPoint"",""coordinates"":[]}"
6,6,0.6522162532077138,"{""type"":""MultiPoint"",""coordinates"":[]}"
7,7,0.7490022262546963,"{""type"":""MultiPoint"",""coordinates"":[]}"
8,8,0.8474976937443618,"{""type"":""MultiPoint"",""coordinates"":[]}"
9,9,0.945991756329123,"{""type"":""MultiPoint"",""coordinates"":[]}"
