system:index,class,mean,.geo
0,0,0.026957190868970464,"{""type"":""MultiPoint"",""coordinates"":[]}"
1,1,0.1447018843268863,"{""type"":""MultiPoint"",""coordinates"":[]}"
2,2,0.24798347449301011,"{""type"":""MultiPoint"",""coordinates"":[]}"
3,3,0.3486807162652245,"{""type"":""MultiPoint"",""coordinates"":[]}"
4,4,0.44776558377380404,"{""type"":""MultiPoint"",""coordinates"":[]}"
5,5,0.5481333712275345,"{""type"":""MultiPoint"",""coordinates"":[]}"
6,6,0.6493708248554648,"{""type"":""MultiPoint"",""coordinates"":[]}"
7,7,0.7463481387924656,"{""type"":""MultiPoint"",""coordinates"":[]}"
8,8,0.8502323272086968,"{""type"":""MultiPoint"",""coordinates"":[]}"
9,9,0.9515412837367264,"{""type"":""MultiPoint"",""coordinates"":[]}"
