system:index,class,mean,.geo
0,0,0.02437346602617696,"{""type"":""MultiPoint"",""coordinates"":[]}"
1,1,0.14892102452236589,"{""type"":""MultiPoint"",""coordinates"":[]}"
2,2,0.2519790630358434,"{""type"":""MultiPoint"",""coordinates"":[]}"
3,3,0.3484211348864192,"{""type"":""MultiPoint"",""coordinates"":[]}"
4,4,0.4483157293395057,"{""type"":""MultiPoint"",""coordinates"":[]}"
5,5,0.5505273767845328,"{""type"":""MultiPoint"",""coordinates"":[]}"
6,6,0.6514074780732149,"{""type"":""MultiPoint"",""coordinates"":[]}"
7,7,0.7500075763488184,"{""type"":""MultiPoint"",""coordinates"":[]}"
8,8,0.84837359085543,"{""type"":""MultiPoint"",""coordinates"":[]}"
9,9,0.9326109785966734,"{""type"":""MultiPoint"",""coordinates"":[]}"
