system:index,class,mean,.geo
0,0,0.03737623667860852,"{""type"":""MultiPoint"",""coordinates"":[]}"
1,1,0.14872981952103098,"{""type"":""MultiPoint"",""coordinates"":[]}"
2,2,0.24914818198430025,"{""type"":""MultiPoint"",""coordinates"":[]}"
3,3,0.3504410161189474,"{""type"":""MultiPoint"",""coordinates"":[]}"
4,4,0.44865250810938345,"{""type"":""MultiPoint"",""coordinates"":[]}"
5,5,0.5454623521678905,"{""type"":""MultiPoint"",""coordinates"":[]}"
6,6,0.6474467205744298,"{""type"":""MultiPoint"",""coordinates"":[]}"
7,7,0.7512002886371758,"{""type"":""MultiPoint"",""coordinates"":[]}"
8,8,0.8485596454437413,"{""type"":""MultiPoint"",""coordinates"":[]}"
9,9,0.9470848312649516,"{""type"":""MultiPoint"",""coordinates"":[]}"
