system:index,class,mean,.geo
0,0,0.03292348423781348,"{""type"":""MultiPoint"",""coordinates"":[]}"
1,1,0.1414560424076999,"{""type"":""MultiPoint"",""coordinates"":[]}"
2,2,0.2448127659672264,"{""type"":""MultiPoint"",""coordinates"":[]}"
3,3,0.348367798592615,"{""type"":""MultiPoint"",""coordinates"":[]}"
4,4,0.45346359342210407,"{""type"":""MultiPoint"",""coordinates"":[]}"
5,5,0.5499619606053027,"{""type"":""MultiPoint"",""coordinates"":[]}"
6,6,0.6457776198478875,"{""type"":""MultiPoint"",""coordinates"":[]}"
7,7,0.7391143946617746,"{""type"":""MultiPoint"",""coordinates"":[]}"
8,8,0.8215174629343557,"{""type"":""MultiPoint"",""coordinates"":[]}"
9,9,,"{""type"":""MultiPoint"",""coordinates"":[]}"
