system:index,class,mean,.geo
0,0,0.03511279295113506,"{""type"":""MultiPoint"",""coordinates"":[]}"
1,1,0.1459844578574833,"{""type"":""MultiPoint"",""coordinates"":[]}"
2,2,0.24893721209992173,"{""type"":""MultiPoint"",""coordinates"":[]}"
3,3,0.35233983732348423,"{""type"":""MultiPoint"",""coordinates"":[]}"
4,4,0.44591647844408894,"{""type"":""MultiPoint"",""coordinates"":[]}"
5,5,0.5409886156999594,"{""type"":""MultiPoint"",""coordinates"":[]}"
6,6,0.6461431647933658,"{""type"":""MultiPoint"",""coordinates"":[]}"
7,7,0.7483837825501303,"{""type"":""MultiPoint"",""coordinates"":[]}"
8,8,0.8552631595306273,"{""type"":""MultiPoint"",""coordinates"":[]}"
9,9,0.9300585266399131,"{""type"":""MultiPoint"",""coordinates"":[]}"
