system:index,class,mean,.geo
0,0,0.026544272302273554,"{""type"":""MultiPoint"",""coordinates"":[]}"
1,1,0.14684921931206651,"{""type"":""MultiPoint"",""coordinates"":[]}"
2,2,0.2464937249806435,"{""type"":""MultiPoint"",""coordinates"":[]}"
3,3,0.3484360864411271,"{""type"":""MultiPoint"",""coordinates"":[]}"
4,4,0.4458535318461597,"{""type"":""MultiPoint"",""coordinates"":[]}"
5,5,0.5495435701652688,"{""type"":""MultiPoint"",""coordinates"":[]}"
6,6,0.6486634937348763,"{""type"":""MultiPoint"",""coordinates"":[]}"
7,7,0.7507921653300191,"{""type"":""MultiPoint"",""coordinates"":[]}"
8,8,0.8482474245805334,"{""type"":""MultiPoint"",""coordinates"":[]}"
9,9,0.9458771136008443,"{""type"":""MultiPoint"",""coordinates"":[]}"
