system:index,class,mean,.geo
0,0,0.024366506841033492,"{""type"":""MultiPoint"",""coordinates"":[]}"
1,1,0.1442256896364556,"{""type"":""MultiPoint"",""coordinates"":[]}"
2,2,0.24781771752022336,"{""type"":""MultiPoint"",""coordinates"":[]}"
3,3,0.35039795492322556,"{""type"":""MultiPoint"",""coordinates"":[]}"
4,4,0.44965192649029706,"{""type"":""MultiPoint"",""coordinates"":[]}"
5,5,0.5492088720254457,"{""type"":""MultiPoint"",""coordinates"":[]}"
6,6,0.6495303746197613,"{""type"":""MultiPoint"",""coordinates"":[]}"
7,7,0.7488421795365516,"{""type"":""MultiPoint"",""coordinates"":[]}"
8,8,0.8523000072061822,"{""type"":""MultiPoint"",""coordinates"":[]}"
9,9,0.943770327549295,"{""type"":""MultiPoint"",""coordinates"":[]}"
