system:index,class,mean,.geo
0,0,0.03891105221740725,"{""type"":""MultiPoint"",""coordinates"":[]}"
1,1,0.14798141088876937,"{""type"":""MultiPoint"",""coordinates"":[]}"
2,2,0.24727451460108676,"{""type"":""MultiPoint"",""coordinates"":[]}"
3,3,0.34819906722186134,"{""type"":""MultiPoint"",""coordinates"":[]}"
4,4,0.44528693415160836,"{""type"":""MultiPoint"",""coordinates"":[]}"
5,5,0.5498096496731677,"{""type"":""MultiPoint"",""coordinates"":[]}"
6,6,0.6458171422582752,"{""type"":""MultiPoint"",""coordinates"":[]}"
7,7,0.7495027018318196,"{""type"":""MultiPoint"",""coordinates"":[]}"
8,8,0.8379614242977719,"{""type"":""MultiPoint"",""coordinates"":[]}"
9,9,0.9147261886947665,"{""type"":""MultiPoint"",""coordinates"":[]}"
