system:index,class,mean,.geo
0,0,0.029335245931752126,"{""type"":""MultiPoint"",""coordinates"":[]}"
1,1,0.14633408372219536,"{""type"":""MultiPoint"",""coordinates"":[]}"
2,2,0.2493768995744491,"{""type"":""MultiPoint"",""coordinates"":[]}"
3,3,0.3542471381627784,"{""type"":""MultiPoint"",""coordinates"":[]}"
4,4,0.4545299693327925,"{""type"":""MultiPoint"",""coordinates"":[]}"
5,5,0.5538338654660523,"{""type"":""MultiPoint"",""coordinates"":[]}"
6,6,0.6518704915752859,"{""type"":""MultiPoint"",""coordinates"":[]}"
7,7,0.7497765745071029,"{""type"":""MultiPoint"",""coordinates"":[]}"
8,8,0.8447354309816915,"{""type"":""MultiPoint"",""coordinates"":[]}"
9,9,0.9409015244966231,"{""type"":""MultiPoint"",""coordinates"":[]}"
