system:index,class,mean,.geo
0,0,0.03144664766547209,"{""type"":""MultiPoint"",""coordinates"":[]}"
1,1,0.1508431974766771,"{""type"":""MultiPoint"",""coordinates"":[]}"
2,2,0.24502595726477264,"{""type"":""MultiPoint"",""coordinates"":[]}"
3,3,0.34792120365408574,"{""type"":""MultiPoint"",""coordinates"":[]}"
4,4,0.44501856451942884,"{""type"":""MultiPoint"",""coordinates"":[]}"
5,5,0.5447458454830049,"{""type"":""MultiPoint"",""coordinates"":[]}"
6,6,0.6451166832670425,"{""type"":""MultiPoint"",""coordinates"":[]}"
7,7,0.7498210207318149,"{""type"":""MultiPoint"",""coordinates"":[]}"
8,8,0.8529973957248012,"{""type"":""MultiPoint"",""coordinates"":[]}"
9,9,0.9456137806572885,"{""type"":""MultiPoint"",""coordinates"":[]}"
