system:index,class,mean,.geo
0,0,0.02393421095212464,"{""type"":""MultiPoint"",""coordinates"":[]}"
1,1,0.14395548767743316,"{""type"":""MultiPoint"",""coordinates"":[]}"
2,2,0.2485369720789492,"{""type"":""MultiPoint"",""coordinates"":[]}"
3,3,0.34924859411535925,"{""type"":""MultiPoint"",""coordinates"":[]}"
4,4,0.4496335799266266,"{""type"":""MultiPoint"",""coordinates"":[]}"
5,5,0.5504604502550834,"{""type"":""MultiPoint"",""coordinates"":[]}"
6,6,0.649617938335948,"{""type"":""MultiPoint"",""coordinates"":[]}"
7,7,0.7532730447698001,"{""type"":""MultiPoint"",""coordinates"":[]}"
8,8,0.8525006741178845,"{""type"":""MultiPoint"",""coordinates"":[]}"
9,9,0.95114066515784,"{""type"":""MultiPoint"",""coordinates"":[]}"
