system:index,class,mean,.geo
0,0,0.0331404568074026,"{""type"":""MultiPoint"",""coordinates"":[]}"
1,1,0.14824765369385606,"{""type"":""MultiPoint"",""coordinates"":[]}"
2,2,0.24860639188894196,"{""type"":""MultiPoint"",""coordinates"":[]}"
3,3,0.3478728812063004,"{""type"":""MultiPoint"",""coordinates"":[]}"
4,4,0.45022922181160413,"{""type"":""MultiPoint"",""coordinates"":[]}"
5,5,0.5502304216288445,"{""type"":""MultiPoint"",""coordinates"":[]}"
6,6,0.6493892721483059,"{""type"":""MultiPoint"",""coordinates"":[]}"
7,7,0.7491215664527795,"{""type"":""MultiPoint"",""coordinates"":[]}"
8,8,0.8567591412576028,"{""type"":""MultiPoint"",""coordinates"":[]}"
9,9,0.9444340876409707,"{""type"":""MultiPoint"",""coordinates"":[]}"
