system:index,class,mean,.geo
0,0,0.029485298768504264,"{""type"":""MultiPoint"",""coordinates"":[]}"
1,1,0.14813351541445133,"{""type"":""MultiPoint"",""coordinates"":[]}"
2,2,0.25026666997426533,"{""type"":""MultiPoint"",""coordinates"":[]}"
3,3,0.34794074025783256,"{""type"":""MultiPoint"",""coordinates"":[]}"
4,4,0.44690550051135913,"{""type"":""MultiPoint"",""coordinates"":[]}"
5,5,0.5512328714266582,"{""type"":""MultiPoint"",""coordinates"":[]}"
6,6,0.6483413734173333,"{""type"":""MultiPoint"",""coordinates"":[]}"
7,7,0.7509215176097523,"{""type"":""MultiPoint"",""coordinates"":[]}"
8,8,0.8471509119493774,"{""type"":""MultiPoint"",""coordinates"":[]}"
9,9,0.9288418459217707,"{""type"":""MultiPoint"",""coordinates"":[]}"
