system:index,class,mean,.geo
0,0,0.04315520243666059,"{""type"":""MultiPoint"",""coordinates"":[]}"
1,1,0.14517264990297699,"{""type"":""MultiPoint"",""coordinates"":[]}"
2,2,0.24567216217842455,"{""type"":""MultiPoint"",""coordinates"":[]}"
3,3,0.3518270895456835,"{""type"":""MultiPoint"",""coordinates"":[]}"
4,4,0.4477620957915858,"{""type"":""MultiPoint"",""coordinates"":[]}"
5,5,0.5493668933746245,"{""type"":""MultiPoint"",""coordinates"":[]}"
6,6,0.6466190272690887,"{""type"":""MultiPoint"",""coordinates"":[]}"
7,7,0.7481692036755673,"{""type"":""MultiPoint"",""coordinates"":[]}"
8,8,0.847403901173826,"{""type"":""MultiPoint"",""coordinates"":[]}"
9,9,0.9141747692401739,"{""type"":""MultiPoint"",""coordinates"":[]}"
