system:index,class,mean,.geo
0,0,0.040324671058592734,"{""type"":""MultiPoint"",""coordinates"":[]}"
1,1,0.1490568594900044,"{""type"":""MultiPoint"",""coordinates"":[]}"
2,2,0.24780824227570017,"{""type"":""MultiPoint"",""coordinates"":[]}"
3,3,0.34583993493746346,"{""type"":""MultiPoint"",""coordinates"":[]}"
4,4,0.4487570562354573,"{""type"":""MultiPoint"",""coordinates"":[]}"
5,5,0.5507219131474669,"{""type"":""MultiPoint"",""coordinates"":[]}"
6,6,0.6478291963146192,"{""type"":""MultiPoint"",""coordinates"":[]}"
7,7,0.7478070769163655,"{""type"":""MultiPoint"",""coordinates"":[]}"
8,8,0.8506145287476736,"{""type"":""MultiPoint"",""coordinates"":[]}"
9,9,0.945299399868058,"{""type"":""MultiPoint"",""coordinates"":[]}"
