system:index,class,mean,.geo
0,0,0.028235044822796374,"{""type"":""MultiPoint"",""coordinates"":[]}"
1,1,0.1476485642135726,"{""type"":""MultiPoint"",""coordinates"":[]}"
2,2,0.2506952838597623,"{""type"":""MultiPoint"",""coordinates"":[]}"
3,3,0.3488579870525836,"{""type"":""MultiPoint"",""coordinates"":[]}"
4,4,0.4480157661124092,"{""type"":""MultiPoint"",""coordinates"":[]}"
5,5,0.5511633511289761,"{""type"":""MultiPoint"",""coordinates"":[]}"
6,6,0.6540910703893384,"{""type"":""MultiPoint"",""coordinates"":[]}"
7,7,0.7513598185013426,"{""type"":""MultiPoint"",""coordinates"":[]}"
8,8,0.8535179383903024,"{""type"":""MultiPoint"",""coordinates"":[]}"
9,9,0.9243348469479391,"{""type"":""MultiPoint"",""coordinates"":[]}"
