system:index,class,mean,.geo
0,0,0.03061311084530085,"{""type"":""MultiPoint"",""coordinates"":[]}"
1,1,0.14903548987630522,"{""type"":""MultiPoint"",""coordinates"":[]}"
2,2,0.24607675715683483,"{""type"":""MultiPoint"",""coordinates"":[]}"
3,3,0.34649959537513275,"{""type"":""MultiPoint"",""coordinates"":[]}"
4,4,0.4482866094739142,"{""type"":""MultiPoint"",""coordinates"":[]}"
5,5,0.5482999771910378,"{""type"":""MultiPoint"",""coordinates"":[]}"
6,6,0.6507128485617973,"{""type"":""MultiPoint"",""coordinates"":[]}"
7,7,0.749328285370528,"{""type"":""MultiPoint"",""coordinates"":[]}"
8,8,0.8508318270259352,"{""type"":""MultiPoint"",""coordinates"":[]}"
9,9,0.9709094267044812,"{""type"":""MultiPoint"",""coordinates"":[]}"
