system:index,class,mean,.geo
0,0,0.043264521312489555,"{""type"":""MultiPoint"",""coordinates"":[]}"
1,1,0.1461870841309094,"{""type"":""MultiPoint"",""coordinates"":[]}"
2,2,0.2463828590825619,"{""type"":""MultiPoint"",""coordinates"":[]}"
3,3,0.34397474490678814,"{""type"":""MultiPoint"",""coordinates"":[]}"
4,4,0.44701835937114764,"{""type"":""MultiPoint"",""coordinates"":[]}"
5,5,0.5492191691097341,"{""type"":""MultiPoint"",""coordinates"":[]}"
6,6,0.6514493129393184,"{""type"":""MultiPoint"",""coordinates"":[]}"
7,7,0.7519949999809996,"{""type"":""MultiPoint"",""coordinates"":[]}"
8,8,0.8554454938284102,"{""type"":""MultiPoint"",""coordinates"":[]}"
9,9,0.9222338333191522,"{""type"":""MultiPoint"",""coordinates"":[]}"
