system:index,class,mean,.geo
0,0,0.036792940631768196,"{""type"":""MultiPoint"",""coordinates"":[]}"
1,1,0.14587016103352554,"{""type"":""MultiPoint"",""coordinates"":[]}"
2,2,0.24649565284084224,"{""type"":""MultiPoint"",""coordinates"":[]}"
3,3,0.3473537711860612,"{""type"":""MultiPoint"",""coordinates"":[]}"
4,4,0.44685170537670965,"{""type"":""MultiPoint"",""coordinates"":[]}"
5,5,0.5496442739758846,"{""type"":""MultiPoint"",""coordinates"":[]}"
6,6,0.6495039227996573,"{""type"":""MultiPoint"",""coordinates"":[]}"
7,7,0.7507239093182133,"{""type"":""MultiPoint"",""coordinates"":[]}"
8,8,0.8458741930621342,"{""type"":""MultiPoint"",""coordinates"":[]}"
9,9,0.9303644454456391,"{""type"":""MultiPoint"",""coordinates"":[]}"
