system:index,class,mean,.geo
0,0,0.029912977267965067,"{""type"":""MultiPoint"",""coordinates"":[]}"
1,1,0.14705486813025573,"{""type"":""MultiPoint"",""coordinates"":[]}"
2,2,0.24755786782808653,"{""type"":""MultiPoint"",""coordinates"":[]}"
3,3,0.3475483119321231,"{""type"":""MultiPoint"",""coordinates"":[]}"
4,4,0.4474597342588482,"{""type"":""MultiPoint"",""coordinates"":[]}"
5,5,0.5487553079778509,"{""type"":""MultiPoint"",""coordinates"":[]}"
6,6,0.6483352543541541,"{""type"":""MultiPoint"",""coordinates"":[]}"
7,7,0.7551070845645208,"{""type"":""MultiPoint"",""coordinates"":[]}"
8,8,0.8292965454872272,"{""type"":""MultiPoint"",""coordinates"":[]}"
9,9,0.8984218559099021,"{""type"":""MultiPoint"",""coordinates"":[]}"
