system:index,class,mean,.geo
0,0,0.028591268670131238,"{""type"":""MultiPoint"",""coordinates"":[]}"
1,1,0.1477327009936175,"{""type"":""MultiPoint"",""coordinates"":[]}"
2,2,0.24875181176521213,"{""type"":""MultiPoint"",""coordinates"":[]}"
3,3,0.3492142247728218,"{""type"":""MultiPoint"",""coordinates"":[]}"
4,4,0.4532310314119677,"{""type"":""MultiPoint"",""coordinates"":[]}"
5,5,0.5459442611185971,"{""type"":""MultiPoint"",""coordinates"":[]}"
6,6,0.6505901150204326,"{""type"":""MultiPoint"",""coordinates"":[]}"
7,7,0.7439759378483927,"{""type"":""MultiPoint"",""coordinates"":[]}"
8,8,0.8450040960557267,"{""type"":""MultiPoint"",""coordinates"":[]}"
9,9,0.9071712537930181,"{""type"":""MultiPoint"",""coordinates"":[]}"
