system:index,class,mean,.geo
0,0,0.04070336904352541,"{""type"":""MultiPoint"",""coordinates"":[]}"
1,1,0.14401246875096244,"{""type"":""MultiPoint"",""coordinates"":[]}"
2,2,0.24566709679575852,"{""type"":""MultiPoint"",""coordinates"":[]}"
3,3,0.347943285934103,"{""type"":""MultiPoint"",""coordinates"":[]}"
4,4,0.4478580003459919,"{""type"":""MultiPoint"",""coordinates"":[]}"
5,5,0.5490135280869024,"{""type"":""MultiPoint"",""coordinates"":[]}"
6,6,0.651702823105275,"{""type"":""MultiPoint"",""coordinates"":[]}"
7,7,0.7420028726504745,"{""type"":""MultiPoint"",""coordinates"":[]}"
8,8,0.8261933099358858,"{""type"":""MultiPoint"",""coordinates"":[]}"
9,9,,"{""type"":""MultiPoint"",""coordinates"":[]}"
