system:index,class,mean,.geo
0,0,0.029795073704789645,"{""type"":""MultiPoint"",""coordinates"":[]}"
1,1,0.14611897579664226,"{""type"":""MultiPoint"",""coordinates"":[]}"
2,2,0.2480574879955648,"{""type"":""MultiPoint"",""coordinates"":[]}"
3,3,0.34838707973839733,"{""type"":""MultiPoint"",""coordinates"":[]}"
4,4,0.4477723253496044,"{""type"":""MultiPoint"",""coordinates"":[]}"
5,5,0.5467646123581574,"{""type"":""MultiPoint"",""coordinates"":[]}"
6,6,0.6419774052586226,"{""type"":""MultiPoint"",""coordinates"":[]}"
7,7,0.7450425872373088,"{""type"":""MultiPoint"",""coordinates"":[]}"
8,8,0.8451292396564661,"{""type"":""MultiPoint"",""coordinates"":[]}"
9,9,0.9499138668409592,"{""type"":""MultiPoint"",""coordinates"":[]}"
