system:index,class,mean,.geo
0,0,0.030102381491310917,"{""type"":""MultiPoint"",""coordinates"":[]}"
1,1,0.14438926595499865,"{""type"":""MultiPoint"",""coordinates"":[]}"
2,2,0.25051628612610993,"{""type"":""MultiPoint"",""coordinates"":[]}"
3,3,0.3484176747717589,"{""type"":""MultiPoint"",""coordinates"":[]}"
4,4,0.448242159367802,"{""type"":""MultiPoint"",""coordinates"":[]}"
5,5,0.5512094011396002,"{""type"":""MultiPoint"",""coordinates"":[]}"
6,6,0.6484305626146046,"{""type"":""MultiPoint"",""coordinates"":[]}"
7,7,0.74468226649794,"{""type"":""MultiPoint"",""coordinates"":[]}"
8,8,0.843461447020473,"{""type"":""MultiPoint"",""coordinates"":[]}"
9,9,0.937739700891683,"{""type"":""MultiPoint"",""coordinates"":[]}"
