system:index,class,mean,.geo
0,0,0.048882741139626,"{""type"":""MultiPoint"",""coordinates"":[]}"
1,1,0.1448556823821529,"{""type"":""MultiPoint"",""coordinates"":[]}"
2,2,0.24648173775060214,"{""type"":""MultiPoint"",""coordinates"":[]}"
3,3,0.3478171995181293,"{""type"":""MultiPoint"",""coordinates"":[]}"
4,4,0.4469486887834818,"{""type"":""MultiPoint"",""coordinates"":[]}"
5,5,0.5491557929965954,"{""type"":""MultiPoint"",""coordinates"":[]}"
6,6,0.6479738901230968,"{""type"":""MultiPoint"",""coordinates"":[]}"
7,7,0.7505615995685042,"{""type"":""MultiPoint"",""coordinates"":[]}"
8,8,0.8481467283310377,"{""type"":""MultiPoint"",""coordinates"":[]}"
9,9,0.9580851660706883,"{""type"":""MultiPoint"",""coordinates"":[]}"
