system:index,class,mean,.geo
0,0,0.026824368142861887,"{""type"":""MultiPoint"",""coordinates"":[]}"
1,1,0.1484458952602661,"{""type"":""MultiPoint"",""coordinates"":[]}"
2,2,0.24979913748091212,"{""type"":""MultiPoint"",""coordinates"":[]}"
3,3,0.34769782736130445,"{""type"":""MultiPoint"",""coordinates"":[]}"
4,4,0.44667377289206045,"{""type"":""MultiPoint"",""coordinates"":[]}"
5,5,0.5483627435305846,"{""type"":""MultiPoint"",""coordinates"":[]}"
6,6,0.6522505261054852,"{""type"":""MultiPoint"",""coordinates"":[]}"
7,7,0.7471199363857444,"{""type"":""MultiPoint"",""coordinates"":[]}"
8,8,0.8560133101798879,"{""type"":""MultiPoint"",""coordinates"":[]}"
9,9,0.9210011284717297,"{""type"":""MultiPoint"",""coordinates"":[]}"
