system:index,class,mean,.geo
0,0,0.03402793303078156,"{""type"":""MultiPoint"",""coordinates"":[]}"
1,1,0.14989353834286154,"{""type"":""MultiPoint"",""coordinates"":[]}"
2,2,0.24643904317982765,"{""type"":""MultiPoint"",""coordinates"":[]}"
3,3,0.3476529421389013,"{""type"":""MultiPoint"",""coordinates"":[]}"
4,4,0.45001187580826585,"{""type"":""MultiPoint"",""coordinates"":[]}"
5,5,0.5491963825673939,"{""type"":""MultiPoint"",""coordinates"":[]}"
6,6,0.6520433186894099,"{""type"":""MultiPoint"",""coordinates"":[]}"
7,7,0.7478469986003815,"{""type"":""MultiPoint"",""coordinates"":[]}"
8,8,0.8469528540067263,"{""type"":""MultiPoint"",""coordinates"":[]}"
9,9,0.9444237226014018,"{""type"":""MultiPoint"",""coordinates"":[]}"
