system:index,class,mean,.geo
0,0,0.02278334607355608,"{""type"":""MultiPoint"",""coordinates"":[]}"
1,1,0.14753387483136038,"{""type"":""MultiPoint"",""coordinates"":[]}"
2,2,0.2481164802688228,"{""type"":""MultiPoint"",""coordinates"":[]}"
3,3,0.34905099703401765,"{""type"":""MultiPoint"",""coordinates"":[]}"
4,4,0.44637780624495266,"{""type"":""MultiPoint"",""coordinates"":[]}"
5,5,0.5484639458252867,"{""type"":""MultiPoint"",""coordinates"":[]}"
6,6,0.649315111220533,"{""type"":""MultiPoint"",""coordinates"":[]}"
7,7,0.747310620760128,"{""type"":""MultiPoint"",""coordinates"":[]}"
8,8,0.8465122988688988,"{""type"":""MultiPoint"",""coordinates"":[]}"
9,9,0.9310182036614076,"{""type"":""MultiPoint"",""coordinates"":[]}"
