system:index,class,mean,.geo
0,0,0.0434793096112005,"{""type"":""MultiPoint"",""coordinates"":[]}"
1,1,0.14852429630463482,"{""type"":""MultiPoint"",""coordinates"":[]}"
2,2,0.24667226325267524,"{""type"":""MultiPoint"",""coordinates"":[]}"
3,3,0.3449543284137284,"{""type"":""MultiPoint"",""coordinates"":[]}"
4,4,0.44580611580766055,"{""type"":""MultiPoint"",""coordinates"":[]}"
5,5,0.5469229573087383,"{""type"":""MultiPoint"",""coordinates"":[]}"
6,6,0.6502464171961773,"{""type"":""MultiPoint"",""coordinates"":[]}"
7,7,0.7493264456977629,"{""type"":""MultiPoint"",""coordinates"":[]}"
8,8,0.8496840540387428,"{""type"":""MultiPoint"",""coordinates"":[]}"
9,9,0.9508710872247803,"{""type"":""MultiPoint"",""coordinates"":[]}"
