system:index,class,mean,.geo
0,0,0.028303847397462722,"{""type"":""MultiPoint"",""coordinates"":[]}"
1,1,0.14650407554052833,"{""type"":""MultiPoint"",""coordinates"":[]}"
2,2,0.2486985079597058,"{""type"":""MultiPoint"",""coordinates"":[]}"
3,3,0.34758026423922195,"{""type"":""MultiPoint"",""coordinates"":[]}"
4,4,0.44761863259613216,"{""type"":""MultiPoint"",""coordinates"":[]}"
5,5,0.549907554748516,"{""type"":""MultiPoint"",""coordinates"":[]}"
6,6,0.6496032178973403,"{""type"":""MultiPoint"",""coordinates"":[]}"
7,7,0.7480292551242734,"{""type"":""MultiPoint"",""coordinates"":[]}"
8,8,0.8449368323288957,"{""type"":""MultiPoint"",""coordinates"":[]}"
9,9,0.9405404516191267,"{""type"":""MultiPoint"",""coordinates"":[]}"
