system:index,class,mean,.geo
0,0,0.026613818913093546,"{""type"":""MultiPoint"",""coordinates"":[]}"
1,1,0.14545467565015435,"{""type"":""MultiPoint"",""coordinates"":[]}"
2,2,0.24559310386077413,"{""type"":""MultiPoint"",""coordinates"":[]}"
3,3,0.349976966577462,"{""type"":""MultiPoint"",""coordinates"":[]}"
4,4,0.4465672146006524,"{""type"":""MultiPoint"",""coordinates"":[]}"
5,5,0.5512843937395966,"{""type"":""MultiPoint"",""coordinates"":[]}"
6,6,0.6528018283983555,"{""type"":""MultiPoint"",""coordinates"":[]}"
7,7,0.7533824933133417,"{""type"":""MultiPoint"",""coordinates"":[]}"
8,8,0.8460022728023457,"{""type"":""MultiPoint"",""coordinates"":[]}"
9,9,0.9225877620463693,"{""type"":""MultiPoint"",""coordinates"":[]}"
