system:index,class,mean,.geo
0,0,0.043617521883802815,"{""type"":""MultiPoint"",""coordinates"":[]}"
1,1,0.1500058801569499,"{""type"":""MultiPoint"",""coordinates"":[]}"
2,2,0.2445221077924536,"{""type"":""MultiPoint"",""coordinates"":[]}"
3,3,0.34586512716398604,"{""type"":""MultiPoint"",""coordinates"":[]}"
4,4,0.4449522644500482,"{""type"":""MultiPoint"",""coordinates"":[]}"
5,5,0.5471094991250398,"{""type"":""MultiPoint"",""coordinates"":[]}"
6,6,0.6521874535473864,"{""type"":""MultiPoint"",""coordinates"":[]}"
7,7,0.7533848730016274,"{""type"":""MultiPoint"",""coordinates"":[]}"
8,8,0.8568445574960752,"{""type"":""MultiPoint"",""coordinates"":[]}"
9,9,0.9243140546323496,"{""type"":""MultiPoint"",""coordinates"":[]}"
