system:index,class,mean,.geo
0,0,0.04361510544281235,"{""type"":""MultiPoint"",""coordinates"":[]}"
1,1,0.15115399257037157,"{""type"":""MultiPoint"",""coordinates"":[]}"
2,2,0.24476354108945483,"{""type"":""MultiPoint"",""coordinates"":[]}"
3,3,0.34743970152269876,"{""type"":""MultiPoint"",""coordinates"":[]}"
4,4,0.44663411718278745,"{""type"":""MultiPoint"",""coordinates"":[]}"
5,5,0.5498562796453849,"{""type"":""MultiPoint"",""coordinates"":[]}"
6,6,0.6500168000915038,"{""type"":""MultiPoint"",""coordinates"":[]}"
7,7,0.7494976372246764,"{""type"":""MultiPoint"",""coordinates"":[]}"
8,8,0.8362798917340377,"{""type"":""MultiPoint"",""coordinates"":[]}"
9,9,0.9055802055727594,"{""type"":""MultiPoint"",""coordinates"":[]}"
