system:index,class,mean,.geo
0,0,0.05088202021522234,"{""type"":""MultiPoint"",""coordinates"":[]}"
1,1,0.1428070123979048,"{""type"":""MultiPoint"",""coordinates"":[]}"
2,2,0.2446777109935509,"{""type"":""MultiPoint"",""coordinates"":[]}"
3,3,0.3447222746770433,"{""type"":""MultiPoint"",""coordinates"":[]}"
4,4,0.4451577542211014,"{""type"":""MultiPoint"",""coordinates"":[]}"
5,5,0.5466222639444087,"{""type"":""MultiPoint"",""coordinates"":[]}"
6,6,0.6483701057026349,"{""type"":""MultiPoint"",""coordinates"":[]}"
7,7,0.7496544411536733,"{""type"":""MultiPoint"",""coordinates"":[]}"
8,8,0.8501376174852564,"{""type"":""MultiPoint"",""coordinates"":[]}"
9,9,0.9309666244681204,"{""type"":""MultiPoint"",""coordinates"":[]}"
