system:index,class,mean,.geo
0,0,0.030938515898732918,"{""type"":""MultiPoint"",""coordinates"":[]}"
1,1,0.14612721555095914,"{""type"":""MultiPoint"",""coordinates"":[]}"
2,2,0.24783554178826195,"{""type"":""MultiPoint"",""coordinates"":[]}"
3,3,0.3475671142474683,"{""type"":""MultiPoint"",""coordinates"":[]}"
4,4,0.4458854866786001,"{""type"":""MultiPoint"",""coordinates"":[]}"
5,5,0.5488612568789555,"{""type"":""MultiPoint"",""coordinates"":[]}"
6,6,0.6493501105857555,"{""type"":""MultiPoint"",""coordinates"":[]}"
7,7,0.7445038184076506,"{""type"":""MultiPoint"",""coordinates"":[]}"
8,8,0.8483249605518166,"{""type"":""MultiPoint"",""coordinates"":[]}"
9,9,0.9254646281555531,"{""type"":""MultiPoint"",""coordinates"":[]}"
