system:index,class,mean,.geo
0,0,0.020772542702088795,"{""type"":""MultiPoint"",""coordinates"":[]}"
1,1,0.15100972688905295,"{""type"":""MultiPoint"",""coordinates"":[]}"
2,2,0.24677114415940485,"{""type"":""MultiPoint"",""coordinates"":[]}"
3,3,0.34670534676355436,"{""type"":""MultiPoint"",""coordinates"":[]}"
4,4,0.44646460206527705,"{""type"":""MultiPoint"",""coordinates"":[]}"
5,5,0.5477604452170041,"{""type"":""MultiPoint"",""coordinates"":[]}"
6,6,0.6471917310133454,"{""type"":""MultiPoint"",""coordinates"":[]}"
7,7,0.7490162378559316,"{""type"":""MultiPoint"",""coordinates"":[]}"
8,8,0.8499242881333108,"{""type"":""MultiPoint"",""coordinates"":[]}"
9,9,0.9565694605971286,"{""type"":""MultiPoint"",""coordinates"":[]}"
