system:index,class,mean,.geo
0,0,0.025613186575764314,"{""type"":""MultiPoint"",""coordinates"":[]}"
1,1,0.15113213180224516,"{""type"":""MultiPoint"",""coordinates"":[]}"
2,2,0.24664128447810832,"{""type"":""MultiPoint"",""coordinates"":[]}"
3,3,0.3486710405690785,"{""type"":""MultiPoint"",""coordinates"":[]}"
4,4,0.45174584411642765,"{""type"":""MultiPoint"",""coordinates"":[]}"
5,5,0.5493642753289737,"{""type"":""MultiPoint"",""coordinates"":[]}"
6,6,0.6487890926059272,"{""type"":""MultiPoint"",""coordinates"":[]}"
7,7,0.7512478656633811,"{""type"":""MultiPoint"",""coordinates"":[]}"
8,8,0.855114591585663,"{""type"":""MultiPoint"",""coordinates"":[]}"
9,9,0.9646633006578984,"{""type"":""MultiPoint"",""coordinates"":[]}"
