system:index,class,mean,.geo
0,0,0.034458673186052814,"{""type"":""MultiPoint"",""coordinates"":[]}"
1,1,0.14490205128051692,"{""type"":""MultiPoint"",""coordinates"":[]}"
2,2,0.24626437508132007,"{""type"":""MultiPoint"",""coordinates"":[]}"
3,3,0.35050143186758065,"{""type"":""MultiPoint"",""coordinates"":[]}"
4,4,0.4447396892909506,"{""type"":""MultiPoint"",""coordinates"":[]}"
5,5,0.5510871114370829,"{""type"":""MultiPoint"",""coordinates"":[]}"
6,6,0.651190539597142,"{""type"":""MultiPoint"",""coordinates"":[]}"
7,7,0.7474218410149273,"{""type"":""MultiPoint"",""coordinates"":[]}"
8,8,0.8462993231157024,"{""type"":""MultiPoint"",""coordinates"":[]}"
9,9,0.9087935907649702,"{""type"":""MultiPoint"",""coordinates"":[]}"
