system:index,class,mean,.geo
0,0,0.03088921121859668,"{""type"":""MultiPoint"",""coordinates"":[]}"
1,1,0.14922239847540705,"{""type"":""MultiPoint"",""coordinates"":[]}"
2,2,0.24810815142629497,"{""type"":""MultiPoint"",""coordinates"":[]}"
3,3,0.3468982205985025,"{""type"":""MultiPoint"",""coordinates"":[]}"
4,4,0.4505495119334881,"{""type"":""MultiPoint"",""coordinates"":[]}"
5,5,0.5480733884486415,"{""type"":""MultiPoint"",""coordinates"":[]}"
6,6,0.6534814198644574,"{""type"":""MultiPoint"",""coordinates"":[]}"
7,7,0.7508604728172555,"{""type"":""MultiPoint"",""coordinates"":[]}"
8,8,0.8486950165673552,"{""type"":""MultiPoint"",""coordinates"":[]}"
9,9,0.9446924769410825,"{""type"":""MultiPoint"",""coordinates"":[]}"
