system:index,class,mean,.geo
0,0,0.022395947323614433,"{""type"":""MultiPoint"",""coordinates"":[]}"
1,1,0.14617658728374053,"{""type"":""MultiPoint"",""coordinates"":[]}"
2,2,0.2449981049055836,"{""type"":""MultiPoint"",""coordinates"":[]}"
3,3,0.3505422665654508,"{""type"":""MultiPoint"",""coordinates"":[]}"
4,4,0.452354185665363,"{""type"":""MultiPoint"",""coordinates"":[]}"
5,5,0.5525399904514717,"{""type"":""MultiPoint"",""coordinates"":[]}"
6,6,0.6552186625217736,"{""type"":""MultiPoint"",""coordinates"":[]}"
7,7,0.744146977713863,"{""type"":""MultiPoint"",""coordinates"":[]}"
8,8,0.8474990726853915,"{""type"":""MultiPoint"",""coordinates"":[]}"
9,9,0.936073231221136,"{""type"":""MultiPoint"",""coordinates"":[]}"
