system:index,class,mean,.geo
0,0,0.02182934688090224,"{""type"":""MultiPoint"",""coordinates"":[]}"
1,1,0.14445613875351598,"{""type"":""MultiPoint"",""coordinates"":[]}"
2,2,0.2478998908894043,"{""type"":""MultiPoint"",""coordinates"":[]}"
3,3,0.3480647802900902,"{""type"":""MultiPoint"",""coordinates"":[]}"
4,4,0.4450258709779694,"{""type"":""MultiPoint"",""coordinates"":[]}"
5,5,0.5473361794213529,"{""type"":""MultiPoint"",""coordinates"":[]}"
6,6,0.648806603940977,"{""type"":""MultiPoint"",""coordinates"":[]}"
7,7,0.7443475774709265,"{""type"":""MultiPoint"",""coordinates"":[]}"
8,8,0.824748735957027,"{""type"":""MultiPoint"",""coordinates"":[]}"
9,9,0.902609788909616,"{""type"":""MultiPoint"",""coordinates"":[]}"
