system:index,class,mean,.geo
0,0,0.025436356722030484,"{""type"":""MultiPoint"",""coordinates"":[]}"
1,1,0.14896030373803879,"{""type"":""MultiPoint"",""coordinates"":[]}"
2,2,0.24681134820449727,"{""type"":""MultiPoint"",""coordinates"":[]}"
3,3,0.34705885394516955,"{""type"":""MultiPoint"",""coordinates"":[]}"
4,4,0.44803235362070154,"{""type"":""MultiPoint"",""coordinates"":[]}"
5,5,0.5481858734505761,"{""type"":""MultiPoint"",""coordinates"":[]}"
6,6,0.6482899139819747,"{""type"":""MultiPoint"",""coordinates"":[]}"
7,7,0.7494629204585006,"{""type"":""MultiPoint"",""coordinates"":[]}"
8,8,0.8520266763280038,"{""type"":""MultiPoint"",""coordinates"":[]}"
9,9,0.9408668330928226,"{""type"":""MultiPoint"",""coordinates"":[]}"
