system:index,class,mean,.geo
0,0,0.059124347381197845,"{""type"":""MultiPoint"",""coordinates"":[]}"
1,1,0.14884296205737244,"{""type"":""MultiPoint"",""coordinates"":[]}"
2,2,0.2446229795975046,"{""type"":""MultiPoint"",""coordinates"":[]}"
3,3,0.3483039109001093,"{""type"":""MultiPoint"",""coordinates"":[]}"
4,4,0.44596710323870337,"{""type"":""MultiPoint"",""coordinates"":[]}"
5,5,0.5477835979636628,"{""type"":""MultiPoint"",""coordinates"":[]}"
6,6,0.65592848921086,"{""type"":""MultiPoint"",""coordinates"":[]}"
7,7,0.7487322844483283,"{""type"":""MultiPoint"",""coordinates"":[]}"
8,8,0.8475506284859647,"{""type"":""MultiPoint"",""coordinates"":[]}"
9,9,0.9664017690554871,"{""type"":""MultiPoint"",""coordinates"":[]}"
