system:index,class,mean,.geo
0,0,0.011472877399513191,"{""type"":""MultiPoint"",""coordinates"":[]}"
1,1,0.15455848990567025,"{""type"":""MultiPoint"",""coordinates"":[]}"
2,2,0.24860062163483757,"{""type"":""MultiPoint"",""coordinates"":[]}"
3,3,0.3483604382924072,"{""type"":""MultiPoint"",""coordinates"":[]}"
4,4,0.4483034127104746,"{""type"":""MultiPoint"",""coordinates"":[]}"
5,5,0.5487540577366646,"{""type"":""MultiPoint"",""coordinates"":[]}"
6,6,0.6489509139329334,"{""type"":""MultiPoint"",""coordinates"":[]}"
7,7,0.7496899806249337,"{""type"":""MultiPoint"",""coordinates"":[]}"
8,8,0.8498807412003225,"{""type"":""MultiPoint"",""coordinates"":[]}"
9,9,0.93744588397265,"{""type"":""MultiPoint"",""coordinates"":[]}"
