system:index,class,mean,.geo
0,0,0.02836892826704713,"{""type"":""MultiPoint"",""coordinates"":[]}"
1,1,0.14649315966679025,"{""type"":""MultiPoint"",""coordinates"":[]}"
2,2,0.24756275633544486,"{""type"":""MultiPoint"",""coordinates"":[]}"
3,3,0.3493564031913256,"{""type"":""MultiPoint"",""coordinates"":[]}"
4,4,0.44886793976654543,"{""type"":""MultiPoint"",""coordinates"":[]}"
5,5,0.5504733969197916,"{""type"":""MultiPoint"",""coordinates"":[]}"
6,6,0.6513021155763237,"{""type"":""MultiPoint"",""coordinates"":[]}"
7,7,0.7486062611269731,"{""type"":""MultiPoint"",""coordinates"":[]}"
8,8,0.83665973383484,"{""type"":""MultiPoint"",""coordinates"":[]}"
9,9,0.9270266310402959,"{""type"":""MultiPoint"",""coordinates"":[]}"
