system:index,class,mean,.geo
0,0,0.08063377789141415,"{""type"":""MultiPoint"",""coordinates"":[]}"
1,1,0.1391505543136993,"{""type"":""MultiPoint"",""coordinates"":[]}"
2,2,0.24418000924807354,"{""type"":""MultiPoint"",""coordinates"":[]}"
3,3,0.3438768012209144,"{""type"":""MultiPoint"",""coordinates"":[]}"
4,4,0.4460002291598712,"{""type"":""MultiPoint"",""coordinates"":[]}"
5,5,0.5440853580892604,"{""type"":""MultiPoint"",""coordinates"":[]}"
6,6,0.6479631722916677,"{""type"":""MultiPoint"",""coordinates"":[]}"
7,7,0.748409652503153,"{""type"":""MultiPoint"",""coordinates"":[]}"
8,8,0.852310933965581,"{""type"":""MultiPoint"",""coordinates"":[]}"
9,9,0.9494994061212083,"{""type"":""MultiPoint"",""coordinates"":[]}"
