system:index,class,mean,.geo
0,0,0.03889253157865689,"{""type"":""MultiPoint"",""coordinates"":[]}"
1,1,0.14901121273652154,"{""type"":""MultiPoint"",""coordinates"":[]}"
2,2,0.2482206257812567,"{""type"":""MultiPoint"",""coordinates"":[]}"
3,3,0.3463359823545372,"{""type"":""MultiPoint"",""coordinates"":[]}"
4,4,0.45111835221659896,"{""type"":""MultiPoint"",""coordinates"":[]}"
5,5,0.55021484303128,"{""type"":""MultiPoint"",""coordinates"":[]}"
6,6,0.6476380199598437,"{""type"":""MultiPoint"",""coordinates"":[]}"
7,7,0.7482927292200445,"{""type"":""MultiPoint"",""coordinates"":[]}"
8,8,0.8496734549245443,"{""type"":""MultiPoint"",""coordinates"":[]}"
9,9,0.9571823154070102,"{""type"":""MultiPoint"",""coordinates"":[]}"
