system:index,class,mean,.geo
0,0,0.02351903692418011,"{""type"":""MultiPoint"",""coordinates"":[]}"
1,1,0.14731907710141184,"{""type"":""MultiPoint"",""coordinates"":[]}"
2,2,0.24880833047042542,"{""type"":""MultiPoint"",""coordinates"":[]}"
3,3,0.3530119983925008,"{""type"":""MultiPoint"",""coordinates"":[]}"
4,4,0.45159835354847294,"{""type"":""MultiPoint"",""coordinates"":[]}"
5,5,0.5494258296025136,"{""type"":""MultiPoint"",""coordinates"":[]}"
6,6,0.6509845734675744,"{""type"":""MultiPoint"",""coordinates"":[]}"
7,7,0.7505161988202312,"{""type"":""MultiPoint"",""coordinates"":[]}"
8,8,0.8518499393280929,"{""type"":""MultiPoint"",""coordinates"":[]}"
9,9,0.9195798611671103,"{""type"":""MultiPoint"",""coordinates"":[]}"
