system:index,class,mean,.geo
0,0,0.03119382803214239,"{""type"":""MultiPoint"",""coordinates"":[]}"
1,1,0.14728741381405627,"{""type"":""MultiPoint"",""coordinates"":[]}"
2,2,0.2474526485457713,"{""type"":""MultiPoint"",""coordinates"":[]}"
3,3,0.34768369343979827,"{""type"":""MultiPoint"",""coordinates"":[]}"
4,4,0.44823025973727154,"{""type"":""MultiPoint"",""coordinates"":[]}"
5,5,0.5474442151823934,"{""type"":""MultiPoint"",""coordinates"":[]}"
6,6,0.6493581080052397,"{""type"":""MultiPoint"",""coordinates"":[]}"
7,7,0.7496056935926888,"{""type"":""MultiPoint"",""coordinates"":[]}"
8,8,0.8502902349358465,"{""type"":""MultiPoint"",""coordinates"":[]}"
9,9,0.9518184016103078,"{""type"":""MultiPoint"",""coordinates"":[]}"
