system:index,class,mean,.geo
0,0,0.0361484093257131,"{""type"":""MultiPoint"",""coordinates"":[]}"
1,1,0.14350401980841043,"{""type"":""MultiPoint"",""coordinates"":[]}"
2,2,0.24830431355024798,"{""type"":""MultiPoint"",""coordinates"":[]}"
3,3,0.3470266616568144,"{""type"":""MultiPoint"",""coordinates"":[]}"
4,4,0.44929438690052265,"{""type"":""MultiPoint"",""coordinates"":[]}"
5,5,0.5484231111039808,"{""type"":""MultiPoint"",""coordinates"":[]}"
6,6,0.6507136329636333,"{""type"":""MultiPoint"",""coordinates"":[]}"
7,7,0.750777622682168,"{""type"":""MultiPoint"",""coordinates"":[]}"
8,8,0.8501248220477228,"{""type"":""MultiPoint"",""coordinates"":[]}"
9,9,0.9206156242580441,"{""type"":""MultiPoint"",""coordinates"":[]}"
