system:index,class,mean,.geo
0,0,0.04399583716770865,"{""type"":""MultiPoint"",""coordinates"":[]}"
1,1,0.14718075685496185,"{""type"":""MultiPoint"",""coordinates"":[]}"
2,2,0.2500845548396375,"{""type"":""MultiPoint"",""coordinates"":[]}"
3,3,0.34616483902160033,"{""type"":""MultiPoint"",""coordinates"":[]}"
4,4,0.4507168162292105,"{""type"":""MultiPoint"",""coordinates"":[]}"
5,5,0.5394164049713687,"{""type"":""MultiPoint"",""coordinates"":[]}"
6,6,0.645901484527404,"{""type"":""MultiPoint"",""coordinates"":[]}"
7,7,0.7422676771113284,"{""type"":""MultiPoint"",""coordinates"":[]}"
8,8,0.8415870859248838,"{""type"":""MultiPoint"",""coordinates"":[]}"
9,9,0.9116706195476125,"{""type"":""MultiPoint"",""coordinates"":[]}"
