system:index,class,mean,.geo
0,0,0.02648053969459379,"{""type"":""MultiPoint"",""coordinates"":[]}"
1,1,0.14933808183237526,"{""type"":""MultiPoint"",""coordinates"":[]}"
2,2,0.2485658200460496,"{""type"":""MultiPoint"",""coordinates"":[]}"
3,3,0.35176313987366337,"{""type"":""MultiPoint"",""coordinates"":[]}"
4,4,0.4492799783981436,"{""type"":""MultiPoint"",""coordinates"":[]}"
5,5,0.5487414980923733,"{""type"":""MultiPoint"",""coordinates"":[]}"
6,6,0.643459126584743,"{""type"":""MultiPoint"",""coordinates"":[]}"
7,7,0.7414214843022369,"{""type"":""MultiPoint"",""coordinates"":[]}"
8,8,0.834040211310423,"{""type"":""MultiPoint"",""coordinates"":[]}"
9,9,0.9002104587234722,"{""type"":""MultiPoint"",""coordinates"":[]}"
