system:index,class,mean,.geo
0,0,0.03220709343111764,"{""type"":""MultiPoint"",""coordinates"":[]}"
1,1,0.14750262108992937,"{""type"":""MultiPoint"",""coordinates"":[]}"
2,2,0.24832024547793774,"{""type"":""MultiPoint"",""coordinates"":[]}"
3,3,0.3497761954145503,"{""type"":""MultiPoint"",""coordinates"":[]}"
4,4,0.44793649030520843,"{""type"":""MultiPoint"",""coordinates"":[]}"
5,5,0.5483593329669488,"{""type"":""MultiPoint"",""coordinates"":[]}"
6,6,0.6469580158093953,"{""type"":""MultiPoint"",""coordinates"":[]}"
7,7,0.7502873841676915,"{""type"":""MultiPoint"",""coordinates"":[]}"
8,8,0.8546798451811226,"{""type"":""MultiPoint"",""coordinates"":[]}"
9,9,,"{""type"":""MultiPoint"",""coordinates"":[]}"
