system:index,class,mean,.geo
0,0,0.03194138776532175,"{""type"":""MultiPoint"",""coordinates"":[]}"
1,1,0.14528655065857954,"{""type"":""MultiPoint"",""coordinates"":[]}"
2,2,0.2450908472187593,"{""type"":""MultiPoint"",""coordinates"":[]}"
3,3,0.3499799651405876,"{""type"":""MultiPoint"",""coordinates"":[]}"
4,4,0.44528982397469646,"{""type"":""MultiPoint"",""coordinates"":[]}"
5,5,0.544235431251059,"{""type"":""MultiPoint"",""coordinates"":[]}"
6,6,0.646745246942135,"{""type"":""MultiPoint"",""coordinates"":[]}"
7,7,0.7417714348306191,"{""type"":""MultiPoint"",""coordinates"":[]}"
8,8,0.8429651570936704,"{""type"":""MultiPoint"",""coordinates"":[]}"
9,9,0.943594712012522,"{""type"":""MultiPoint"",""coordinates"":[]}"
