system:index,class,mean,.geo
0,0,0.043182783126023354,"{""type"":""MultiPoint"",""coordinates"":[]}"
1,1,0.14844509601448544,"{""type"":""MultiPoint"",""coordinates"":[]}"
2,2,0.2458867281342161,"{""type"":""MultiPoint"",""coordinates"":[]}"
3,3,0.34551547465979726,"{""type"":""MultiPoint"",""coordinates"":[]}"
4,4,0.4479457622777534,"{""type"":""MultiPoint"",""coordinates"":[]}"
5,5,0.5511197732100768,"{""type"":""MultiPoint"",""coordinates"":[]}"
6,6,0.6502572031680522,"{""type"":""MultiPoint"",""coordinates"":[]}"
7,7,0.7512217525827046,"{""type"":""MultiPoint"",""coordinates"":[]}"
8,8,0.8540164610557321,"{""type"":""MultiPoint"",""coordinates"":[]}"
9,9,0.9337426717819155,"{""type"":""MultiPoint"",""coordinates"":[]}"
