system:index,class,mean,.geo
0,0,0.027943884116348395,"{""type"":""MultiPoint"",""coordinates"":[]}"
1,1,0.1473359450770456,"{""type"":""MultiPoint"",""coordinates"":[]}"
2,2,0.2498079722217579,"{""type"":""MultiPoint"",""coordinates"":[]}"
3,3,0.34657776056532763,"{""type"":""MultiPoint"",""coordinates"":[]}"
4,4,0.4505849616790054,"{""type"":""MultiPoint"",""coordinates"":[]}"
5,5,0.552136418473677,"{""type"":""MultiPoint"",""coordinates"":[]}"
6,6,0.6514959039719608,"{""type"":""MultiPoint"",""coordinates"":[]}"
7,7,0.748823398720738,"{""type"":""MultiPoint"",""coordinates"":[]}"
8,8,0.8489036898178497,"{""type"":""MultiPoint"",""coordinates"":[]}"
9,9,0.9502411090440392,"{""type"":""MultiPoint"",""coordinates"":[]}"
