system:index,class,mean,.geo
0,0,0.034086338611641634,"{""type"":""MultiPoint"",""coordinates"":[]}"
1,1,0.149845670196312,"{""type"":""MultiPoint"",""coordinates"":[]}"
2,2,0.24896824423271707,"{""type"":""MultiPoint"",""coordinates"":[]}"
3,3,0.3462486193687163,"{""type"":""MultiPoint"",""coordinates"":[]}"
4,4,0.4459193773330381,"{""type"":""MultiPoint"",""coordinates"":[]}"
5,5,0.5449586158172085,"{""type"":""MultiPoint"",""coordinates"":[]}"
6,6,0.6448004293753129,"{""type"":""MultiPoint"",""coordinates"":[]}"
7,7,0.7448367158376276,"{""type"":""MultiPoint"",""coordinates"":[]}"
8,8,0.849785446526361,"{""type"":""MultiPoint"",""coordinates"":[]}"
9,9,0.9351985942823499,"{""type"":""MultiPoint"",""coordinates"":[]}"
