system:index,class,mean,.geo
0,0,0.03158565620641685,"{""type"":""MultiPoint"",""coordinates"":[]}"
1,1,0.15347774006302084,"{""type"":""MultiPoint"",""coordinates"":[]}"
2,2,0.24874952517055246,"{""type"":""MultiPoint"",""coordinates"":[]}"
3,3,0.34315110224066986,"{""type"":""MultiPoint"",""coordinates"":[]}"
4,4,0.4470862151421733,"{""type"":""MultiPoint"",""coordinates"":[]}"
5,5,0.5455850443706819,"{""type"":""MultiPoint"",""coordinates"":[]}"
6,6,0.6457386484227665,"{""type"":""MultiPoint"",""coordinates"":[]}"
7,7,0.7483365688933983,"{""type"":""MultiPoint"",""coordinates"":[]}"
8,8,0.8488356156454966,"{""type"":""MultiPoint"",""coordinates"":[]}"
9,9,0.9417462082101189,"{""type"":""MultiPoint"",""coordinates"":[]}"
