system:index,class,mean,.geo
0,0,0.03245895254036568,"{""type"":""MultiPoint"",""coordinates"":[]}"
1,1,0.14710735522256044,"{""type"":""MultiPoint"",""coordinates"":[]}"
2,2,0.24621679922852163,"{""type"":""MultiPoint"",""coordinates"":[]}"
3,3,0.3511846320135974,"{""type"":""MultiPoint"",""coordinates"":[]}"
4,4,0.44506872855570584,"{""type"":""MultiPoint"",""coordinates"":[]}"
5,5,0.5495222264446892,"{""type"":""MultiPoint"",""coordinates"":[]}"
6,6,0.6474357494575588,"{""type"":""MultiPoint"",""coordinates"":[]}"
7,7,0.7512793121565317,"{""type"":""MultiPoint"",""coordinates"":[]}"
8,8,0.846502055862517,"{""type"":""MultiPoint"",""coordinates"":[]}"
9,9,0.9473255083143274,"{""type"":""MultiPoint"",""coordinates"":[]}"
