system:index,class,mean,.geo
0,0,0.014852526404902018,"{""type"":""MultiPoint"",""coordinates"":[]}"
1,1,0.14990688468541985,"{""type"":""MultiPoint"",""coordinates"":[]}"
2,2,0.2513983046229936,"{""type"":""MultiPoint"",""coordinates"":[]}"
3,3,0.34679532371859934,"{""type"":""MultiPoint"",""coordinates"":[]}"
4,4,0.45158918658266817,"{""type"":""MultiPoint"",""coordinates"":[]}"
5,5,0.5514447831339966,"{""type"":""MultiPoint"",""coordinates"":[]}"
6,6,0.6461898018254768,"{""type"":""MultiPoint"",""coordinates"":[]}"
7,7,0.7476626733587938,"{""type"":""MultiPoint"",""coordinates"":[]}"
8,8,0.8537720903457373,"{""type"":""MultiPoint"",""coordinates"":[]}"
9,9,0.9579377560782668,"{""type"":""MultiPoint"",""coordinates"":[]}"
