system:index,class,mean,.geo
0,0,0.017617289429018055,"{""type"":""MultiPoint"",""coordinates"":[]}"
1,1,0.14857127556034813,"{""type"":""MultiPoint"",""coordinates"":[]}"
2,2,0.24873271637573321,"{""type"":""MultiPoint"",""coordinates"":[]}"
3,3,0.3486506666110905,"{""type"":""MultiPoint"",""coordinates"":[]}"
4,4,0.4488281328638416,"{""type"":""MultiPoint"",""coordinates"":[]}"
5,5,0.5474142303779651,"{""type"":""MultiPoint"",""coordinates"":[]}"
6,6,0.6485634503946395,"{""type"":""MultiPoint"",""coordinates"":[]}"
7,7,0.7456690347976495,"{""type"":""MultiPoint"",""coordinates"":[]}"
8,8,0.8514743728360908,"{""type"":""MultiPoint"",""coordinates"":[]}"
9,9,0.9552357527558064,"{""type"":""MultiPoint"",""coordinates"":[]}"
