system:index,class,mean,.geo
0,0,0.0146839893265613,"{""type"":""MultiPoint"",""coordinates"":[]}"
1,1,0.14471114549620478,"{""type"":""MultiPoint"",""coordinates"":[]}"
2,2,0.2482501906077202,"{""type"":""MultiPoint"",""coordinates"":[]}"
3,3,0.3445033139686234,"{""type"":""MultiPoint"",""coordinates"":[]}"
4,4,0.4458497848840339,"{""type"":""MultiPoint"",""coordinates"":[]}"
5,5,0.5476449292514622,"{""type"":""MultiPoint"",""coordinates"":[]}"
6,6,0.65026549488003,"{""type"":""MultiPoint"",""coordinates"":[]}"
7,7,0.7464256845101975,"{""type"":""MultiPoint"",""coordinates"":[]}"
8,8,0.8425345308380742,"{""type"":""MultiPoint"",""coordinates"":[]}"
9,9,0.9272054363895443,"{""type"":""MultiPoint"",""coordinates"":[]}"
