system:index,class,mean,.geo
0,0,0.025696514171906118,"{""type"":""MultiPoint"",""coordinates"":[]}"
1,1,0.14631813190446744,"{""type"":""MultiPoint"",""coordinates"":[]}"
2,2,0.24767966432809846,"{""type"":""MultiPoint"",""coordinates"":[]}"
3,3,0.34674725881939306,"{""type"":""MultiPoint"",""coordinates"":[]}"
4,4,0.45196678640691484,"{""type"":""MultiPoint"",""coordinates"":[]}"
5,5,0.5467874071260334,"{""type"":""MultiPoint"",""coordinates"":[]}"
6,6,0.6472565808234999,"{""type"":""MultiPoint"",""coordinates"":[]}"
7,7,0.7500784151503944,"{""type"":""MultiPoint"",""coordinates"":[]}"
8,8,0.8418538394275887,"{""type"":""MultiPoint"",""coordinates"":[]}"
9,9,0.9210453837406133,"{""type"":""MultiPoint"",""coordinates"":[]}"
