system:index,class,mean,.geo
0,0,0.03703512232811905,"{""type"":""MultiPoint"",""coordinates"":[]}"
1,1,0.1433144016784394,"{""type"":""MultiPoint"",""coordinates"":[]}"
2,2,0.24600279894786134,"{""type"":""MultiPoint"",""coordinates"":[]}"
3,3,0.3486278450711055,"{""type"":""MultiPoint"",""coordinates"":[]}"
4,4,0.4487687170503296,"{""type"":""MultiPoint"",""coordinates"":[]}"
5,5,0.5507712076837005,"{""type"":""MultiPoint"",""coordinates"":[]}"
6,6,0.649487140267069,"{""type"":""MultiPoint"",""coordinates"":[]}"
7,7,0.7498295545905389,"{""type"":""MultiPoint"",""coordinates"":[]}"
8,8,0.854124967618863,"{""type"":""MultiPoint"",""coordinates"":[]}"
9,9,0.9474473100153025,"{""type"":""MultiPoint"",""coordinates"":[]}"
