system:index,class,mean,.geo
0,0,0.026215119707968398,"{""type"":""MultiPoint"",""coordinates"":[]}"
1,1,0.14793125222566608,"{""type"":""MultiPoint"",""coordinates"":[]}"
2,2,0.24909873363212626,"{""type"":""MultiPoint"",""coordinates"":[]}"
3,3,0.34609478796740534,"{""type"":""MultiPoint"",""coordinates"":[]}"
4,4,0.44704872220476405,"{""type"":""MultiPoint"",""coordinates"":[]}"
5,5,0.5472413955035609,"{""type"":""MultiPoint"",""coordinates"":[]}"
6,6,0.6529957797319055,"{""type"":""MultiPoint"",""coordinates"":[]}"
7,7,0.743834019147697,"{""type"":""MultiPoint"",""coordinates"":[]}"
8,8,0.8479837187650534,"{""type"":""MultiPoint"",""coordinates"":[]}"
9,9,0.9545204710458337,"{""type"":""MultiPoint"",""coordinates"":[]}"
