system:index,class,mean,.geo
0,0,0.03604980911771198,"{""type"":""MultiPoint"",""coordinates"":[]}"
1,1,0.14502448902904755,"{""type"":""MultiPoint"",""coordinates"":[]}"
2,2,0.2505294594430276,"{""type"":""MultiPoint"",""coordinates"":[]}"
3,3,0.35113273783423654,"{""type"":""MultiPoint"",""coordinates"":[]}"
4,4,0.454079303642397,"{""type"":""MultiPoint"",""coordinates"":[]}"
5,5,0.5549888209203279,"{""type"":""MultiPoint"",""coordinates"":[]}"
6,6,0.6544721592336187,"{""type"":""MultiPoint"",""coordinates"":[]}"
7,7,0.7529800223546175,"{""type"":""MultiPoint"",""coordinates"":[]}"
8,8,0.853561434260856,"{""type"":""MultiPoint"",""coordinates"":[]}"
9,9,0.9660808259201503,"{""type"":""MultiPoint"",""coordinates"":[]}"
