system:index,class,mean,.geo
0,0,0.026225392139146438,"{""type"":""MultiPoint"",""coordinates"":[]}"
1,1,0.14466327077644278,"{""type"":""MultiPoint"",""coordinates"":[]}"
2,2,0.24850108115358696,"{""type"":""MultiPoint"",""coordinates"":[]}"
3,3,0.34746625848128515,"{""type"":""MultiPoint"",""coordinates"":[]}"
4,4,0.45243259194534546,"{""type"":""MultiPoint"",""coordinates"":[]}"
5,5,0.5487794100734716,"{""type"":""MultiPoint"",""coordinates"":[]}"
6,6,0.6477568221966787,"{""type"":""MultiPoint"",""coordinates"":[]}"
7,7,0.7499536280046267,"{""type"":""MultiPoint"",""coordinates"":[]}"
8,8,0.8482408358502651,"{""type"":""MultiPoint"",""coordinates"":[]}"
9,9,0.9358659516228486,"{""type"":""MultiPoint"",""coordinates"":[]}"
