system:index,class,mean,.geo
0,0,0.04333237982129847,"{""type"":""MultiPoint"",""coordinates"":[]}"
1,1,0.14655855272220186,"{""type"":""MultiPoint"",""coordinates"":[]}"
2,2,0.24667436638866574,"{""type"":""MultiPoint"",""coordinates"":[]}"
3,3,0.347038276188369,"{""type"":""MultiPoint"",""coordinates"":[]}"
4,4,0.44746914162666007,"{""type"":""MultiPoint"",""coordinates"":[]}"
5,5,0.5480859944605546,"{""type"":""MultiPoint"",""coordinates"":[]}"
6,6,0.6516816038438327,"{""type"":""MultiPoint"",""coordinates"":[]}"
7,7,0.7475348361642269,"{""type"":""MultiPoint"",""coordinates"":[]}"
8,8,0.8455525936842228,"{""type"":""MultiPoint"",""coordinates"":[]}"
9,9,0.9446803184706574,"{""type"":""MultiPoint"",""coordinates"":[]}"
