system:index,class,mean,.geo
0,0,0.03397587580773844,"{""type"":""MultiPoint"",""coordinates"":[]}"
1,1,0.14572911152040136,"{""type"":""MultiPoint"",""coordinates"":[]}"
2,2,0.24740739368852294,"{""type"":""MultiPoint"",""coordinates"":[]}"
3,3,0.34951633323533554,"{""type"":""MultiPoint"",""coordinates"":[]}"
4,4,0.4491106127181361,"{""type"":""MultiPoint"",""coordinates"":[]}"
5,5,0.5467252752006722,"{""type"":""MultiPoint"",""coordinates"":[]}"
6,6,0.6455720717935195,"{""type"":""MultiPoint"",""coordinates"":[]}"
7,7,0.7493345876924113,"{""type"":""MultiPoint"",""coordinates"":[]}"
8,8,0.8536336420591425,"{""type"":""MultiPoint"",""coordinates"":[]}"
9,9,0.9381044031894104,"{""type"":""MultiPoint"",""coordinates"":[]}"
