system:index,class,mean,.geo
0,0,0.017368909075166302,"{""type"":""MultiPoint"",""coordinates"":[]}"
1,1,0.18909130686333275,"{""type"":""MultiPoint"",""coordinates"":[]}"
2,2,0.24720747452649147,"{""type"":""MultiPoint"",""coordinates"":[]}"
3,3,0.3485120094098284,"{""type"":""MultiPoint"",""coordinates"":[]}"
4,4,0.45026067552590787,"{""type"":""MultiPoint"",""coordinates"":[]}"
5,5,0.5493913061726776,"{""type"":""MultiPoint"",""coordinates"":[]}"
6,6,0.6528865213669578,"{""type"":""MultiPoint"",""coordinates"":[]}"
7,7,0.7502672574145706,"{""type"":""MultiPoint"",""coordinates"":[]}"
8,8,0.8521954374739643,"{""type"":""MultiPoint"",""coordinates"":[]}"
9,9,0.9680749364457035,"{""type"":""MultiPoint"",""coordinates"":[]}"
