system:index,class,mean,.geo
0,0,0.03536723971096968,"{""type"":""MultiPoint"",""coordinates"":[]}"
1,1,0.1483179062124448,"{""type"":""MultiPoint"",""coordinates"":[]}"
2,2,0.2458923201232752,"{""type"":""MultiPoint"",""coordinates"":[]}"
3,3,0.3471762935115558,"{""type"":""MultiPoint"",""coordinates"":[]}"
4,4,0.4448986588178941,"{""type"":""MultiPoint"",""coordinates"":[]}"
5,5,0.5338672429569312,"{""type"":""MultiPoint"",""coordinates"":[]}"
6,6,0.6071389595042831,"{""type"":""MultiPoint"",""coordinates"":[]}"
7,7,,"{""type"":""MultiPoint"",""coordinates"":[]}"
8,8,,"{""type"":""MultiPoint"",""coordinates"":[]}"
9,9,,"{""type"":""MultiPoint"",""coordinates"":[]}"
