system:index,class,mean,.geo
0,0,0.0187731822366761,"{""type"":""MultiPoint"",""coordinates"":[]}"
1,1,0.1458331191170587,"{""type"":""MultiPoint"",""coordinates"":[]}"
2,2,0.2469147526603775,"{""type"":""MultiPoint"",""coordinates"":[]}"
3,3,0.34950631917550484,"{""type"":""MultiPoint"",""coordinates"":[]}"
4,4,0.4478739473576092,"{""type"":""MultiPoint"",""coordinates"":[]}"
5,5,0.5480087220561681,"{""type"":""MultiPoint"",""coordinates"":[]}"
6,6,0.6503223347104322,"{""type"":""MultiPoint"",""coordinates"":[]}"
7,7,0.7524438853458938,"{""type"":""MultiPoint"",""coordinates"":[]}"
8,8,0.8502378940867023,"{""type"":""MultiPoint"",""coordinates"":[]}"
9,9,0.9317700940811077,"{""type"":""MultiPoint"",""coordinates"":[]}"
