system:index,class,mean,.geo
0,0,0.010923321160709966,"{""type"":""MultiPoint"",""coordinates"":[]}"
1,1,0.1468578073688312,"{""type"":""MultiPoint"",""coordinates"":[]}"
2,2,0.2481450551417923,"{""type"":""MultiPoint"",""coordinates"":[]}"
3,3,0.34864568544456687,"{""type"":""MultiPoint"",""coordinates"":[]}"
4,4,0.4509374461206447,"{""type"":""MultiPoint"",""coordinates"":[]}"
5,5,0.5514260348463533,"{""type"":""MultiPoint"",""coordinates"":[]}"
6,6,0.6519055779042903,"{""type"":""MultiPoint"",""coordinates"":[]}"
7,7,0.7503735729825247,"{""type"":""MultiPoint"",""coordinates"":[]}"
8,8,0.852948133677285,"{""type"":""MultiPoint"",""coordinates"":[]}"
9,9,0.9474420621073306,"{""type"":""MultiPoint"",""coordinates"":[]}"
