system:index,class,mean,.geo
0,0,0.03306055662608861,"{""type"":""MultiPoint"",""coordinates"":[]}"
1,1,0.14888925919497548,"{""type"":""MultiPoint"",""coordinates"":[]}"
2,2,0.24808782637734159,"{""type"":""MultiPoint"",""coordinates"":[]}"
3,3,0.34843387654915214,"{""type"":""MultiPoint"",""coordinates"":[]}"
4,4,0.44620659847153094,"{""type"":""MultiPoint"",""coordinates"":[]}"
5,5,0.5491281217995914,"{""type"":""MultiPoint"",""coordinates"":[]}"
6,6,0.6541964461222178,"{""type"":""MultiPoint"",""coordinates"":[]}"
7,7,0.7539104457075849,"{""type"":""MultiPoint"",""coordinates"":[]}"
8,8,0.8556005784123063,"{""type"":""MultiPoint"",""coordinates"":[]}"
9,9,0.9377938541799168,"{""type"":""MultiPoint"",""coordinates"":[]}"
