system:index,class,mean,.geo
0,0,0.02135427161911277,"{""type"":""MultiPoint"",""coordinates"":[]}"
1,1,0.146995222642298,"{""type"":""MultiPoint"",""coordinates"":[]}"
2,2,0.24610392355693284,"{""type"":""MultiPoint"",""coordinates"":[]}"
3,3,0.3466125892762637,"{""type"":""MultiPoint"",""coordinates"":[]}"
4,4,0.44596992652532436,"{""type"":""MultiPoint"",""coordinates"":[]}"
5,5,0.5466107784984633,"{""type"":""MultiPoint"",""coordinates"":[]}"
6,6,0.6502487929460559,"{""type"":""MultiPoint"",""coordinates"":[]}"
7,7,0.7463470839419257,"{""type"":""MultiPoint"",""coordinates"":[]}"
8,8,0.8525412372685265,"{""type"":""MultiPoint"",""coordinates"":[]}"
9,9,0.9517120055472995,"{""type"":""MultiPoint"",""coordinates"":[]}"
