system:index,class,mean,.geo
0,0,0.06203716267154647,"{""type"":""MultiPoint"",""coordinates"":[]}"
1,1,0.14223163504248276,"{""type"":""MultiPoint"",""coordinates"":[]}"
2,2,0.24498714742142463,"{""type"":""MultiPoint"",""coordinates"":[]}"
3,3,0.34225628032454125,"{""type"":""MultiPoint"",""coordinates"":[]}"
4,4,0.4470272409016286,"{""type"":""MultiPoint"",""coordinates"":[]}"
5,5,0.5464533038989987,"{""type"":""MultiPoint"",""coordinates"":[]}"
6,6,0.6480425329534494,"{""type"":""MultiPoint"",""coordinates"":[]}"
7,7,0.7487704934692114,"{""type"":""MultiPoint"",""coordinates"":[]}"
8,8,0.8517161378599059,"{""type"":""MultiPoint"",""coordinates"":[]}"
9,9,0.9366324180223554,"{""type"":""MultiPoint"",""coordinates"":[]}"
