system:index,class,mean,.geo
0,0,0.023993725746018126,"{""type"":""MultiPoint"",""coordinates"":[]}"
1,1,0.14761652825672134,"{""type"":""MultiPoint"",""coordinates"":[]}"
2,2,0.25109835783299184,"{""type"":""MultiPoint"",""coordinates"":[]}"
3,3,0.3514744999802993,"{""type"":""MultiPoint"",""coordinates"":[]}"
4,4,0.4457476108055374,"{""type"":""MultiPoint"",""coordinates"":[]}"
5,5,0.5451539548841815,"{""type"":""MultiPoint"",""coordinates"":[]}"
6,6,0.6575702876386936,"{""type"":""MultiPoint"",""coordinates"":[]}"
7,7,0.7388057921819571,"{""type"":""MultiPoint"",""coordinates"":[]}"
8,8,0.8506730138244061,"{""type"":""MultiPoint"",""coordinates"":[]}"
9,9,0.9429540523815098,"{""type"":""MultiPoint"",""coordinates"":[]}"
