system:index,class,mean,.geo
0,0,0.05718661317296499,"{""type"":""MultiPoint"",""coordinates"":[]}"
1,1,0.144884627686081,"{""type"":""MultiPoint"",""coordinates"":[]}"
2,2,0.24667137279521587,"{""type"":""MultiPoint"",""coordinates"":[]}"
3,3,0.34701472031541114,"{""type"":""MultiPoint"",""coordinates"":[]}"
4,4,0.44724100702953995,"{""type"":""MultiPoint"",""coordinates"":[]}"
5,5,0.5489251773639446,"{""type"":""MultiPoint"",""coordinates"":[]}"
6,6,0.6492225439628805,"{""type"":""MultiPoint"",""coordinates"":[]}"
7,7,0.7496427421957509,"{""type"":""MultiPoint"",""coordinates"":[]}"
8,8,0.8514303638380057,"{""type"":""MultiPoint"",""coordinates"":[]}"
9,9,0.9559190251386869,"{""type"":""MultiPoint"",""coordinates"":[]}"
