system:index,class,mean,.geo
0,0,0.03906738928326164,"{""type"":""MultiPoint"",""coordinates"":[]}"
1,1,0.14712297900821725,"{""type"":""MultiPoint"",""coordinates"":[]}"
2,2,0.24490850233149733,"{""type"":""MultiPoint"",""coordinates"":[]}"
3,3,0.3483772971722992,"{""type"":""MultiPoint"",""coordinates"":[]}"
4,4,0.44714089187745015,"{""type"":""MultiPoint"",""coordinates"":[]}"
5,5,0.5511384103547152,"{""type"":""MultiPoint"",""coordinates"":[]}"
6,6,0.6470773801731246,"{""type"":""MultiPoint"",""coordinates"":[]}"
7,7,0.749661429815167,"{""type"":""MultiPoint"",""coordinates"":[]}"
8,8,0.844806389879233,"{""type"":""MultiPoint"",""coordinates"":[]}"
9,9,0.9447938577101446,"{""type"":""MultiPoint"",""coordinates"":[]}"
