system:index,class,mean,.geo
0,0,0.028917490739892176,"{""type"":""MultiPoint"",""coordinates"":[]}"
1,1,0.14501770237084352,"{""type"":""MultiPoint"",""coordinates"":[]}"
2,2,0.2475361458084695,"{""type"":""MultiPoint"",""coordinates"":[]}"
3,3,0.34862065775503415,"{""type"":""MultiPoint"",""coordinates"":[]}"
4,4,0.44985389332374187,"{""type"":""MultiPoint"",""coordinates"":[]}"
5,5,0.5504198227965718,"{""type"":""MultiPoint"",""coordinates"":[]}"
6,6,0.6490437658661183,"{""type"":""MultiPoint"",""coordinates"":[]}"
7,7,0.7494574036643274,"{""type"":""MultiPoint"",""coordinates"":[]}"
8,8,0.8520756413627449,"{""type"":""MultiPoint"",""coordinates"":[]}"
9,9,0.9487671145509453,"{""type"":""MultiPoint"",""coordinates"":[]}"
