system:index,class,mean,.geo
0,0,0.03603304854037485,"{""type"":""MultiPoint"",""coordinates"":[]}"
1,1,0.14631425204094994,"{""type"":""MultiPoint"",""coordinates"":[]}"
2,2,0.24653745960044854,"{""type"":""MultiPoint"",""coordinates"":[]}"
3,3,0.3471347396801336,"{""type"":""MultiPoint"",""coordinates"":[]}"
4,4,0.45014964313039524,"{""type"":""MultiPoint"",""coordinates"":[]}"
5,5,0.5508841141570234,"{""type"":""MultiPoint"",""coordinates"":[]}"
6,6,0.6473925338370189,"{""type"":""MultiPoint"",""coordinates"":[]}"
7,7,0.7508579274861833,"{""type"":""MultiPoint"",""coordinates"":[]}"
8,8,0.8498717954086022,"{""type"":""MultiPoint"",""coordinates"":[]}"
9,9,0.9535601220661525,"{""type"":""MultiPoint"",""coordinates"":[]}"
