system:index,class,mean,.geo
0,0,0.020448826224733433,"{""type"":""MultiPoint"",""coordinates"":[]}"
1,1,0.14641577368170544,"{""type"":""MultiPoint"",""coordinates"":[]}"
2,2,0.24957763627142288,"{""type"":""MultiPoint"",""coordinates"":[]}"
3,3,0.3479397867749961,"{""type"":""MultiPoint"",""coordinates"":[]}"
4,4,0.4479240424765157,"{""type"":""MultiPoint"",""coordinates"":[]}"
5,5,0.5470678633217292,"{""type"":""MultiPoint"",""coordinates"":[]}"
6,6,0.6456972610953097,"{""type"":""MultiPoint"",""coordinates"":[]}"
7,7,0.74975482593561,"{""type"":""MultiPoint"",""coordinates"":[]}"
8,8,0.8471265995110648,"{""type"":""MultiPoint"",""coordinates"":[]}"
9,9,0.9338206547178751,"{""type"":""MultiPoint"",""coordinates"":[]}"
