system:index,class,mean,.geo
0,0,0.06652965922870366,"{""type"":""MultiPoint"",""coordinates"":[]}"
1,1,0.14968841744778041,"{""type"":""MultiPoint"",""coordinates"":[]}"
2,2,0.2449672755870451,"{""type"":""MultiPoint"",""coordinates"":[]}"
3,3,0.349403620602294,"{""type"":""MultiPoint"",""coordinates"":[]}"
4,4,0.44395393433554353,"{""type"":""MultiPoint"",""coordinates"":[]}"
5,5,0.5376626633435946,"{""type"":""MultiPoint"",""coordinates"":[]}"
6,6,0.6481679297954025,"{""type"":""MultiPoint"",""coordinates"":[]}"
7,7,0.7502233970180828,"{""type"":""MultiPoint"",""coordinates"":[]}"
8,8,0.8491951508946375,"{""type"":""MultiPoint"",""coordinates"":[]}"
9,9,0.9275075345594642,"{""type"":""MultiPoint"",""coordinates"":[]}"
