system:index,class,mean,.geo
0,0,0.023884485259597733,"{""type"":""MultiPoint"",""coordinates"":[]}"
1,1,0.14781180875092234,"{""type"":""MultiPoint"",""coordinates"":[]}"
2,2,0.2490844692220494,"{""type"":""MultiPoint"",""coordinates"":[]}"
3,3,0.3501947481634731,"{""type"":""MultiPoint"",""coordinates"":[]}"
4,4,0.4447634000096045,"{""type"":""MultiPoint"",""coordinates"":[]}"
5,5,0.5462726476350791,"{""type"":""MultiPoint"",""coordinates"":[]}"
6,6,0.6501826100783573,"{""type"":""MultiPoint"",""coordinates"":[]}"
7,7,0.7460309565633306,"{""type"":""MultiPoint"",""coordinates"":[]}"
8,8,0.8546544982982632,"{""type"":""MultiPoint"",""coordinates"":[]}"
9,9,0.9476094658392786,"{""type"":""MultiPoint"",""coordinates"":[]}"
