system:index,class,mean,.geo
0,0,0.025641688233863938,"{""type"":""MultiPoint"",""coordinates"":[]}"
1,1,0.14217602626282083,"{""type"":""MultiPoint"",""coordinates"":[]}"
2,2,0.2458720943192639,"{""type"":""MultiPoint"",""coordinates"":[]}"
3,3,0.34661668042164584,"{""type"":""MultiPoint"",""coordinates"":[]}"
4,4,0.44934924453724184,"{""type"":""MultiPoint"",""coordinates"":[]}"
5,5,0.5514242028719906,"{""type"":""MultiPoint"",""coordinates"":[]}"
6,6,0.6520592120567787,"{""type"":""MultiPoint"",""coordinates"":[]}"
7,7,0.752675151410555,"{""type"":""MultiPoint"",""coordinates"":[]}"
8,8,0.8534238649935616,"{""type"":""MultiPoint"",""coordinates"":[]}"
9,9,0.9410551504458038,"{""type"":""MultiPoint"",""coordinates"":[]}"
