system:index,class,mean,.geo
0,0,0.031416735077405514,"{""type"":""MultiPoint"",""coordinates"":[]}"
1,1,0.1414327104253357,"{""type"":""MultiPoint"",""coordinates"":[]}"
2,2,0.24766332186044399,"{""type"":""MultiPoint"",""coordinates"":[]}"
3,3,0.34823736236354136,"{""type"":""MultiPoint"",""coordinates"":[]}"
4,4,0.450526630788459,"{""type"":""MultiPoint"",""coordinates"":[]}"
5,5,0.5505402362736729,"{""type"":""MultiPoint"",""coordinates"":[]}"
6,6,0.6496902198738637,"{""type"":""MultiPoint"",""coordinates"":[]}"
7,7,0.7481157102456212,"{""type"":""MultiPoint"",""coordinates"":[]}"
8,8,0.8456041995163385,"{""type"":""MultiPoint"",""coordinates"":[]}"
9,9,0.9313618025707532,"{""type"":""MultiPoint"",""coordinates"":[]}"
