system:index,class,mean,.geo
0,0,0.028401313895825554,"{""type"":""MultiPoint"",""coordinates"":[]}"
1,1,0.14629850537791295,"{""type"":""MultiPoint"",""coordinates"":[]}"
2,2,0.24942370169470465,"{""type"":""MultiPoint"",""coordinates"":[]}"
3,3,0.3503676923345604,"{""type"":""MultiPoint"",""coordinates"":[]}"
4,4,0.4531512846379121,"{""type"":""MultiPoint"",""coordinates"":[]}"
5,5,0.5523824318130846,"{""type"":""MultiPoint"",""coordinates"":[]}"
6,6,0.6536022631530473,"{""type"":""MultiPoint"",""coordinates"":[]}"
7,7,0.7546302079127053,"{""type"":""MultiPoint"",""coordinates"":[]}"
8,8,0.8521616957307752,"{""type"":""MultiPoint"",""coordinates"":[]}"
9,9,0.9615685057592732,"{""type"":""MultiPoint"",""coordinates"":[]}"
