system:index,class,mean,.geo
0,0,0.039641241425673976,"{""type"":""MultiPoint"",""coordinates"":[]}"
1,1,0.14941265281320884,"{""type"":""MultiPoint"",""coordinates"":[]}"
2,2,0.24759785374915935,"{""type"":""MultiPoint"",""coordinates"":[]}"
3,3,0.34709053392840405,"{""type"":""MultiPoint"",""coordinates"":[]}"
4,4,0.45116353236239404,"{""type"":""MultiPoint"",""coordinates"":[]}"
5,5,0.5494051343696215,"{""type"":""MultiPoint"",""coordinates"":[]}"
6,6,0.6493431895557735,"{""type"":""MultiPoint"",""coordinates"":[]}"
7,7,0.7403157234962027,"{""type"":""MultiPoint"",""coordinates"":[]}"
8,8,0.8275732741943993,"{""type"":""MultiPoint"",""coordinates"":[]}"
9,9,,"{""type"":""MultiPoint"",""coordinates"":[]}"
