system:index,class,mean,.geo
0,0,0.05124791587218405,"{""type"":""MultiPoint"",""coordinates"":[]}"
1,1,0.1454987294640989,"{""type"":""MultiPoint"",""coordinates"":[]}"
2,2,0.24661587165350476,"{""type"":""MultiPoint"",""coordinates"":[]}"
3,3,0.3479900199804996,"{""type"":""MultiPoint"",""coordinates"":[]}"
4,4,0.44625258694744874,"{""type"":""MultiPoint"",""coordinates"":[]}"
5,5,0.5485086952378132,"{""type"":""MultiPoint"",""coordinates"":[]}"
6,6,0.6464134476911587,"{""type"":""MultiPoint"",""coordinates"":[]}"
7,7,0.7487003940620355,"{""type"":""MultiPoint"",""coordinates"":[]}"
8,8,0.8475871155411345,"{""type"":""MultiPoint"",""coordinates"":[]}"
9,9,0.9511941599334313,"{""type"":""MultiPoint"",""coordinates"":[]}"
