system:index,class,mean,.geo
0,0,0.05183812508738384,"{""type"":""MultiPoint"",""coordinates"":[]}"
1,1,0.14846287396108174,"{""type"":""MultiPoint"",""coordinates"":[]}"
2,2,0.24730806557341242,"{""type"":""MultiPoint"",""coordinates"":[]}"
3,3,0.3459955703952749,"{""type"":""MultiPoint"",""coordinates"":[]}"
4,4,0.4464845602812255,"{""type"":""MultiPoint"",""coordinates"":[]}"
5,5,0.550853124252403,"{""type"":""MultiPoint"",""coordinates"":[]}"
6,6,0.6496211675397419,"{""type"":""MultiPoint"",""coordinates"":[]}"
7,7,0.7550329524291086,"{""type"":""MultiPoint"",""coordinates"":[]}"
8,8,0.848918918894373,"{""type"":""MultiPoint"",""coordinates"":[]}"
9,9,0.9378194784917421,"{""type"":""MultiPoint"",""coordinates"":[]}"
