system:index,class,mean,.geo
0,0,0.03161623376243772,"{""type"":""MultiPoint"",""coordinates"":[]}"
1,1,0.15264496950992382,"{""type"":""MultiPoint"",""coordinates"":[]}"
2,2,0.24759187910336244,"{""type"":""MultiPoint"",""coordinates"":[]}"
3,3,0.3444001132687992,"{""type"":""MultiPoint"",""coordinates"":[]}"
4,4,0.4510670907958725,"{""type"":""MultiPoint"",""coordinates"":[]}"
5,5,0.5511913819229968,"{""type"":""MultiPoint"",""coordinates"":[]}"
6,6,0.6484474961287732,"{""type"":""MultiPoint"",""coordinates"":[]}"
7,7,0.753325299851836,"{""type"":""MultiPoint"",""coordinates"":[]}"
8,8,0.8495491412657531,"{""type"":""MultiPoint"",""coordinates"":[]}"
9,9,0.936736558893402,"{""type"":""MultiPoint"",""coordinates"":[]}"
