system:index,class,mean,.geo
0,0,0.02899520545373319,"{""type"":""MultiPoint"",""coordinates"":[]}"
1,1,0.14676662583639397,"{""type"":""MultiPoint"",""coordinates"":[]}"
2,2,0.24871583732470215,"{""type"":""MultiPoint"",""coordinates"":[]}"
3,3,0.34596494521583643,"{""type"":""MultiPoint"",""coordinates"":[]}"
4,4,0.44736029221432955,"{""type"":""MultiPoint"",""coordinates"":[]}"
5,5,0.5517814179361071,"{""type"":""MultiPoint"",""coordinates"":[]}"
6,6,0.6488093000354624,"{""type"":""MultiPoint"",""coordinates"":[]}"
7,7,0.7513444437215895,"{""type"":""MultiPoint"",""coordinates"":[]}"
8,8,0.8302609793115986,"{""type"":""MultiPoint"",""coordinates"":[]}"
9,9,,"{""type"":""MultiPoint"",""coordinates"":[]}"
