system:index,class,mean,.geo
0,0,0.02796391185656355,"{""type"":""MultiPoint"",""coordinates"":[]}"
1,1,0.14279468323524752,"{""type"":""MultiPoint"",""coordinates"":[]}"
2,2,0.24711321983872805,"{""type"":""MultiPoint"",""coordinates"":[]}"
3,3,0.35010020500312494,"{""type"":""MultiPoint"",""coordinates"":[]}"
4,4,0.4506559771022707,"{""type"":""MultiPoint"",""coordinates"":[]}"
5,5,0.5444195135731434,"{""type"":""MultiPoint"",""coordinates"":[]}"
6,6,0.6493907389402902,"{""type"":""MultiPoint"",""coordinates"":[]}"
7,7,0.750123347289651,"{""type"":""MultiPoint"",""coordinates"":[]}"
8,8,0.8483315995009341,"{""type"":""MultiPoint"",""coordinates"":[]}"
9,9,0.9596903806608456,"{""type"":""MultiPoint"",""coordinates"":[]}"
