system:index,class,mean,.geo
0,0,0.04022316649157345,"{""type"":""MultiPoint"",""coordinates"":[]}"
1,1,0.14815410803095452,"{""type"":""MultiPoint"",""coordinates"":[]}"
2,2,0.24661753408804446,"{""type"":""MultiPoint"",""coordinates"":[]}"
3,3,0.347903156338545,"{""type"":""MultiPoint"",""coordinates"":[]}"
4,4,0.44958908584704993,"{""type"":""MultiPoint"",""coordinates"":[]}"
5,5,0.550935384433845,"{""type"":""MultiPoint"",""coordinates"":[]}"
6,6,0.6519704909500057,"{""type"":""MultiPoint"",""coordinates"":[]}"
7,7,0.7519720510547142,"{""type"":""MultiPoint"",""coordinates"":[]}"
8,8,0.8487723252768561,"{""type"":""MultiPoint"",""coordinates"":[]}"
9,9,0.9315537759185908,"{""type"":""MultiPoint"",""coordinates"":[]}"
