system:index,class,mean,.geo
0,0,0.020648246894803556,"{""type"":""MultiPoint"",""coordinates"":[]}"
1,1,0.14954801676230256,"{""type"":""MultiPoint"",""coordinates"":[]}"
2,2,0.24664542032734732,"{""type"":""MultiPoint"",""coordinates"":[]}"
3,3,0.3463168353293807,"{""type"":""MultiPoint"",""coordinates"":[]}"
4,4,0.4481950568896958,"{""type"":""MultiPoint"",""coordinates"":[]}"
5,5,0.5468740394109756,"{""type"":""MultiPoint"",""coordinates"":[]}"
6,6,0.6481842450991316,"{""type"":""MultiPoint"",""coordinates"":[]}"
7,7,0.7475025278920945,"{""type"":""MultiPoint"",""coordinates"":[]}"
8,8,0.8487777670319131,"{""type"":""MultiPoint"",""coordinates"":[]}"
9,9,0.958577146010686,"{""type"":""MultiPoint"",""coordinates"":[]}"
