system:index,class,mean,.geo
0,0,0.04119673465477436,"{""type"":""MultiPoint"",""coordinates"":[]}"
1,1,0.15001807505171272,"{""type"":""MultiPoint"",""coordinates"":[]}"
2,2,0.24731142252453694,"{""type"":""MultiPoint"",""coordinates"":[]}"
3,3,0.34765147864360096,"{""type"":""MultiPoint"",""coordinates"":[]}"
4,4,0.4476430654507785,"{""type"":""MultiPoint"",""coordinates"":[]}"
5,5,0.5448554716732277,"{""type"":""MultiPoint"",""coordinates"":[]}"
6,6,0.6478403237887118,"{""type"":""MultiPoint"",""coordinates"":[]}"
7,7,0.748049041412716,"{""type"":""MultiPoint"",""coordinates"":[]}"
8,8,0.8486057241752556,"{""type"":""MultiPoint"",""coordinates"":[]}"
9,9,0.9289274434246481,"{""type"":""MultiPoint"",""coordinates"":[]}"
