system:index,class,mean,.geo
0,0,0.03417364016291024,"{""type"":""MultiPoint"",""coordinates"":[]}"
1,1,0.14599960610691426,"{""type"":""MultiPoint"",""coordinates"":[]}"
2,2,0.24829801054436068,"{""type"":""MultiPoint"",""coordinates"":[]}"
3,3,0.3474348700366466,"{""type"":""MultiPoint"",""coordinates"":[]}"
4,4,0.44790760806638596,"{""type"":""MultiPoint"",""coordinates"":[]}"
5,5,0.5477590420817936,"{""type"":""MultiPoint"",""coordinates"":[]}"
6,6,0.648828384448907,"{""type"":""MultiPoint"",""coordinates"":[]}"
7,7,0.7438473852779014,"{""type"":""MultiPoint"",""coordinates"":[]}"
8,8,0.8440674449660409,"{""type"":""MultiPoint"",""coordinates"":[]}"
9,9,0.9464183748401465,"{""type"":""MultiPoint"",""coordinates"":[]}"
