system:index,class,mean,.geo
0,0,0.03107026683036769,"{""type"":""MultiPoint"",""coordinates"":[]}"
1,1,0.14805321603027363,"{""type"":""MultiPoint"",""coordinates"":[]}"
2,2,0.2503226754032748,"{""type"":""MultiPoint"",""coordinates"":[]}"
3,3,0.34886717236675885,"{""type"":""MultiPoint"",""coordinates"":[]}"
4,4,0.44315841828299696,"{""type"":""MultiPoint"",""coordinates"":[]}"
5,5,0.5427799420582502,"{""type"":""MultiPoint"",""coordinates"":[]}"
6,6,0.6453340083767214,"{""type"":""MultiPoint"",""coordinates"":[]}"
7,7,0.7472622849317859,"{""type"":""MultiPoint"",""coordinates"":[]}"
8,8,0.8350287836434462,"{""type"":""MultiPoint"",""coordinates"":[]}"
9,9,0.9081451241341857,"{""type"":""MultiPoint"",""coordinates"":[]}"
