system:index,class,mean,.geo
0,0,0.015959910105452845,"{""type"":""MultiPoint"",""coordinates"":[]}"
1,1,0.14660229932990418,"{""type"":""MultiPoint"",""coordinates"":[]}"
2,2,0.24783511826221166,"{""type"":""MultiPoint"",""coordinates"":[]}"
3,3,0.3485702689499818,"{""type"":""MultiPoint"",""coordinates"":[]}"
4,4,0.44501731406029044,"{""type"":""MultiPoint"",""coordinates"":[]}"
5,5,0.5501033912641755,"{""type"":""MultiPoint"",""coordinates"":[]}"
6,6,0.6471764988521572,"{""type"":""MultiPoint"",""coordinates"":[]}"
7,7,0.7512366592097307,"{""type"":""MultiPoint"",""coordinates"":[]}"
8,8,0.8567838062657465,"{""type"":""MultiPoint"",""coordinates"":[]}"
9,9,0.9486003616586848,"{""type"":""MultiPoint"",""coordinates"":[]}"
