system:index,class,mean,.geo
0,0,0.024683270633285025,"{""type"":""MultiPoint"",""coordinates"":[]}"
1,1,0.1459805517592632,"{""type"":""MultiPoint"",""coordinates"":[]}"
2,2,0.24826101238383108,"{""type"":""MultiPoint"",""coordinates"":[]}"
3,3,0.35188032581853795,"{""type"":""MultiPoint"",""coordinates"":[]}"
4,4,0.4494028204583685,"{""type"":""MultiPoint"",""coordinates"":[]}"
5,5,0.5488193393035097,"{""type"":""MultiPoint"",""coordinates"":[]}"
6,6,0.6485979733212777,"{""type"":""MultiPoint"",""coordinates"":[]}"
7,7,0.75357322192832,"{""type"":""MultiPoint"",""coordinates"":[]}"
8,8,0.8526114586836498,"{""type"":""MultiPoint"",""coordinates"":[]}"
9,9,0.943669281411526,"{""type"":""MultiPoint"",""coordinates"":[]}"
