system:index,class,mean,.geo
0,0,0.046151596210068084,"{""type"":""MultiPoint"",""coordinates"":[]}"
1,1,0.14728892991666642,"{""type"":""MultiPoint"",""coordinates"":[]}"
2,2,0.2453599704472659,"{""type"":""MultiPoint"",""coordinates"":[]}"
3,3,0.34673987458215005,"{""type"":""MultiPoint"",""coordinates"":[]}"
4,4,0.4471920707642415,"{""type"":""MultiPoint"",""coordinates"":[]}"
5,5,0.5486052107461019,"{""type"":""MultiPoint"",""coordinates"":[]}"
6,6,0.6488324179725441,"{""type"":""MultiPoint"",""coordinates"":[]}"
7,7,0.7501147709389375,"{""type"":""MultiPoint"",""coordinates"":[]}"
8,8,0.8461384337957387,"{""type"":""MultiPoint"",""coordinates"":[]}"
9,9,0.9323395701460419,"{""type"":""MultiPoint"",""coordinates"":[]}"
