system:index,class,mean,.geo
0,0,0.020373307528020624,"{""type"":""MultiPoint"",""coordinates"":[]}"
1,1,0.1458016414694065,"{""type"":""MultiPoint"",""coordinates"":[]}"
2,2,0.24680422765761917,"{""type"":""MultiPoint"",""coordinates"":[]}"
3,3,0.3462067691915956,"{""type"":""MultiPoint"",""coordinates"":[]}"
4,4,0.4478432397878107,"{""type"":""MultiPoint"",""coordinates"":[]}"
5,5,0.5520426413523186,"{""type"":""MultiPoint"",""coordinates"":[]}"
6,6,0.6500300989237094,"{""type"":""MultiPoint"",""coordinates"":[]}"
7,7,0.749531375587906,"{""type"":""MultiPoint"",""coordinates"":[]}"
8,8,0.8530287894313932,"{""type"":""MultiPoint"",""coordinates"":[]}"
9,9,0.9298792964498539,"{""type"":""MultiPoint"",""coordinates"":[]}"
