system:index,class,mean,.geo
0,0,0.02213141441393349,"{""type"":""MultiPoint"",""coordinates"":[]}"
1,1,0.14513912222754166,"{""type"":""MultiPoint"",""coordinates"":[]}"
2,2,0.24590636208895034,"{""type"":""MultiPoint"",""coordinates"":[]}"
3,3,0.34704726061072194,"{""type"":""MultiPoint"",""coordinates"":[]}"
4,4,0.44870832178135484,"{""type"":""MultiPoint"",""coordinates"":[]}"
5,5,0.5484635419478444,"{""type"":""MultiPoint"",""coordinates"":[]}"
6,6,0.6471685640867421,"{""type"":""MultiPoint"",""coordinates"":[]}"
7,7,0.752213980323515,"{""type"":""MultiPoint"",""coordinates"":[]}"
8,8,0.8352671348959265,"{""type"":""MultiPoint"",""coordinates"":[]}"
9,9,0.9090393011951281,"{""type"":""MultiPoint"",""coordinates"":[]}"
