system:index,class,mean,.geo
0,0,0.03689718590026317,"{""type"":""MultiPoint"",""coordinates"":[]}"
1,1,0.14736137150278256,"{""type"":""MultiPoint"",""coordinates"":[]}"
2,2,0.25011968333980267,"{""type"":""MultiPoint"",""coordinates"":[]}"
3,3,0.35000104031389423,"{""type"":""MultiPoint"",""coordinates"":[]}"
4,4,0.44471455047908937,"{""type"":""MultiPoint"",""coordinates"":[]}"
5,5,0.5440144828546969,"{""type"":""MultiPoint"",""coordinates"":[]}"
6,6,0.6484127810005266,"{""type"":""MultiPoint"",""coordinates"":[]}"
7,7,0.7452789133789909,"{""type"":""MultiPoint"",""coordinates"":[]}"
8,8,0.8436784625657526,"{""type"":""MultiPoint"",""coordinates"":[]}"
9,9,,"{""type"":""MultiPoint"",""coordinates"":[]}"
