system:index,class,mean,.geo
0,0,0.05426529735579665,"{""type"":""MultiPoint"",""coordinates"":[]}"
1,1,0.14592733061938612,"{""type"":""MultiPoint"",""coordinates"":[]}"
2,2,0.240564486961207,"{""type"":""MultiPoint"",""coordinates"":[]}"
3,3,0.3453200224817654,"{""type"":""MultiPoint"",""coordinates"":[]}"
4,4,0.44713478045825583,"{""type"":""MultiPoint"",""coordinates"":[]}"
5,5,0.5462421711730457,"{""type"":""MultiPoint"",""coordinates"":[]}"
6,6,0.6463775984798146,"{""type"":""MultiPoint"",""coordinates"":[]}"
7,7,0.7496233773557472,"{""type"":""MultiPoint"",""coordinates"":[]}"
8,8,0.8531128140521301,"{""type"":""MultiPoint"",""coordinates"":[]}"
9,9,0.9544601813742354,"{""type"":""MultiPoint"",""coordinates"":[]}"
