system:index,class,mean,.geo
0,0,0.034776671508204744,"{""type"":""MultiPoint"",""coordinates"":[]}"
1,1,0.1462780028614552,"{""type"":""MultiPoint"",""coordinates"":[]}"
2,2,0.24479068927462364,"{""type"":""MultiPoint"",""coordinates"":[]}"
3,3,0.3482695066870923,"{""type"":""MultiPoint"",""coordinates"":[]}"
4,4,0.4495471533062348,"{""type"":""MultiPoint"",""coordinates"":[]}"
5,5,0.5508165034695156,"{""type"":""MultiPoint"",""coordinates"":[]}"
6,6,0.6607059274047706,"{""type"":""MultiPoint"",""coordinates"":[]}"
7,7,0.7526410227039214,"{""type"":""MultiPoint"",""coordinates"":[]}"
8,8,0.8522308282321275,"{""type"":""MultiPoint"",""coordinates"":[]}"
9,9,0.9577541112464306,"{""type"":""MultiPoint"",""coordinates"":[]}"
