system:index,class,mean,.geo
0,0,0.02582497380918918,"{""type"":""MultiPoint"",""coordinates"":[]}"
1,1,0.1450708508898543,"{""type"":""MultiPoint"",""coordinates"":[]}"
2,2,0.2473162278225728,"{""type"":""MultiPoint"",""coordinates"":[]}"
3,3,0.344389349220041,"{""type"":""MultiPoint"",""coordinates"":[]}"
4,4,0.44529396193926646,"{""type"":""MultiPoint"",""coordinates"":[]}"
5,5,0.5464516924778939,"{""type"":""MultiPoint"",""coordinates"":[]}"
6,6,0.6469675193734356,"{""type"":""MultiPoint"",""coordinates"":[]}"
7,7,0.7466735220913135,"{""type"":""MultiPoint"",""coordinates"":[]}"
8,8,0.8499437739193384,"{""type"":""MultiPoint"",""coordinates"":[]}"
9,9,0.9189032411224792,"{""type"":""MultiPoint"",""coordinates"":[]}"
