system:index,class,mean,.geo
0,0,0.02761271319431569,"{""type"":""MultiPoint"",""coordinates"":[]}"
1,1,0.14707957497874038,"{""type"":""MultiPoint"",""coordinates"":[]}"
2,2,0.24615354146800728,"{""type"":""MultiPoint"",""coordinates"":[]}"
3,3,0.34809482523526136,"{""type"":""MultiPoint"",""coordinates"":[]}"
4,4,0.4473355848927223,"{""type"":""MultiPoint"",""coordinates"":[]}"
5,5,0.548552803071157,"{""type"":""MultiPoint"",""coordinates"":[]}"
6,6,0.6464120886407183,"{""type"":""MultiPoint"",""coordinates"":[]}"
7,7,0.7493047438858859,"{""type"":""MultiPoint"",""coordinates"":[]}"
8,8,0.8505049521704441,"{""type"":""MultiPoint"",""coordinates"":[]}"
9,9,0.9579092296108589,"{""type"":""MultiPoint"",""coordinates"":[]}"
