system:index,class,mean,.geo
0,0,0.022978828293373874,"{""type"":""MultiPoint"",""coordinates"":[]}"
1,1,0.1453716223791117,"{""type"":""MultiPoint"",""coordinates"":[]}"
2,2,0.24677283009937556,"{""type"":""MultiPoint"",""coordinates"":[]}"
3,3,0.34880735014657976,"{""type"":""MultiPoint"",""coordinates"":[]}"
4,4,0.4488957590519521,"{""type"":""MultiPoint"",""coordinates"":[]}"
5,5,0.5498979333726589,"{""type"":""MultiPoint"",""coordinates"":[]}"
6,6,0.6505366403196816,"{""type"":""MultiPoint"",""coordinates"":[]}"
7,7,0.7525386076575313,"{""type"":""MultiPoint"",""coordinates"":[]}"
8,8,0.853399846615911,"{""type"":""MultiPoint"",""coordinates"":[]}"
9,9,0.9591836298842767,"{""type"":""MultiPoint"",""coordinates"":[]}"
