system:index,class,mean,.geo
0,0,0.03852171021814741,"{""type"":""MultiPoint"",""coordinates"":[]}"
1,1,0.1498270808961254,"{""type"":""MultiPoint"",""coordinates"":[]}"
2,2,0.2466127675670449,"{""type"":""MultiPoint"",""coordinates"":[]}"
3,3,0.35026354912755425,"{""type"":""MultiPoint"",""coordinates"":[]}"
4,4,0.44904737993420973,"{""type"":""MultiPoint"",""coordinates"":[]}"
5,5,0.5501758176041033,"{""type"":""MultiPoint"",""coordinates"":[]}"
6,6,0.6528929963171934,"{""type"":""MultiPoint"",""coordinates"":[]}"
7,7,0.7498932232223258,"{""type"":""MultiPoint"",""coordinates"":[]}"
8,8,0.851301480689726,"{""type"":""MultiPoint"",""coordinates"":[]}"
9,9,0.9301847693033366,"{""type"":""MultiPoint"",""coordinates"":[]}"
