system:index,class,mean,.geo
0,0,0.045316521356662365,"{""type"":""MultiPoint"",""coordinates"":[]}"
1,1,0.14843088157196102,"{""type"":""MultiPoint"",""coordinates"":[]}"
2,2,0.247278483003627,"{""type"":""MultiPoint"",""coordinates"":[]}"
3,3,0.34688720109073207,"{""type"":""MultiPoint"",""coordinates"":[]}"
4,4,0.44819716634817486,"{""type"":""MultiPoint"",""coordinates"":[]}"
5,5,0.5450875169212462,"{""type"":""MultiPoint"",""coordinates"":[]}"
6,6,0.6478734438898259,"{""type"":""MultiPoint"",""coordinates"":[]}"
7,7,0.7492871262062886,"{""type"":""MultiPoint"",""coordinates"":[]}"
8,8,0.8499685927450051,"{""type"":""MultiPoint"",""coordinates"":[]}"
9,9,0.9449478439890894,"{""type"":""MultiPoint"",""coordinates"":[]}"
