system:index,class,mean,.geo
0,0,0.039613667532012994,"{""type"":""MultiPoint"",""coordinates"":[]}"
1,1,0.14758991298903362,"{""type"":""MultiPoint"",""coordinates"":[]}"
2,2,0.24671765479894137,"{""type"":""MultiPoint"",""coordinates"":[]}"
3,3,0.348392468422048,"{""type"":""MultiPoint"",""coordinates"":[]}"
4,4,0.4490628191428549,"{""type"":""MultiPoint"",""coordinates"":[]}"
5,5,0.543590485926698,"{""type"":""MultiPoint"",""coordinates"":[]}"
6,6,0.6457553079889348,"{""type"":""MultiPoint"",""coordinates"":[]}"
7,7,0.7464818662472001,"{""type"":""MultiPoint"",""coordinates"":[]}"
8,8,0.852167595463899,"{""type"":""MultiPoint"",""coordinates"":[]}"
9,9,0.9438696454839958,"{""type"":""MultiPoint"",""coordinates"":[]}"
