system:index,class,mean,.geo
0,0,0.01884670225248821,"{""type"":""MultiPoint"",""coordinates"":[]}"
1,1,0.14734541749607272,"{""type"":""MultiPoint"",""coordinates"":[]}"
2,2,0.25074418088785566,"{""type"":""MultiPoint"",""coordinates"":[]}"
3,3,0.3516452618598729,"{""type"":""MultiPoint"",""coordinates"":[]}"
4,4,0.45131648894634785,"{""type"":""MultiPoint"",""coordinates"":[]}"
5,5,0.5517947718453686,"{""type"":""MultiPoint"",""coordinates"":[]}"
6,6,0.6514548599664868,"{""type"":""MultiPoint"",""coordinates"":[]}"
7,7,0.753580772637095,"{""type"":""MultiPoint"",""coordinates"":[]}"
8,8,0.850946745700279,"{""type"":""MultiPoint"",""coordinates"":[]}"
9,9,0.9547240852642576,"{""type"":""MultiPoint"",""coordinates"":[]}"
