system:index,class,mean,.geo
0,0,0.019142935076318576,"{""type"":""MultiPoint"",""coordinates"":[]}"
1,1,0.1479453224028775,"{""type"":""MultiPoint"",""coordinates"":[]}"
2,2,0.24728380811384365,"{""type"":""MultiPoint"",""coordinates"":[]}"
3,3,0.3486310493028178,"{""type"":""MultiPoint"",""coordinates"":[]}"
4,4,0.44997165641068526,"{""type"":""MultiPoint"",""coordinates"":[]}"
5,5,0.5503772958568334,"{""type"":""MultiPoint"",""coordinates"":[]}"
6,6,0.6493434905014822,"{""type"":""MultiPoint"",""coordinates"":[]}"
7,7,0.7487002398623448,"{""type"":""MultiPoint"",""coordinates"":[]}"
8,8,0.8494858213591923,"{""type"":""MultiPoint"",""coordinates"":[]}"
9,9,0.9493320125681007,"{""type"":""MultiPoint"",""coordinates"":[]}"
