system:index,class,mean,.geo
0,0,0.04992010070305729,"{""type"":""MultiPoint"",""coordinates"":[]}"
1,1,0.14464411539755473,"{""type"":""MultiPoint"",""coordinates"":[]}"
2,2,0.2444803935815233,"{""type"":""MultiPoint"",""coordinates"":[]}"
3,3,0.3471408375317838,"{""type"":""MultiPoint"",""coordinates"":[]}"
4,4,0.4504151307572483,"{""type"":""MultiPoint"",""coordinates"":[]}"
5,5,0.5457945974924933,"{""type"":""MultiPoint"",""coordinates"":[]}"
6,6,0.6505747240674609,"{""type"":""MultiPoint"",""coordinates"":[]}"
7,7,0.7465948500947032,"{""type"":""MultiPoint"",""coordinates"":[]}"
8,8,0.8497626626255602,"{""type"":""MultiPoint"",""coordinates"":[]}"
9,9,0.9330660008459905,"{""type"":""MultiPoint"",""coordinates"":[]}"
