system:index,class,mean,.geo
0,0,0.0165352149586386,"{""type"":""MultiPoint"",""coordinates"":[]}"
1,1,0.14553067420333626,"{""type"":""MultiPoint"",""coordinates"":[]}"
2,2,0.2495432527242481,"{""type"":""MultiPoint"",""coordinates"":[]}"
3,3,0.3489918462735649,"{""type"":""MultiPoint"",""coordinates"":[]}"
4,4,0.45055869011461236,"{""type"":""MultiPoint"",""coordinates"":[]}"
5,5,0.5530888014332895,"{""type"":""MultiPoint"",""coordinates"":[]}"
6,6,0.6488440318320039,"{""type"":""MultiPoint"",""coordinates"":[]}"
7,7,0.7504589602789025,"{""type"":""MultiPoint"",""coordinates"":[]}"
8,8,0.8479400577371207,"{""type"":""MultiPoint"",""coordinates"":[]}"
9,9,0.9412110561613866,"{""type"":""MultiPoint"",""coordinates"":[]}"
