system:index,class,mean,.geo
0,0,0.02320743555641679,"{""type"":""MultiPoint"",""coordinates"":[]}"
1,1,0.1476388833110429,"{""type"":""MultiPoint"",""coordinates"":[]}"
2,2,0.2501789124849409,"{""type"":""MultiPoint"",""coordinates"":[]}"
3,3,0.34919843659796335,"{""type"":""MultiPoint"",""coordinates"":[]}"
4,4,0.4488267099786528,"{""type"":""MultiPoint"",""coordinates"":[]}"
5,5,0.5494964646581995,"{""type"":""MultiPoint"",""coordinates"":[]}"
6,6,0.6462819095063383,"{""type"":""MultiPoint"",""coordinates"":[]}"
7,7,0.7483240661159253,"{""type"":""MultiPoint"",""coordinates"":[]}"
8,8,0.850004179303404,"{""type"":""MultiPoint"",""coordinates"":[]}"
9,9,0.9245732267213939,"{""type"":""MultiPoint"",""coordinates"":[]}"
