system:index,class,mean,.geo
0,0,0.03955954059362086,"{""type"":""MultiPoint"",""coordinates"":[]}"
1,1,0.14527568521251313,"{""type"":""MultiPoint"",""coordinates"":[]}"
2,2,0.24785805628721752,"{""type"":""MultiPoint"",""coordinates"":[]}"
3,3,0.34689697024165644,"{""type"":""MultiPoint"",""coordinates"":[]}"
4,4,0.4486091968990505,"{""type"":""MultiPoint"",""coordinates"":[]}"
5,5,0.5479702786578082,"{""type"":""MultiPoint"",""coordinates"":[]}"
6,6,0.6530694905108763,"{""type"":""MultiPoint"",""coordinates"":[]}"
7,7,0.7508639999048073,"{""type"":""MultiPoint"",""coordinates"":[]}"
8,8,0.8460348715640458,"{""type"":""MultiPoint"",""coordinates"":[]}"
9,9,0.9372428634372081,"{""type"":""MultiPoint"",""coordinates"":[]}"
