system:index,class,mean,.geo
0,0,0.017494775142496845,"{""type"":""MultiPoint"",""coordinates"":[]}"
1,1,0.14769688528513675,"{""type"":""MultiPoint"",""coordinates"":[]}"
2,2,0.250795749786842,"{""type"":""MultiPoint"",""coordinates"":[]}"
3,3,0.34725527471385886,"{""type"":""MultiPoint"",""coordinates"":[]}"
4,4,0.44935932393641287,"{""type"":""MultiPoint"",""coordinates"":[]}"
5,5,0.5496968114421458,"{""type"":""MultiPoint"",""coordinates"":[]}"
6,6,0.6517002859229221,"{""type"":""MultiPoint"",""coordinates"":[]}"
7,7,0.7467050336639502,"{""type"":""MultiPoint"",""coordinates"":[]}"
8,8,0.8519840106728045,"{""type"":""MultiPoint"",""coordinates"":[]}"
9,9,0.9552500705428609,"{""type"":""MultiPoint"",""coordinates"":[]}"
