system:index,class,mean,.geo
0,0,0.0265642120024473,"{""type"":""MultiPoint"",""coordinates"":[]}"
1,1,0.14753160590689596,"{""type"":""MultiPoint"",""coordinates"":[]}"
2,2,0.24646821043232345,"{""type"":""MultiPoint"",""coordinates"":[]}"
3,3,0.3452033717188687,"{""type"":""MultiPoint"",""coordinates"":[]}"
4,4,0.45027495936435624,"{""type"":""MultiPoint"",""coordinates"":[]}"
5,5,0.5466736333774799,"{""type"":""MultiPoint"",""coordinates"":[]}"
6,6,0.6478156833508342,"{""type"":""MultiPoint"",""coordinates"":[]}"
7,7,0.7495482943193515,"{""type"":""MultiPoint"",""coordinates"":[]}"
8,8,0.8527272033198219,"{""type"":""MultiPoint"",""coordinates"":[]}"
9,9,0.9530839153485898,"{""type"":""MultiPoint"",""coordinates"":[]}"
