system:index,class,mean,.geo
0,0,0.016546126032796593,"{""type"":""MultiPoint"",""coordinates"":[]}"
1,1,0.1483386500779228,"{""type"":""MultiPoint"",""coordinates"":[]}"
2,2,0.24787404690353163,"{""type"":""MultiPoint"",""coordinates"":[]}"
3,3,0.3504226978626725,"{""type"":""MultiPoint"",""coordinates"":[]}"
4,4,0.4497043828843786,"{""type"":""MultiPoint"",""coordinates"":[]}"
5,5,0.5487237937641076,"{""type"":""MultiPoint"",""coordinates"":[]}"
6,6,0.6496729290796401,"{""type"":""MultiPoint"",""coordinates"":[]}"
7,7,0.7510461881811731,"{""type"":""MultiPoint"",""coordinates"":[]}"
8,8,0.8524792395571092,"{""type"":""MultiPoint"",""coordinates"":[]}"
9,9,0.9397139784607401,"{""type"":""MultiPoint"",""coordinates"":[]}"
