system:index,class,mean,.geo
0,0,0.022428254371187104,"{""type"":""MultiPoint"",""coordinates"":[]}"
1,1,0.14791842785007855,"{""type"":""MultiPoint"",""coordinates"":[]}"
2,2,0.2484268305301251,"{""type"":""MultiPoint"",""coordinates"":[]}"
3,3,0.3466121418249094,"{""type"":""MultiPoint"",""coordinates"":[]}"
4,4,0.45069970494504874,"{""type"":""MultiPoint"",""coordinates"":[]}"
5,5,0.5509956572738115,"{""type"":""MultiPoint"",""coordinates"":[]}"
6,6,0.6521600452658857,"{""type"":""MultiPoint"",""coordinates"":[]}"
7,7,0.7506904651425708,"{""type"":""MultiPoint"",""coordinates"":[]}"
8,8,0.8498163893094901,"{""type"":""MultiPoint"",""coordinates"":[]}"
9,9,0.9362575773068014,"{""type"":""MultiPoint"",""coordinates"":[]}"
