system:index,class,mean,.geo
0,0,0.05158712320714966,"{""type"":""MultiPoint"",""coordinates"":[]}"
1,1,0.14848820094983695,"{""type"":""MultiPoint"",""coordinates"":[]}"
2,2,0.24756143390827665,"{""type"":""MultiPoint"",""coordinates"":[]}"
3,3,0.34646066795789393,"{""type"":""MultiPoint"",""coordinates"":[]}"
4,4,0.44960530210812,"{""type"":""MultiPoint"",""coordinates"":[]}"
5,5,0.545172310453608,"{""type"":""MultiPoint"",""coordinates"":[]}"
6,6,0.6480188045575673,"{""type"":""MultiPoint"",""coordinates"":[]}"
7,7,0.7484701125927227,"{""type"":""MultiPoint"",""coordinates"":[]}"
8,8,0.850737790488525,"{""type"":""MultiPoint"",""coordinates"":[]}"
9,9,0.9357913567259573,"{""type"":""MultiPoint"",""coordinates"":[]}"
