system:index,class,mean,.geo
0,0,0.03804814777212193,"{""type"":""MultiPoint"",""coordinates"":[]}"
1,1,0.1428032669516688,"{""type"":""MultiPoint"",""coordinates"":[]}"
2,2,0.24726518459557645,"{""type"":""MultiPoint"",""coordinates"":[]}"
3,3,0.34850011365849337,"{""type"":""MultiPoint"",""coordinates"":[]}"
4,4,0.4497751951100969,"{""type"":""MultiPoint"",""coordinates"":[]}"
5,5,0.5498030522831873,"{""type"":""MultiPoint"",""coordinates"":[]}"
6,6,0.6503691443648913,"{""type"":""MultiPoint"",""coordinates"":[]}"
7,7,0.7503614391816742,"{""type"":""MultiPoint"",""coordinates"":[]}"
8,8,0.8501854248450843,"{""type"":""MultiPoint"",""coordinates"":[]}"
9,9,0.9552809557681703,"{""type"":""MultiPoint"",""coordinates"":[]}"
