system:index,class,mean,.geo
0,0,0.029785751912877682,"{""type"":""MultiPoint"",""coordinates"":[]}"
1,1,0.14601627060318798,"{""type"":""MultiPoint"",""coordinates"":[]}"
2,2,0.24704442049760306,"{""type"":""MultiPoint"",""coordinates"":[]}"
3,3,0.34968924748470354,"{""type"":""MultiPoint"",""coordinates"":[]}"
4,4,0.4478041027602864,"{""type"":""MultiPoint"",""coordinates"":[]}"
5,5,0.5484351610236963,"{""type"":""MultiPoint"",""coordinates"":[]}"
6,6,0.6495859544615797,"{""type"":""MultiPoint"",""coordinates"":[]}"
7,7,0.7488584942094262,"{""type"":""MultiPoint"",""coordinates"":[]}"
8,8,0.8461041000996369,"{""type"":""MultiPoint"",""coordinates"":[]}"
9,9,0.9512578227669092,"{""type"":""MultiPoint"",""coordinates"":[]}"
