system:index,class,mean,.geo
0,0,0.03022803427603111,"{""type"":""MultiPoint"",""coordinates"":[]}"
1,1,0.14518881075416193,"{""type"":""MultiPoint"",""coordinates"":[]}"
2,2,0.2464245028191869,"{""type"":""MultiPoint"",""coordinates"":[]}"
3,3,0.34556102848268,"{""type"":""MultiPoint"",""coordinates"":[]}"
4,4,0.44948240207697937,"{""type"":""MultiPoint"",""coordinates"":[]}"
5,5,0.5492945622039843,"{""type"":""MultiPoint"",""coordinates"":[]}"
6,6,0.6494408489760898,"{""type"":""MultiPoint"",""coordinates"":[]}"
7,7,0.752293592547343,"{""type"":""MultiPoint"",""coordinates"":[]}"
8,8,0.849877650595894,"{""type"":""MultiPoint"",""coordinates"":[]}"
9,9,0.9463889605715544,"{""type"":""MultiPoint"",""coordinates"":[]}"
