system:index,class,mean,.geo
0,0,0.027064721141996005,"{""type"":""MultiPoint"",""coordinates"":[]}"
1,1,0.14896225767102947,"{""type"":""MultiPoint"",""coordinates"":[]}"
2,2,0.2459009432607308,"{""type"":""MultiPoint"",""coordinates"":[]}"
3,3,0.3447315509273823,"{""type"":""MultiPoint"",""coordinates"":[]}"
4,4,0.44674150091154896,"{""type"":""MultiPoint"",""coordinates"":[]}"
5,5,0.5467657091817193,"{""type"":""MultiPoint"",""coordinates"":[]}"
6,6,0.6496461643940298,"{""type"":""MultiPoint"",""coordinates"":[]}"
7,7,0.7447916255315823,"{""type"":""MultiPoint"",""coordinates"":[]}"
8,8,0.8477017983430992,"{""type"":""MultiPoint"",""coordinates"":[]}"
9,9,0.9469551719215589,"{""type"":""MultiPoint"",""coordinates"":[]}"
