system:index,class,mean,.geo
0,0,0.04911998853642157,"{""type"":""MultiPoint"",""coordinates"":[]}"
1,1,0.14799569986533453,"{""type"":""MultiPoint"",""coordinates"":[]}"
2,2,0.24631992999992003,"{""type"":""MultiPoint"",""coordinates"":[]}"
3,3,0.34822135892885414,"{""type"":""MultiPoint"",""coordinates"":[]}"
4,4,0.44778912283749644,"{""type"":""MultiPoint"",""coordinates"":[]}"
5,5,0.5438496421314626,"{""type"":""MultiPoint"",""coordinates"":[]}"
6,6,0.6490284365866249,"{""type"":""MultiPoint"",""coordinates"":[]}"
7,7,0.753167605513502,"{""type"":""MultiPoint"",""coordinates"":[]}"
8,8,0.8469260887000586,"{""type"":""MultiPoint"",""coordinates"":[]}"
9,9,0.9206613343467691,"{""type"":""MultiPoint"",""coordinates"":[]}"
