system:index,class,mean,.geo
0,0,0.029999255669371838,"{""type"":""MultiPoint"",""coordinates"":[]}"
1,1,0.14837935357837842,"{""type"":""MultiPoint"",""coordinates"":[]}"
2,2,0.24929641998517132,"{""type"":""MultiPoint"",""coordinates"":[]}"
3,3,0.3497223338582481,"{""type"":""MultiPoint"",""coordinates"":[]}"
4,4,0.45147666840476464,"{""type"":""MultiPoint"",""coordinates"":[]}"
5,5,0.5510678703920611,"{""type"":""MultiPoint"",""coordinates"":[]}"
6,6,0.6519740083692501,"{""type"":""MultiPoint"",""coordinates"":[]}"
7,7,0.7524145385756383,"{""type"":""MultiPoint"",""coordinates"":[]}"
8,8,0.848651538616855,"{""type"":""MultiPoint"",""coordinates"":[]}"
9,9,0.9364380197386883,"{""type"":""MultiPoint"",""coordinates"":[]}"
