system:index,class,mean,.geo
0,0,0.03522540154172548,"{""type"":""MultiPoint"",""coordinates"":[]}"
1,1,0.1445181940174898,"{""type"":""MultiPoint"",""coordinates"":[]}"
2,2,0.24714908292233564,"{""type"":""MultiPoint"",""coordinates"":[]}"
3,3,0.34838698794458073,"{""type"":""MultiPoint"",""coordinates"":[]}"
4,4,0.449668822961936,"{""type"":""MultiPoint"",""coordinates"":[]}"
5,5,0.549791043459497,"{""type"":""MultiPoint"",""coordinates"":[]}"
6,6,0.6523494575933938,"{""type"":""MultiPoint"",""coordinates"":[]}"
7,7,0.7529770635393184,"{""type"":""MultiPoint"",""coordinates"":[]}"
8,8,0.8503980860280059,"{""type"":""MultiPoint"",""coordinates"":[]}"
9,9,0.9486055526369086,"{""type"":""MultiPoint"",""coordinates"":[]}"
