system:index,class,mean,.geo
0,0,0.024091422595896108,"{""type"":""MultiPoint"",""coordinates"":[]}"
1,1,0.14713453544188831,"{""type"":""MultiPoint"",""coordinates"":[]}"
2,2,0.2474660820563084,"{""type"":""MultiPoint"",""coordinates"":[]}"
3,3,0.3496747799607241,"{""type"":""MultiPoint"",""coordinates"":[]}"
4,4,0.4481749475564905,"{""type"":""MultiPoint"",""coordinates"":[]}"
5,5,0.5487083184909944,"{""type"":""MultiPoint"",""coordinates"":[]}"
6,6,0.6472304966885235,"{""type"":""MultiPoint"",""coordinates"":[]}"
7,7,0.7450722943701857,"{""type"":""MultiPoint"",""coordinates"":[]}"
8,8,0.8455292717845126,"{""type"":""MultiPoint"",""coordinates"":[]}"
9,9,0.9342413154144923,"{""type"":""MultiPoint"",""coordinates"":[]}"
