system:index,class,mean,.geo
0,0,0.029946194562101593,"{""type"":""MultiPoint"",""coordinates"":[]}"
1,1,0.149327073666069,"{""type"":""MultiPoint"",""coordinates"":[]}"
2,2,0.24680316832839616,"{""type"":""MultiPoint"",""coordinates"":[]}"
3,3,0.34894573288198083,"{""type"":""MultiPoint"",""coordinates"":[]}"
4,4,0.4505979075447866,"{""type"":""MultiPoint"",""coordinates"":[]}"
5,5,0.5480508762007383,"{""type"":""MultiPoint"",""coordinates"":[]}"
6,6,0.6502435280325666,"{""type"":""MultiPoint"",""coordinates"":[]}"
7,7,0.7516235999431107,"{""type"":""MultiPoint"",""coordinates"":[]}"
8,8,0.8520517399810426,"{""type"":""MultiPoint"",""coordinates"":[]}"
9,9,0.9294167893422365,"{""type"":""MultiPoint"",""coordinates"":[]}"
