system:index,class,mean,.geo
0,0,0.05032752729386332,"{""type"":""MultiPoint"",""coordinates"":[]}"
1,1,0.14510063558585684,"{""type"":""MultiPoint"",""coordinates"":[]}"
2,2,0.2452276223731214,"{""type"":""MultiPoint"",""coordinates"":[]}"
3,3,0.34884625969050664,"{""type"":""MultiPoint"",""coordinates"":[]}"
4,4,0.4522874649369463,"{""type"":""MultiPoint"",""coordinates"":[]}"
5,5,0.5503806104098733,"{""type"":""MultiPoint"",""coordinates"":[]}"
6,6,0.6498819192393597,"{""type"":""MultiPoint"",""coordinates"":[]}"
7,7,0.7484112134187981,"{""type"":""MultiPoint"",""coordinates"":[]}"
8,8,0.8348539602573656,"{""type"":""MultiPoint"",""coordinates"":[]}"
9,9,0.9087422784615087,"{""type"":""MultiPoint"",""coordinates"":[]}"
