system:index,class,mean,.geo
0,0,0.01824681969186603,"{""type"":""MultiPoint"",""coordinates"":[]}"
1,1,0.146489861062263,"{""type"":""MultiPoint"",""coordinates"":[]}"
2,2,0.24854593637290057,"{""type"":""MultiPoint"",""coordinates"":[]}"
3,3,0.3492495870510144,"{""type"":""MultiPoint"",""coordinates"":[]}"
4,4,0.4494185077570988,"{""type"":""MultiPoint"",""coordinates"":[]}"
5,5,0.5506384926665393,"{""type"":""MultiPoint"",""coordinates"":[]}"
6,6,0.6510091456117094,"{""type"":""MultiPoint"",""coordinates"":[]}"
7,7,0.7521652157061613,"{""type"":""MultiPoint"",""coordinates"":[]}"
8,8,0.8525063937476707,"{""type"":""MultiPoint"",""coordinates"":[]}"
9,9,0.964483728113344,"{""type"":""MultiPoint"",""coordinates"":[]}"
