system:index,class,mean,.geo
0,0,0.0300455288507071,"{""type"":""MultiPoint"",""coordinates"":[]}"
1,1,0.14343337671953846,"{""type"":""MultiPoint"",""coordinates"":[]}"
2,2,0.24561851543697297,"{""type"":""MultiPoint"",""coordinates"":[]}"
3,3,0.34316362349758084,"{""type"":""MultiPoint"",""coordinates"":[]}"
4,4,0.44346855621574516,"{""type"":""MultiPoint"",""coordinates"":[]}"
5,5,0.5436518974533848,"{""type"":""MultiPoint"",""coordinates"":[]}"
6,6,0.6444020907043917,"{""type"":""MultiPoint"",""coordinates"":[]}"
7,7,0.744783842691075,"{""type"":""MultiPoint"",""coordinates"":[]}"
8,8,0.8463377072845075,"{""type"":""MultiPoint"",""coordinates"":[]}"
9,9,0.9681006608429661,"{""type"":""MultiPoint"",""coordinates"":[]}"
