system:index,class,mean,.geo
0,0,0.021781827080885992,"{""type"":""MultiPoint"",""coordinates"":[]}"
1,1,0.1426666523820801,"{""type"":""MultiPoint"",""coordinates"":[]}"
2,2,0.24244059506234358,"{""type"":""MultiPoint"",""coordinates"":[]}"
3,3,0.34269622499097824,"{""type"":""MultiPoint"",""coordinates"":[]}"
4,4,0.4461099825339952,"{""type"":""MultiPoint"",""coordinates"":[]}"
5,5,0.5446212411941138,"{""type"":""MultiPoint"",""coordinates"":[]}"
6,6,0.6454409580254726,"{""type"":""MultiPoint"",""coordinates"":[]}"
7,7,0.7492280717192007,"{""type"":""MultiPoint"",""coordinates"":[]}"
8,8,0.8439020713670454,"{""type"":""MultiPoint"",""coordinates"":[]}"
9,9,0.9324828046627226,"{""type"":""MultiPoint"",""coordinates"":[]}"
