system:index,class,mean,.geo
0,0,0.051342973527980694,"{""type"":""MultiPoint"",""coordinates"":[]}"
1,1,0.14602331197498547,"{""type"":""MultiPoint"",""coordinates"":[]}"
2,2,0.24697921872548576,"{""type"":""MultiPoint"",""coordinates"":[]}"
3,3,0.3490866467542559,"{""type"":""MultiPoint"",""coordinates"":[]}"
4,4,0.44735697142544595,"{""type"":""MultiPoint"",""coordinates"":[]}"
5,5,0.548674439978756,"{""type"":""MultiPoint"",""coordinates"":[]}"
6,6,0.6480707210502177,"{""type"":""MultiPoint"",""coordinates"":[]}"
7,7,0.7482367669317074,"{""type"":""MultiPoint"",""coordinates"":[]}"
8,8,0.8500979120539653,"{""type"":""MultiPoint"",""coordinates"":[]}"
9,9,0.9357317323729294,"{""type"":""MultiPoint"",""coordinates"":[]}"
