system:index,class,mean,.geo
0,0,0.04052915031281471,"{""type"":""MultiPoint"",""coordinates"":[]}"
1,1,0.14418308390305248,"{""type"":""MultiPoint"",""coordinates"":[]}"
2,2,0.24868848316488065,"{""type"":""MultiPoint"",""coordinates"":[]}"
3,3,0.3482228568681082,"{""type"":""MultiPoint"",""coordinates"":[]}"
4,4,0.44925266880738235,"{""type"":""MultiPoint"",""coordinates"":[]}"
5,5,0.5538835898998455,"{""type"":""MultiPoint"",""coordinates"":[]}"
6,6,0.6489484978673645,"{""type"":""MultiPoint"",""coordinates"":[]}"
7,7,0.7503205766888607,"{""type"":""MultiPoint"",""coordinates"":[]}"
8,8,0.8372745328168382,"{""type"":""MultiPoint"",""coordinates"":[]}"
9,9,0.956160468461502,"{""type"":""MultiPoint"",""coordinates"":[]}"
