system:index,class,mean,.geo
0,0,0.02191278361810765,"{""type"":""MultiPoint"",""coordinates"":[]}"
1,1,0.14657419080048772,"{""type"":""MultiPoint"",""coordinates"":[]}"
2,2,0.248128973315342,"{""type"":""MultiPoint"",""coordinates"":[]}"
3,3,0.3510245428435729,"{""type"":""MultiPoint"",""coordinates"":[]}"
4,4,0.44991017434578773,"{""type"":""MultiPoint"",""coordinates"":[]}"
5,5,0.5489026886411258,"{""type"":""MultiPoint"",""coordinates"":[]}"
6,6,0.651053987278158,"{""type"":""MultiPoint"",""coordinates"":[]}"
7,7,0.7422882711864908,"{""type"":""MultiPoint"",""coordinates"":[]}"
8,8,0.805766398773789,"{""type"":""MultiPoint"",""coordinates"":[]}"
9,9,,"{""type"":""MultiPoint"",""coordinates"":[]}"
