system:index,class,mean,.geo
0,0,0.03031601242799931,"{""type"":""MultiPoint"",""coordinates"":[]}"
1,1,0.14936098893079147,"{""type"":""MultiPoint"",""coordinates"":[]}"
2,2,0.24954544245898402,"{""type"":""MultiPoint"",""coordinates"":[]}"
3,3,0.3454912482572085,"{""type"":""MultiPoint"",""coordinates"":[]}"
4,4,0.4483751415605643,"{""type"":""MultiPoint"",""coordinates"":[]}"
5,5,0.5501884655281355,"{""type"":""MultiPoint"",""coordinates"":[]}"
6,6,0.6464903132937713,"{""type"":""MultiPoint"",""coordinates"":[]}"
7,7,0.7501404224663014,"{""type"":""MultiPoint"",""coordinates"":[]}"
8,8,0.8417086161488587,"{""type"":""MultiPoint"",""coordinates"":[]}"
9,9,0.9223383091734726,"{""type"":""MultiPoint"",""coordinates"":[]}"
