system:index,class,mean,.geo
0,0,0.02783890562837596,"{""type"":""MultiPoint"",""coordinates"":[]}"
1,1,0.14862574930696493,"{""type"":""MultiPoint"",""coordinates"":[]}"
2,2,0.247952811615973,"{""type"":""MultiPoint"",""coordinates"":[]}"
3,3,0.34816813153564785,"{""type"":""MultiPoint"",""coordinates"":[]}"
4,4,0.44983141546675887,"{""type"":""MultiPoint"",""coordinates"":[]}"
5,5,0.5478200921103873,"{""type"":""MultiPoint"",""coordinates"":[]}"
6,6,0.6485235704113933,"{""type"":""MultiPoint"",""coordinates"":[]}"
7,7,0.7470460084093606,"{""type"":""MultiPoint"",""coordinates"":[]}"
8,8,0.8530685565506096,"{""type"":""MultiPoint"",""coordinates"":[]}"
9,9,0.9303987731522259,"{""type"":""MultiPoint"",""coordinates"":[]}"
