system:index,class,mean,.geo
0,0,0.020851867896786908,"{""type"":""MultiPoint"",""coordinates"":[]}"
1,1,0.14834849158033286,"{""type"":""MultiPoint"",""coordinates"":[]}"
2,2,0.25154845154423566,"{""type"":""MultiPoint"",""coordinates"":[]}"
3,3,0.35139326591547965,"{""type"":""MultiPoint"",""coordinates"":[]}"
4,4,0.4527669103563943,"{""type"":""MultiPoint"",""coordinates"":[]}"
5,5,0.5531382813303847,"{""type"":""MultiPoint"",""coordinates"":[]}"
6,6,0.6510523079606405,"{""type"":""MultiPoint"",""coordinates"":[]}"
7,7,0.753169787342614,"{""type"":""MultiPoint"",""coordinates"":[]}"
8,8,0.8453624776994934,"{""type"":""MultiPoint"",""coordinates"":[]}"
9,9,0.940286511314484,"{""type"":""MultiPoint"",""coordinates"":[]}"
