system:index,class,mean,.geo
0,0,0.028309656089913,"{""type"":""MultiPoint"",""coordinates"":[]}"
1,1,0.14381788394881598,"{""type"":""MultiPoint"",""coordinates"":[]}"
2,2,0.2464542903828102,"{""type"":""MultiPoint"",""coordinates"":[]}"
3,3,0.3468069039594412,"{""type"":""MultiPoint"",""coordinates"":[]}"
4,4,0.44089730253663906,"{""type"":""MultiPoint"",""coordinates"":[]}"
5,5,0.5479414318133108,"{""type"":""MultiPoint"",""coordinates"":[]}"
6,6,0.6446185942015267,"{""type"":""MultiPoint"",""coordinates"":[]}"
7,7,0.7477191440614129,"{""type"":""MultiPoint"",""coordinates"":[]}"
8,8,0.8493505285864609,"{""type"":""MultiPoint"",""coordinates"":[]}"
9,9,0.9339392671495229,"{""type"":""MultiPoint"",""coordinates"":[]}"
