system:index,class,mean,.geo
0,0,0.03512680924372442,"{""type"":""MultiPoint"",""coordinates"":[]}"
1,1,0.14929897965085223,"{""type"":""MultiPoint"",""coordinates"":[]}"
2,2,0.2502410902070894,"{""type"":""MultiPoint"",""coordinates"":[]}"
3,3,0.34955175098705604,"{""type"":""MultiPoint"",""coordinates"":[]}"
4,4,0.4507509858218092,"{""type"":""MultiPoint"",""coordinates"":[]}"
5,5,0.5507126408789489,"{""type"":""MultiPoint"",""coordinates"":[]}"
6,6,0.6526709872912568,"{""type"":""MultiPoint"",""coordinates"":[]}"
7,7,0.7365186185966045,"{""type"":""MultiPoint"",""coordinates"":[]}"
8,8,0.8231497805306242,"{""type"":""MultiPoint"",""coordinates"":[]}"
9,9,,"{""type"":""MultiPoint"",""coordinates"":[]}"
