system:index,class,mean,.geo
0,0,0.03171489013439153,"{""type"":""MultiPoint"",""coordinates"":[]}"
1,1,0.1487625991510997,"{""type"":""MultiPoint"",""coordinates"":[]}"
2,2,0.25108093319446134,"{""type"":""MultiPoint"",""coordinates"":[]}"
3,3,0.34781914919691653,"{""type"":""MultiPoint"",""coordinates"":[]}"
4,4,0.4477349916754598,"{""type"":""MultiPoint"",""coordinates"":[]}"
5,5,0.551343680050169,"{""type"":""MultiPoint"",""coordinates"":[]}"
6,6,0.6462395691692882,"{""type"":""MultiPoint"",""coordinates"":[]}"
7,7,0.7532988579292886,"{""type"":""MultiPoint"",""coordinates"":[]}"
8,8,0.8473530953657606,"{""type"":""MultiPoint"",""coordinates"":[]}"
9,9,0.9503455017196354,"{""type"":""MultiPoint"",""coordinates"":[]}"
