system:index,class,mean,.geo
0,0,0.011948582256093776,"{""type"":""MultiPoint"",""coordinates"":[]}"
1,1,0.14688063223644252,"{""type"":""MultiPoint"",""coordinates"":[]}"
2,2,0.249340640986629,"{""type"":""MultiPoint"",""coordinates"":[]}"
3,3,0.34844384826387964,"{""type"":""MultiPoint"",""coordinates"":[]}"
4,4,0.45018773642166343,"{""type"":""MultiPoint"",""coordinates"":[]}"
5,5,0.5487667639293339,"{""type"":""MultiPoint"",""coordinates"":[]}"
6,6,0.6502856486170551,"{""type"":""MultiPoint"",""coordinates"":[]}"
7,7,0.7516041297853866,"{""type"":""MultiPoint"",""coordinates"":[]}"
8,8,0.8536376205795435,"{""type"":""MultiPoint"",""coordinates"":[]}"
9,9,0.9494996516898023,"{""type"":""MultiPoint"",""coordinates"":[]}"
