system:index,class,mean,.geo
0,0,0.02314936761907714,"{""type"":""MultiPoint"",""coordinates"":[]}"
1,1,0.14662201306303274,"{""type"":""MultiPoint"",""coordinates"":[]}"
2,2,0.24989827413361657,"{""type"":""MultiPoint"",""coordinates"":[]}"
3,3,0.3480611357086482,"{""type"":""MultiPoint"",""coordinates"":[]}"
4,4,0.4482253796894597,"{""type"":""MultiPoint"",""coordinates"":[]}"
5,5,0.5519438116382953,"{""type"":""MultiPoint"",""coordinates"":[]}"
6,6,0.6475080994552616,"{""type"":""MultiPoint"",""coordinates"":[]}"
7,7,0.7449933648553109,"{""type"":""MultiPoint"",""coordinates"":[]}"
8,8,0.8464728441192901,"{""type"":""MultiPoint"",""coordinates"":[]}"
9,9,0.9071387895689706,"{""type"":""MultiPoint"",""coordinates"":[]}"
