system:index,class,mean,.geo
0,0,0.02068161419421453,"{""type"":""MultiPoint"",""coordinates"":[]}"
1,1,0.1488527343564348,"{""type"":""MultiPoint"",""coordinates"":[]}"
2,2,0.2494917793621796,"{""type"":""MultiPoint"",""coordinates"":[]}"
3,3,0.34998162893063917,"{""type"":""MultiPoint"",""coordinates"":[]}"
4,4,0.45134973490176067,"{""type"":""MultiPoint"",""coordinates"":[]}"
5,5,0.5495028374333774,"{""type"":""MultiPoint"",""coordinates"":[]}"
6,6,0.6507392292413703,"{""type"":""MultiPoint"",""coordinates"":[]}"
7,7,0.7514079085855488,"{""type"":""MultiPoint"",""coordinates"":[]}"
8,8,0.8510819067874975,"{""type"":""MultiPoint"",""coordinates"":[]}"
9,9,0.953957493112226,"{""type"":""MultiPoint"",""coordinates"":[]}"
