system:index,class,mean,.geo
0,0,0.07665832250894292,"{""type"":""MultiPoint"",""coordinates"":[]}"
1,1,0.15370237050074328,"{""type"":""MultiPoint"",""coordinates"":[]}"
2,2,0.2445696555571395,"{""type"":""MultiPoint"",""coordinates"":[]}"
3,3,0.3416363063239511,"{""type"":""MultiPoint"",""coordinates"":[]}"
4,4,0.44833635120970267,"{""type"":""MultiPoint"",""coordinates"":[]}"
5,5,0.545604884272611,"{""type"":""MultiPoint"",""coordinates"":[]}"
6,6,0.6509277363726571,"{""type"":""MultiPoint"",""coordinates"":[]}"
7,7,0.7473491754670112,"{""type"":""MultiPoint"",""coordinates"":[]}"
8,8,0.8444469776269203,"{""type"":""MultiPoint"",""coordinates"":[]}"
9,9,0.9459049159779185,"{""type"":""MultiPoint"",""coordinates"":[]}"
