system:index,class,mean,.geo
0,0,0.017128658567362377,"{""type"":""MultiPoint"",""coordinates"":[]}"
1,1,0.14649596344875682,"{""type"":""MultiPoint"",""coordinates"":[]}"
2,2,0.24727974173965164,"{""type"":""MultiPoint"",""coordinates"":[]}"
3,3,0.3478124576255287,"{""type"":""MultiPoint"",""coordinates"":[]}"
4,4,0.448929634793619,"{""type"":""MultiPoint"",""coordinates"":[]}"
5,5,0.5499469334995069,"{""type"":""MultiPoint"",""coordinates"":[]}"
6,6,0.6500860336712728,"{""type"":""MultiPoint"",""coordinates"":[]}"
7,7,0.7520750672871844,"{""type"":""MultiPoint"",""coordinates"":[]}"
8,8,0.853913862057986,"{""type"":""MultiPoint"",""coordinates"":[]}"
9,9,0.9542517809504893,"{""type"":""MultiPoint"",""coordinates"":[]}"
