system:index,class,mean,.geo
0,0,0.04646311135541215,"{""type"":""MultiPoint"",""coordinates"":[]}"
1,1,0.14655970239863378,"{""type"":""MultiPoint"",""coordinates"":[]}"
2,2,0.2455555469462276,"{""type"":""MultiPoint"",""coordinates"":[]}"
3,3,0.3454774512806514,"{""type"":""MultiPoint"",""coordinates"":[]}"
4,4,0.44711994898939883,"{""type"":""MultiPoint"",""coordinates"":[]}"
5,5,0.5465877314964325,"{""type"":""MultiPoint"",""coordinates"":[]}"
6,6,0.6436202079307487,"{""type"":""MultiPoint"",""coordinates"":[]}"
7,7,0.7436290748245172,"{""type"":""MultiPoint"",""coordinates"":[]}"
8,8,0.8412854341278347,"{""type"":""MultiPoint"",""coordinates"":[]}"
9,9,0.9632923522305511,"{""type"":""MultiPoint"",""coordinates"":[]}"
