system:index,class,mean,.geo
0,0,0.05176789883985645,"{""type"":""MultiPoint"",""coordinates"":[]}"
1,1,0.14343255091987617,"{""type"":""MultiPoint"",""coordinates"":[]}"
2,2,0.24305706470583022,"{""type"":""MultiPoint"",""coordinates"":[]}"
3,3,0.34363265202335996,"{""type"":""MultiPoint"",""coordinates"":[]}"
4,4,0.4446325800537299,"{""type"":""MultiPoint"",""coordinates"":[]}"
5,5,0.5476181437718709,"{""type"":""MultiPoint"",""coordinates"":[]}"
6,6,0.6384123197853303,"{""type"":""MultiPoint"",""coordinates"":[]}"
7,7,0.7420574537721805,"{""type"":""MultiPoint"",""coordinates"":[]}"
8,8,0.8459417959757487,"{""type"":""MultiPoint"",""coordinates"":[]}"
9,9,0.9316814760164379,"{""type"":""MultiPoint"",""coordinates"":[]}"
