system:index,class,mean,.geo
0,0,0.021595575910743896,"{""type"":""MultiPoint"",""coordinates"":[]}"
1,1,0.14545180874717345,"{""type"":""MultiPoint"",""coordinates"":[]}"
2,2,0.24762221033706105,"{""type"":""MultiPoint"",""coordinates"":[]}"
3,3,0.34791205645021356,"{""type"":""MultiPoint"",""coordinates"":[]}"
4,4,0.44942687939448234,"{""type"":""MultiPoint"",""coordinates"":[]}"
5,5,0.5483475959304015,"{""type"":""MultiPoint"",""coordinates"":[]}"
6,6,0.6490589833213783,"{""type"":""MultiPoint"",""coordinates"":[]}"
7,7,0.7459559575604291,"{""type"":""MultiPoint"",""coordinates"":[]}"
8,8,0.8448854913363903,"{""type"":""MultiPoint"",""coordinates"":[]}"
9,9,0.9414656145666446,"{""type"":""MultiPoint"",""coordinates"":[]}"
