system:index,class,mean,.geo
0,0,0.031537087937735186,"{""type"":""MultiPoint"",""coordinates"":[]}"
1,1,0.14112376717319466,"{""type"":""MultiPoint"",""coordinates"":[]}"
2,2,0.24762335684315082,"{""type"":""MultiPoint"",""coordinates"":[]}"
3,3,0.34442776131036534,"{""type"":""MultiPoint"",""coordinates"":[]}"
4,4,0.450441933330374,"{""type"":""MultiPoint"",""coordinates"":[]}"
5,5,0.5479635723654424,"{""type"":""MultiPoint"",""coordinates"":[]}"
6,6,0.6474051524142947,"{""type"":""MultiPoint"",""coordinates"":[]}"
7,7,0.7478572029098581,"{""type"":""MultiPoint"",""coordinates"":[]}"
8,8,0.8483150804808206,"{""type"":""MultiPoint"",""coordinates"":[]}"
9,9,0.9379314153835493,"{""type"":""MultiPoint"",""coordinates"":[]}"
