system:index,class,mean,.geo
0,0,0.019451292483218866,"{""type"":""MultiPoint"",""coordinates"":[]}"
1,1,0.14827409570301744,"{""type"":""MultiPoint"",""coordinates"":[]}"
2,2,0.2514354388574452,"{""type"":""MultiPoint"",""coordinates"":[]}"
3,3,0.3489930613582321,"{""type"":""MultiPoint"",""coordinates"":[]}"
4,4,0.4469784499955166,"{""type"":""MultiPoint"",""coordinates"":[]}"
5,5,0.5464358905338542,"{""type"":""MultiPoint"",""coordinates"":[]}"
6,6,0.6499869505651357,"{""type"":""MultiPoint"",""coordinates"":[]}"
7,7,0.7461082888490335,"{""type"":""MultiPoint"",""coordinates"":[]}"
8,8,0.8493528979708082,"{""type"":""MultiPoint"",""coordinates"":[]}"
9,9,0.9433325469642256,"{""type"":""MultiPoint"",""coordinates"":[]}"
