system:index,class,mean,.geo
0,0,0.03679272304176178,"{""type"":""MultiPoint"",""coordinates"":[]}"
1,1,0.14663376669181225,"{""type"":""MultiPoint"",""coordinates"":[]}"
2,2,0.24835075796151546,"{""type"":""MultiPoint"",""coordinates"":[]}"
3,3,0.34892016958598737,"{""type"":""MultiPoint"",""coordinates"":[]}"
4,4,0.4484955782200615,"{""type"":""MultiPoint"",""coordinates"":[]}"
5,5,0.5478570612227794,"{""type"":""MultiPoint"",""coordinates"":[]}"
6,6,0.6476293490864262,"{""type"":""MultiPoint"",""coordinates"":[]}"
7,7,0.7477594136885476,"{""type"":""MultiPoint"",""coordinates"":[]}"
8,8,0.8500420595046612,"{""type"":""MultiPoint"",""coordinates"":[]}"
9,9,0.9338600685193995,"{""type"":""MultiPoint"",""coordinates"":[]}"
