system:index,class,mean,.geo
0,0,0.02633920008927552,"{""type"":""MultiPoint"",""coordinates"":[]}"
1,1,0.1454397493359596,"{""type"":""MultiPoint"",""coordinates"":[]}"
2,2,0.244959350979046,"{""type"":""MultiPoint"",""coordinates"":[]}"
3,3,0.3456792238266839,"{""type"":""MultiPoint"",""coordinates"":[]}"
4,4,0.4490621389941663,"{""type"":""MultiPoint"",""coordinates"":[]}"
5,5,0.5500570879292228,"{""type"":""MultiPoint"",""coordinates"":[]}"
6,6,0.6502724866136513,"{""type"":""MultiPoint"",""coordinates"":[]}"
7,7,0.7517428621993959,"{""type"":""MultiPoint"",""coordinates"":[]}"
8,8,0.852397052859564,"{""type"":""MultiPoint"",""coordinates"":[]}"
9,9,0.9423943457352998,"{""type"":""MultiPoint"",""coordinates"":[]}"
