system:index,class,mean,.geo
0,0,0.041599619120742386,"{""type"":""MultiPoint"",""coordinates"":[]}"
1,1,0.15147401548955608,"{""type"":""MultiPoint"",""coordinates"":[]}"
2,2,0.2500217973338622,"{""type"":""MultiPoint"",""coordinates"":[]}"
3,3,0.34477631139256815,"{""type"":""MultiPoint"",""coordinates"":[]}"
4,4,0.4479750300764071,"{""type"":""MultiPoint"",""coordinates"":[]}"
5,5,0.5498978047618415,"{""type"":""MultiPoint"",""coordinates"":[]}"
6,6,0.6481400183514714,"{""type"":""MultiPoint"",""coordinates"":[]}"
7,7,0.7522134969417801,"{""type"":""MultiPoint"",""coordinates"":[]}"
8,8,0.8514679704621595,"{""type"":""MultiPoint"",""coordinates"":[]}"
9,9,0.9414189532026603,"{""type"":""MultiPoint"",""coordinates"":[]}"
