system:index,class,mean,.geo
0,0,0.017635594106734567,"{""type"":""MultiPoint"",""coordinates"":[]}"
1,1,0.14834462901775775,"{""type"":""MultiPoint"",""coordinates"":[]}"
2,2,0.250950667292043,"{""type"":""MultiPoint"",""coordinates"":[]}"
3,3,0.35146015478847153,"{""type"":""MultiPoint"",""coordinates"":[]}"
4,4,0.4490440803535509,"{""type"":""MultiPoint"",""coordinates"":[]}"
5,5,0.5511820807456389,"{""type"":""MultiPoint"",""coordinates"":[]}"
6,6,0.6509416278013803,"{""type"":""MultiPoint"",""coordinates"":[]}"
7,7,0.749219161729991,"{""type"":""MultiPoint"",""coordinates"":[]}"
8,8,0.8532671399588215,"{""type"":""MultiPoint"",""coordinates"":[]}"
9,9,0.952462453390561,"{""type"":""MultiPoint"",""coordinates"":[]}"
