system:index,class,mean,.geo
0,0,0.033673804802168555,"{""type"":""MultiPoint"",""coordinates"":[]}"
1,1,0.15097223481470334,"{""type"":""MultiPoint"",""coordinates"":[]}"
2,2,0.2455326674623724,"{""type"":""MultiPoint"",""coordinates"":[]}"
3,3,0.34644992770877636,"{""type"":""MultiPoint"",""coordinates"":[]}"
4,4,0.44909768736461647,"{""type"":""MultiPoint"",""coordinates"":[]}"
5,5,0.5525430021361347,"{""type"":""MultiPoint"",""coordinates"":[]}"
6,6,0.6509551019058463,"{""type"":""MultiPoint"",""coordinates"":[]}"
7,7,0.7510558306353191,"{""type"":""MultiPoint"",""coordinates"":[]}"
8,8,0.8496110092509256,"{""type"":""MultiPoint"",""coordinates"":[]}"
9,9,0.954082547427147,"{""type"":""MultiPoint"",""coordinates"":[]}"
