system:index,class,mean,.geo
0,0,0.02038912618024824,"{""type"":""MultiPoint"",""coordinates"":[]}"
1,1,0.14522572456263003,"{""type"":""MultiPoint"",""coordinates"":[]}"
2,2,0.24544792546335126,"{""type"":""MultiPoint"",""coordinates"":[]}"
3,3,0.34618464597796167,"{""type"":""MultiPoint"",""coordinates"":[]}"
4,4,0.4484686160447566,"{""type"":""MultiPoint"",""coordinates"":[]}"
5,5,0.5453990351916083,"{""type"":""MultiPoint"",""coordinates"":[]}"
6,6,0.646433606362879,"{""type"":""MultiPoint"",""coordinates"":[]}"
7,7,0.7459391384797874,"{""type"":""MultiPoint"",""coordinates"":[]}"
8,8,0.8499499615456093,"{""type"":""MultiPoint"",""coordinates"":[]}"
9,9,0.9545119229387371,"{""type"":""MultiPoint"",""coordinates"":[]}"
