system:index,class,mean,.geo
0,0,0.034845956114523076,"{""type"":""MultiPoint"",""coordinates"":[]}"
1,1,0.1483792437852676,"{""type"":""MultiPoint"",""coordinates"":[]}"
2,2,0.24738611328352617,"{""type"":""MultiPoint"",""coordinates"":[]}"
3,3,0.3492192445587794,"{""type"":""MultiPoint"",""coordinates"":[]}"
4,4,0.4508712691348186,"{""type"":""MultiPoint"",""coordinates"":[]}"
5,5,0.5501271915624918,"{""type"":""MultiPoint"",""coordinates"":[]}"
6,6,0.6499948363111377,"{""type"":""MultiPoint"",""coordinates"":[]}"
7,7,0.7498874364192003,"{""type"":""MultiPoint"",""coordinates"":[]}"
8,8,0.8519177671334648,"{""type"":""MultiPoint"",""coordinates"":[]}"
9,9,0.9412631565456535,"{""type"":""MultiPoint"",""coordinates"":[]}"
