system:index,class,mean,.geo
0,0,0.06722675636382477,"{""type"":""MultiPoint"",""coordinates"":[]}"
1,1,0.14614857298974265,"{""type"":""MultiPoint"",""coordinates"":[]}"
2,2,0.24462245388277185,"{""type"":""MultiPoint"",""coordinates"":[]}"
3,3,0.34695944164096987,"{""type"":""MultiPoint"",""coordinates"":[]}"
4,4,0.4475163181884292,"{""type"":""MultiPoint"",""coordinates"":[]}"
5,5,0.5477066299336169,"{""type"":""MultiPoint"",""coordinates"":[]}"
6,6,0.6477560323199678,"{""type"":""MultiPoint"",""coordinates"":[]}"
7,7,0.7447003407409043,"{""type"":""MultiPoint"",""coordinates"":[]}"
8,8,0.8452557653648183,"{""type"":""MultiPoint"",""coordinates"":[]}"
9,9,0.9589762354403792,"{""type"":""MultiPoint"",""coordinates"":[]}"
