system:index,class,mean,.geo
0,0,0.017014003329814856,"{""type"":""MultiPoint"",""coordinates"":[]}"
1,1,0.14501993722918954,"{""type"":""MultiPoint"",""coordinates"":[]}"
2,2,0.24789273806736156,"{""type"":""MultiPoint"",""coordinates"":[]}"
3,3,0.3474476524523483,"{""type"":""MultiPoint"",""coordinates"":[]}"
4,4,0.4475679475626474,"{""type"":""MultiPoint"",""coordinates"":[]}"
5,5,0.5488480990838661,"{""type"":""MultiPoint"",""coordinates"":[]}"
6,6,0.6494142030480675,"{""type"":""MultiPoint"",""coordinates"":[]}"
7,7,0.7504614973719599,"{""type"":""MultiPoint"",""coordinates"":[]}"
8,8,0.8543156007129902,"{""type"":""MultiPoint"",""coordinates"":[]}"
9,9,0.9561175930464252,"{""type"":""MultiPoint"",""coordinates"":[]}"
