system:index,class,mean,.geo
0,0,0.03543263313399417,"{""type"":""MultiPoint"",""coordinates"":[]}"
1,1,0.1461944081374886,"{""type"":""MultiPoint"",""coordinates"":[]}"
2,2,0.2500819376860338,"{""type"":""MultiPoint"",""coordinates"":[]}"
3,3,0.3517547058635631,"{""type"":""MultiPoint"",""coordinates"":[]}"
4,4,0.4473755004168488,"{""type"":""MultiPoint"",""coordinates"":[]}"
5,5,0.5491318704596129,"{""type"":""MultiPoint"",""coordinates"":[]}"
6,6,0.6489005513804118,"{""type"":""MultiPoint"",""coordinates"":[]}"
7,7,0.7478038107243936,"{""type"":""MultiPoint"",""coordinates"":[]}"
8,8,0.8512479786782363,"{""type"":""MultiPoint"",""coordinates"":[]}"
9,9,0.9300427085225967,"{""type"":""MultiPoint"",""coordinates"":[]}"
