system:index,class,mean,.geo
0,0,0.03229539571191922,"{""type"":""MultiPoint"",""coordinates"":[]}"
1,1,0.14676386628278024,"{""type"":""MultiPoint"",""coordinates"":[]}"
2,2,0.24973435646567602,"{""type"":""MultiPoint"",""coordinates"":[]}"
3,3,0.3467979069943349,"{""type"":""MultiPoint"",""coordinates"":[]}"
4,4,0.4473410192838263,"{""type"":""MultiPoint"",""coordinates"":[]}"
5,5,0.5492283650409103,"{""type"":""MultiPoint"",""coordinates"":[]}"
6,6,0.6492678031128686,"{""type"":""MultiPoint"",""coordinates"":[]}"
7,7,0.7525705966631192,"{""type"":""MultiPoint"",""coordinates"":[]}"
8,8,0.8458444673766696,"{""type"":""MultiPoint"",""coordinates"":[]}"
9,9,0.9436113394614014,"{""type"":""MultiPoint"",""coordinates"":[]}"
