system:index,class,mean,.geo
0,0,0.02787792828646629,"{""type"":""MultiPoint"",""coordinates"":[]}"
1,1,0.14900214536376,"{""type"":""MultiPoint"",""coordinates"":[]}"
2,2,0.24791410545983794,"{""type"":""MultiPoint"",""coordinates"":[]}"
3,3,0.34817943134230983,"{""type"":""MultiPoint"",""coordinates"":[]}"
4,4,0.4520018991118269,"{""type"":""MultiPoint"",""coordinates"":[]}"
5,5,0.5475916597168068,"{""type"":""MultiPoint"",""coordinates"":[]}"
6,6,0.6436088483638354,"{""type"":""MultiPoint"",""coordinates"":[]}"
7,7,0.7439787887062558,"{""type"":""MultiPoint"",""coordinates"":[]}"
8,8,0.8476150533469621,"{""type"":""MultiPoint"",""coordinates"":[]}"
9,9,0.9220638273070503,"{""type"":""MultiPoint"",""coordinates"":[]}"
