system:index,class,mean,.geo
0,0,0.026641212565898114,"{""type"":""MultiPoint"",""coordinates"":[]}"
1,1,0.1459561652140281,"{""type"":""MultiPoint"",""coordinates"":[]}"
2,2,0.24783784993517805,"{""type"":""MultiPoint"",""coordinates"":[]}"
3,3,0.34813002041370855,"{""type"":""MultiPoint"",""coordinates"":[]}"
4,4,0.44937697902678925,"{""type"":""MultiPoint"",""coordinates"":[]}"
5,5,0.5516011279808525,"{""type"":""MultiPoint"",""coordinates"":[]}"
6,6,0.6504009286731695,"{""type"":""MultiPoint"",""coordinates"":[]}"
7,7,0.7522935309781204,"{""type"":""MultiPoint"",""coordinates"":[]}"
8,8,0.8530396436315175,"{""type"":""MultiPoint"",""coordinates"":[]}"
9,9,0.9352099024528645,"{""type"":""MultiPoint"",""coordinates"":[]}"
