system:index,class,mean,.geo
0,0,0.017473416012320907,"{""type"":""MultiPoint"",""coordinates"":[]}"
1,1,0.1495273203860306,"{""type"":""MultiPoint"",""coordinates"":[]}"
2,2,0.25160399462371186,"{""type"":""MultiPoint"",""coordinates"":[]}"
3,3,0.35126050742805665,"{""type"":""MultiPoint"",""coordinates"":[]}"
4,4,0.45222372655040455,"{""type"":""MultiPoint"",""coordinates"":[]}"
5,5,0.5531270288643831,"{""type"":""MultiPoint"",""coordinates"":[]}"
6,6,0.6526996456642511,"{""type"":""MultiPoint"",""coordinates"":[]}"
7,7,0.7521749306409851,"{""type"":""MultiPoint"",""coordinates"":[]}"
8,8,0.8486849085499486,"{""type"":""MultiPoint"",""coordinates"":[]}"
9,9,0.9309633998356907,"{""type"":""MultiPoint"",""coordinates"":[]}"
