system:index,class,mean,.geo
0,0,0.03896908549337323,"{""type"":""MultiPoint"",""coordinates"":[]}"
1,1,0.14315123521627188,"{""type"":""MultiPoint"",""coordinates"":[]}"
2,2,0.24972101990766446,"{""type"":""MultiPoint"",""coordinates"":[]}"
3,3,0.35100020215817873,"{""type"":""MultiPoint"",""coordinates"":[]}"
4,4,0.44810292516822275,"{""type"":""MultiPoint"",""coordinates"":[]}"
5,5,0.5470010410318168,"{""type"":""MultiPoint"",""coordinates"":[]}"
6,6,0.6491769439353736,"{""type"":""MultiPoint"",""coordinates"":[]}"
7,7,0.7428671668334064,"{""type"":""MultiPoint"",""coordinates"":[]}"
8,8,0.8446574201468346,"{""type"":""MultiPoint"",""coordinates"":[]}"
9,9,0.903959699881863,"{""type"":""MultiPoint"",""coordinates"":[]}"
