system:index,class,mean,.geo
0,0,0.03523265480794214,"{""type"":""MultiPoint"",""coordinates"":[]}"
1,1,0.14376276459501142,"{""type"":""MultiPoint"",""coordinates"":[]}"
2,2,0.2461313324799988,"{""type"":""MultiPoint"",""coordinates"":[]}"
3,3,0.3480109941338856,"{""type"":""MultiPoint"",""coordinates"":[]}"
4,4,0.4497869636938007,"{""type"":""MultiPoint"",""coordinates"":[]}"
5,5,0.5512810096783181,"{""type"":""MultiPoint"",""coordinates"":[]}"
6,6,0.6477482362436456,"{""type"":""MultiPoint"",""coordinates"":[]}"
7,7,0.7495452597787599,"{""type"":""MultiPoint"",""coordinates"":[]}"
8,8,0.8532217871949719,"{""type"":""MultiPoint"",""coordinates"":[]}"
9,9,0.9396000829486901,"{""type"":""MultiPoint"",""coordinates"":[]}"
