system:index,class,mean,.geo
0,0,0.02423148774042969,"{""type"":""MultiPoint"",""coordinates"":[]}"
1,1,0.14739049053946604,"{""type"":""MultiPoint"",""coordinates"":[]}"
2,2,0.245512519628162,"{""type"":""MultiPoint"",""coordinates"":[]}"
3,3,0.34889550962934784,"{""type"":""MultiPoint"",""coordinates"":[]}"
4,4,0.44550942965292845,"{""type"":""MultiPoint"",""coordinates"":[]}"
5,5,0.5486679960960916,"{""type"":""MultiPoint"",""coordinates"":[]}"
6,6,0.6496319753273904,"{""type"":""MultiPoint"",""coordinates"":[]}"
7,7,0.7493313970361861,"{""type"":""MultiPoint"",""coordinates"":[]}"
8,8,0.8459981224227051,"{""type"":""MultiPoint"",""coordinates"":[]}"
9,9,0.9455161966059302,"{""type"":""MultiPoint"",""coordinates"":[]}"
