system:index,class,mean,.geo
0,0,0.024898248237073154,"{""type"":""MultiPoint"",""coordinates"":[]}"
1,1,0.14512729998952661,"{""type"":""MultiPoint"",""coordinates"":[]}"
2,2,0.2463067401806906,"{""type"":""MultiPoint"",""coordinates"":[]}"
3,3,0.3481237092243145,"{""type"":""MultiPoint"",""coordinates"":[]}"
4,4,0.44861927102561433,"{""type"":""MultiPoint"",""coordinates"":[]}"
5,5,0.5502812345862113,"{""type"":""MultiPoint"",""coordinates"":[]}"
6,6,0.6503503040963897,"{""type"":""MultiPoint"",""coordinates"":[]}"
7,7,0.754809121705043,"{""type"":""MultiPoint"",""coordinates"":[]}"
8,8,0.845688337310443,"{""type"":""MultiPoint"",""coordinates"":[]}"
9,9,0.9516927933471051,"{""type"":""MultiPoint"",""coordinates"":[]}"
