system:index,class,mean,.geo
0,0,0.04022143735811076,"{""type"":""MultiPoint"",""coordinates"":[]}"
1,1,0.15457925006584217,"{""type"":""MultiPoint"",""coordinates"":[]}"
2,2,0.24871361452466284,"{""type"":""MultiPoint"",""coordinates"":[]}"
3,3,0.35427504063774296,"{""type"":""MultiPoint"",""coordinates"":[]}"
4,4,0.4571613990607294,"{""type"":""MultiPoint"",""coordinates"":[]}"
5,5,0.5541041359534474,"{""type"":""MultiPoint"",""coordinates"":[]}"
6,6,0.6545924735108524,"{""type"":""MultiPoint"",""coordinates"":[]}"
7,7,0.7544662279685879,"{""type"":""MultiPoint"",""coordinates"":[]}"
8,8,0.8510923799657504,"{""type"":""MultiPoint"",""coordinates"":[]}"
9,9,0.9055039051206433,"{""type"":""MultiPoint"",""coordinates"":[]}"
