system:index,class,mean,.geo
0,0,0.05055293522536911,"{""type"":""MultiPoint"",""coordinates"":[]}"
1,1,0.14409274215158144,"{""type"":""MultiPoint"",""coordinates"":[]}"
2,2,0.24571307780140297,"{""type"":""MultiPoint"",""coordinates"":[]}"
3,3,0.3480599126268854,"{""type"":""MultiPoint"",""coordinates"":[]}"
4,4,0.446810641724829,"{""type"":""MultiPoint"",""coordinates"":[]}"
5,5,0.5481346065294342,"{""type"":""MultiPoint"",""coordinates"":[]}"
6,6,0.6531041672254405,"{""type"":""MultiPoint"",""coordinates"":[]}"
7,7,0.7514628122639402,"{""type"":""MultiPoint"",""coordinates"":[]}"
8,8,0.8499620845213247,"{""type"":""MultiPoint"",""coordinates"":[]}"
9,9,0.9474561022839605,"{""type"":""MultiPoint"",""coordinates"":[]}"
