system:index,class,mean,.geo
0,0,0.030979162996066675,"{""type"":""MultiPoint"",""coordinates"":[]}"
1,1,0.1508812122214702,"{""type"":""MultiPoint"",""coordinates"":[]}"
2,2,0.2493866615349791,"{""type"":""MultiPoint"",""coordinates"":[]}"
3,3,0.34700126546452037,"{""type"":""MultiPoint"",""coordinates"":[]}"
4,4,0.4489614179243323,"{""type"":""MultiPoint"",""coordinates"":[]}"
5,5,0.5493854049307576,"{""type"":""MultiPoint"",""coordinates"":[]}"
6,6,0.6476235963159828,"{""type"":""MultiPoint"",""coordinates"":[]}"
7,7,0.7501021120421593,"{""type"":""MultiPoint"",""coordinates"":[]}"
8,8,0.8510600228803163,"{""type"":""MultiPoint"",""coordinates"":[]}"
9,9,0.947206448083247,"{""type"":""MultiPoint"",""coordinates"":[]}"
