system:index,class,mean,.geo
0,0,0.02061895478966408,"{""type"":""MultiPoint"",""coordinates"":[]}"
1,1,0.1489611003747465,"{""type"":""MultiPoint"",""coordinates"":[]}"
2,2,0.24953288598041684,"{""type"":""MultiPoint"",""coordinates"":[]}"
3,3,0.35218467470444875,"{""type"":""MultiPoint"",""coordinates"":[]}"
4,4,0.45164215276310293,"{""type"":""MultiPoint"",""coordinates"":[]}"
5,5,0.5534446013198451,"{""type"":""MultiPoint"",""coordinates"":[]}"
6,6,0.6519300175959012,"{""type"":""MultiPoint"",""coordinates"":[]}"
7,7,0.7528541269272068,"{""type"":""MultiPoint"",""coordinates"":[]}"
8,8,0.8521616460516462,"{""type"":""MultiPoint"",""coordinates"":[]}"
9,9,0.9359900377638517,"{""type"":""MultiPoint"",""coordinates"":[]}"
