system:index,class,mean,.geo
0,0,0.024502744843998565,"{""type"":""MultiPoint"",""coordinates"":[]}"
1,1,0.14747721668955738,"{""type"":""MultiPoint"",""coordinates"":[]}"
2,2,0.24808788243859742,"{""type"":""MultiPoint"",""coordinates"":[]}"
3,3,0.3472346484609257,"{""type"":""MultiPoint"",""coordinates"":[]}"
4,4,0.4483021655466504,"{""type"":""MultiPoint"",""coordinates"":[]}"
5,5,0.5509079254269432,"{""type"":""MultiPoint"",""coordinates"":[]}"
6,6,0.6506103434422353,"{""type"":""MultiPoint"",""coordinates"":[]}"
7,7,0.7484368609834247,"{""type"":""MultiPoint"",""coordinates"":[]}"
8,8,0.8452445094725346,"{""type"":""MultiPoint"",""coordinates"":[]}"
9,9,0.9472057895834534,"{""type"":""MultiPoint"",""coordinates"":[]}"
