system:index,class,mean,.geo
0,0,0.02876700873913402,"{""type"":""MultiPoint"",""coordinates"":[]}"
1,1,0.1444935537208144,"{""type"":""MultiPoint"",""coordinates"":[]}"
2,2,0.24772689903200654,"{""type"":""MultiPoint"",""coordinates"":[]}"
3,3,0.3486633896243219,"{""type"":""MultiPoint"",""coordinates"":[]}"
4,4,0.4520469745455114,"{""type"":""MultiPoint"",""coordinates"":[]}"
5,5,0.5528066104173378,"{""type"":""MultiPoint"",""coordinates"":[]}"
6,6,0.6513334409813727,"{""type"":""MultiPoint"",""coordinates"":[]}"
7,7,0.7520715224461758,"{""type"":""MultiPoint"",""coordinates"":[]}"
8,8,0.847503553882419,"{""type"":""MultiPoint"",""coordinates"":[]}"
9,9,0.9193363982922415,"{""type"":""MultiPoint"",""coordinates"":[]}"
