system:index,class,mean,.geo
0,0,0.049891358128235246,"{""type"":""MultiPoint"",""coordinates"":[]}"
1,1,0.14570667715174818,"{""type"":""MultiPoint"",""coordinates"":[]}"
2,2,0.24499951734328818,"{""type"":""MultiPoint"",""coordinates"":[]}"
3,3,0.34623352244440425,"{""type"":""MultiPoint"",""coordinates"":[]}"
4,4,0.44643340919309965,"{""type"":""MultiPoint"",""coordinates"":[]}"
5,5,0.5475955793251993,"{""type"":""MultiPoint"",""coordinates"":[]}"
6,6,0.6490641952851708,"{""type"":""MultiPoint"",""coordinates"":[]}"
7,7,0.7430748343087171,"{""type"":""MultiPoint"",""coordinates"":[]}"
8,8,0.8483407825695876,"{""type"":""MultiPoint"",""coordinates"":[]}"
9,9,0.9009495263653793,"{""type"":""MultiPoint"",""coordinates"":[]}"
