system:index,class,mean,.geo
0,0,0.05256074010401735,"{""type"":""MultiPoint"",""coordinates"":[]}"
1,1,0.15232447304420993,"{""type"":""MultiPoint"",""coordinates"":[]}"
2,2,0.24729489173857755,"{""type"":""MultiPoint"",""coordinates"":[]}"
3,3,0.3445619721214414,"{""type"":""MultiPoint"",""coordinates"":[]}"
4,4,0.44730135371682556,"{""type"":""MultiPoint"",""coordinates"":[]}"
5,5,0.547632872673791,"{""type"":""MultiPoint"",""coordinates"":[]}"
6,6,0.6482811477789142,"{""type"":""MultiPoint"",""coordinates"":[]}"
7,7,0.7500775408495378,"{""type"":""MultiPoint"",""coordinates"":[]}"
8,8,0.8483815801539482,"{""type"":""MultiPoint"",""coordinates"":[]}"
9,9,0.9525171688901022,"{""type"":""MultiPoint"",""coordinates"":[]}"
