system:index,class,mean,.geo
0,0,0.027888375712924074,"{""type"":""MultiPoint"",""coordinates"":[]}"
1,1,0.14697872296208916,"{""type"":""MultiPoint"",""coordinates"":[]}"
2,2,0.24600945284635778,"{""type"":""MultiPoint"",""coordinates"":[]}"
3,3,0.3432813114060359,"{""type"":""MultiPoint"",""coordinates"":[]}"
4,4,0.44508618422424784,"{""type"":""MultiPoint"",""coordinates"":[]}"
5,5,0.5447306797835283,"{""type"":""MultiPoint"",""coordinates"":[]}"
6,6,0.6489463058913778,"{""type"":""MultiPoint"",""coordinates"":[]}"
7,7,0.7488220937326666,"{""type"":""MultiPoint"",""coordinates"":[]}"
8,8,0.8521050709021663,"{""type"":""MultiPoint"",""coordinates"":[]}"
9,9,0.9394008187785339,"{""type"":""MultiPoint"",""coordinates"":[]}"
