system:index,class,mean,.geo
0,0,0.022032587238513788,"{""type"":""MultiPoint"",""coordinates"":[]}"
1,1,0.14593924556959043,"{""type"":""MultiPoint"",""coordinates"":[]}"
2,2,0.2463811171698256,"{""type"":""MultiPoint"",""coordinates"":[]}"
3,3,0.3460402212343588,"{""type"":""MultiPoint"",""coordinates"":[]}"
4,4,0.44778958893511833,"{""type"":""MultiPoint"",""coordinates"":[]}"
5,5,0.5476572016835685,"{""type"":""MultiPoint"",""coordinates"":[]}"
6,6,0.6454042977525533,"{""type"":""MultiPoint"",""coordinates"":[]}"
7,7,0.7517588516694705,"{""type"":""MultiPoint"",""coordinates"":[]}"
8,8,0.8501254180091168,"{""type"":""MultiPoint"",""coordinates"":[]}"
9,9,0.9456233435632843,"{""type"":""MultiPoint"",""coordinates"":[]}"
