system:index,class,mean,.geo
0,0,0.015586364113736545,"{""type"":""MultiPoint"",""coordinates"":[]}"
1,1,0.1459762076206383,"{""type"":""MultiPoint"",""coordinates"":[]}"
2,2,0.24954577272337233,"{""type"":""MultiPoint"",""coordinates"":[]}"
3,3,0.34741941279230937,"{""type"":""MultiPoint"",""coordinates"":[]}"
4,4,0.4502963199073601,"{""type"":""MultiPoint"",""coordinates"":[]}"
5,5,0.5493087518758802,"{""type"":""MultiPoint"",""coordinates"":[]}"
6,6,0.6468713697521845,"{""type"":""MultiPoint"",""coordinates"":[]}"
7,7,0.7504666345280023,"{""type"":""MultiPoint"",""coordinates"":[]}"
8,8,0.8362106038395839,"{""type"":""MultiPoint"",""coordinates"":[]}"
9,9,0.9031892002976124,"{""type"":""MultiPoint"",""coordinates"":[]}"
