system:index,class,mean,.geo
0,0,0.021288063583612366,"{""type"":""MultiPoint"",""coordinates"":[]}"
1,1,0.14541162443275255,"{""type"":""MultiPoint"",""coordinates"":[]}"
2,2,0.2482662902215855,"{""type"":""MultiPoint"",""coordinates"":[]}"
3,3,0.3494253713397858,"{""type"":""MultiPoint"",""coordinates"":[]}"
4,4,0.4498385911059729,"{""type"":""MultiPoint"",""coordinates"":[]}"
5,5,0.5502742297682276,"{""type"":""MultiPoint"",""coordinates"":[]}"
6,6,0.6511484490266608,"{""type"":""MultiPoint"",""coordinates"":[]}"
7,7,0.7520346141367424,"{""type"":""MultiPoint"",""coordinates"":[]}"
8,8,0.8474019309587267,"{""type"":""MultiPoint"",""coordinates"":[]}"
9,9,0.9263416310679319,"{""type"":""MultiPoint"",""coordinates"":[]}"
