system:index,class,mean,.geo
0,0,0.03813500764811697,"{""type"":""MultiPoint"",""coordinates"":[]}"
1,1,0.14712881686655813,"{""type"":""MultiPoint"",""coordinates"":[]}"
2,2,0.24689040982984087,"{""type"":""MultiPoint"",""coordinates"":[]}"
3,3,0.3484200556118537,"{""type"":""MultiPoint"",""coordinates"":[]}"
4,4,0.449988536538392,"{""type"":""MultiPoint"",""coordinates"":[]}"
5,5,0.5491996292011102,"{""type"":""MultiPoint"",""coordinates"":[]}"
6,6,0.6508931004185258,"{""type"":""MultiPoint"",""coordinates"":[]}"
7,7,0.7507171852175533,"{""type"":""MultiPoint"",""coordinates"":[]}"
8,8,0.8514077904345609,"{""type"":""MultiPoint"",""coordinates"":[]}"
9,9,0.9499032354748381,"{""type"":""MultiPoint"",""coordinates"":[]}"
