system:index,class,mean,.geo
0,0,0.043685017998862485,"{""type"":""MultiPoint"",""coordinates"":[]}"
1,1,0.14259522159077026,"{""type"":""MultiPoint"",""coordinates"":[]}"
2,2,0.24701158307907317,"{""type"":""MultiPoint"",""coordinates"":[]}"
3,3,0.34827413789787764,"{""type"":""MultiPoint"",""coordinates"":[]}"
4,4,0.44810850013316,"{""type"":""MultiPoint"",""coordinates"":[]}"
5,5,0.549452745072751,"{""type"":""MultiPoint"",""coordinates"":[]}"
6,6,0.6424727501386004,"{""type"":""MultiPoint"",""coordinates"":[]}"
7,7,0.748741824508015,"{""type"":""MultiPoint"",""coordinates"":[]}"
8,8,0.8470793393681919,"{""type"":""MultiPoint"",""coordinates"":[]}"
9,9,0.9415902644611334,"{""type"":""MultiPoint"",""coordinates"":[]}"
