system:index,class,mean,.geo
0,0,0.025055277378353325,"{""type"":""MultiPoint"",""coordinates"":[]}"
1,1,0.14983483459872615,"{""type"":""MultiPoint"",""coordinates"":[]}"
2,2,0.2491935364195173,"{""type"":""MultiPoint"",""coordinates"":[]}"
3,3,0.3469114069232411,"{""type"":""MultiPoint"",""coordinates"":[]}"
4,4,0.4495813636358792,"{""type"":""MultiPoint"",""coordinates"":[]}"
5,5,0.5494890294242848,"{""type"":""MultiPoint"",""coordinates"":[]}"
6,6,0.6473346998536318,"{""type"":""MultiPoint"",""coordinates"":[]}"
7,7,0.746713217279139,"{""type"":""MultiPoint"",""coordinates"":[]}"
8,8,0.84657061992491,"{""type"":""MultiPoint"",""coordinates"":[]}"
9,9,0.9274640628784461,"{""type"":""MultiPoint"",""coordinates"":[]}"
