system:index,class,mean,.geo
0,0,0.019428661120038944,"{""type"":""MultiPoint"",""coordinates"":[]}"
1,1,0.14689119907668285,"{""type"":""MultiPoint"",""coordinates"":[]}"
2,2,0.24773434345504494,"{""type"":""MultiPoint"",""coordinates"":[]}"
3,3,0.34857829756980674,"{""type"":""MultiPoint"",""coordinates"":[]}"
4,4,0.44714413346487547,"{""type"":""MultiPoint"",""coordinates"":[]}"
5,5,0.5465225367119324,"{""type"":""MultiPoint"",""coordinates"":[]}"
6,6,0.6508413306829541,"{""type"":""MultiPoint"",""coordinates"":[]}"
7,7,0.74748604931859,"{""type"":""MultiPoint"",""coordinates"":[]}"
8,8,0.8518710762845098,"{""type"":""MultiPoint"",""coordinates"":[]}"
9,9,0.9433211848565805,"{""type"":""MultiPoint"",""coordinates"":[]}"
