system:index,class,mean,.geo
0,0,0.023369342300662815,"{""type"":""MultiPoint"",""coordinates"":[]}"
1,1,0.14667990631757077,"{""type"":""MultiPoint"",""coordinates"":[]}"
2,2,0.25041902824270895,"{""type"":""MultiPoint"",""coordinates"":[]}"
3,3,0.34840561959511834,"{""type"":""MultiPoint"",""coordinates"":[]}"
4,4,0.4516107180369633,"{""type"":""MultiPoint"",""coordinates"":[]}"
5,5,0.5469001441258352,"{""type"":""MultiPoint"",""coordinates"":[]}"
6,6,0.6483440766845834,"{""type"":""MultiPoint"",""coordinates"":[]}"
7,7,0.7471369482756646,"{""type"":""MultiPoint"",""coordinates"":[]}"
8,8,0.8586449426363112,"{""type"":""MultiPoint"",""coordinates"":[]}"
9,9,0.9256519792031703,"{""type"":""MultiPoint"",""coordinates"":[]}"
