system:index,class,mean,.geo
0,0,0.02533216560881868,"{""type"":""MultiPoint"",""coordinates"":[]}"
1,1,0.1462237123436178,"{""type"":""MultiPoint"",""coordinates"":[]}"
2,2,0.24847484400712946,"{""type"":""MultiPoint"",""coordinates"":[]}"
3,3,0.3507123353866079,"{""type"":""MultiPoint"",""coordinates"":[]}"
4,4,0.45085709059152,"{""type"":""MultiPoint"",""coordinates"":[]}"
5,5,0.5496304971994113,"{""type"":""MultiPoint"",""coordinates"":[]}"
6,6,0.6517762469903967,"{""type"":""MultiPoint"",""coordinates"":[]}"
7,7,0.7520524475413282,"{""type"":""MultiPoint"",""coordinates"":[]}"
8,8,0.8566854119885955,"{""type"":""MultiPoint"",""coordinates"":[]}"
9,9,0.9300759174182825,"{""type"":""MultiPoint"",""coordinates"":[]}"
