system:index,class,mean,.geo
0,0,0.05064009418931075,"{""type"":""MultiPoint"",""coordinates"":[]}"
1,1,0.15438930418572958,"{""type"":""MultiPoint"",""coordinates"":[]}"
2,2,0.24475147298807015,"{""type"":""MultiPoint"",""coordinates"":[]}"
3,3,0.34640804706735423,"{""type"":""MultiPoint"",""coordinates"":[]}"
4,4,0.4488203377920382,"{""type"":""MultiPoint"",""coordinates"":[]}"
5,5,0.5463362037439433,"{""type"":""MultiPoint"",""coordinates"":[]}"
6,6,0.654250550258019,"{""type"":""MultiPoint"",""coordinates"":[]}"
7,7,0.7473691667127798,"{""type"":""MultiPoint"",""coordinates"":[]}"
8,8,0.8561921107741524,"{""type"":""MultiPoint"",""coordinates"":[]}"
9,9,0.9671607353764229,"{""type"":""MultiPoint"",""coordinates"":[]}"
