system:index,class,mean,.geo
0,0,0.04176522151525693,"{""type"":""MultiPoint"",""coordinates"":[]}"
1,1,0.15142551335843674,"{""type"":""MultiPoint"",""coordinates"":[]}"
2,2,0.246246344190219,"{""type"":""MultiPoint"",""coordinates"":[]}"
3,3,0.343864818009474,"{""type"":""MultiPoint"",""coordinates"":[]}"
4,4,0.4462972752401065,"{""type"":""MultiPoint"",""coordinates"":[]}"
5,5,0.546830375368155,"{""type"":""MultiPoint"",""coordinates"":[]}"
6,6,0.6481332046056881,"{""type"":""MultiPoint"",""coordinates"":[]}"
7,7,0.74424002567917,"{""type"":""MultiPoint"",""coordinates"":[]}"
8,8,0.8433352998532859,"{""type"":""MultiPoint"",""coordinates"":[]}"
9,9,0.9144650668625671,"{""type"":""MultiPoint"",""coordinates"":[]}"
