system:index,class,mean,.geo
0,0,0.03698192155815701,"{""type"":""MultiPoint"",""coordinates"":[]}"
1,1,0.148397693529009,"{""type"":""MultiPoint"",""coordinates"":[]}"
2,2,0.24640899278323122,"{""type"":""MultiPoint"",""coordinates"":[]}"
3,3,0.34555894605923354,"{""type"":""MultiPoint"",""coordinates"":[]}"
4,4,0.445770426574473,"{""type"":""MultiPoint"",""coordinates"":[]}"
5,5,0.5445215708626187,"{""type"":""MultiPoint"",""coordinates"":[]}"
6,6,0.6466044177818107,"{""type"":""MultiPoint"",""coordinates"":[]}"
7,7,0.7464037889956808,"{""type"":""MultiPoint"",""coordinates"":[]}"
8,8,0.8481303422046172,"{""type"":""MultiPoint"",""coordinates"":[]}"
9,9,0.9564332030702841,"{""type"":""MultiPoint"",""coordinates"":[]}"
