system:index,class,mean,.geo
0,0,0.04625053941220232,"{""type"":""MultiPoint"",""coordinates"":[]}"
1,1,0.148315565769832,"{""type"":""MultiPoint"",""coordinates"":[]}"
2,2,0.24778737118990957,"{""type"":""MultiPoint"",""coordinates"":[]}"
3,3,0.3519537002052875,"{""type"":""MultiPoint"",""coordinates"":[]}"
4,4,0.4528522323921759,"{""type"":""MultiPoint"",""coordinates"":[]}"
5,5,0.5500143877121899,"{""type"":""MultiPoint"",""coordinates"":[]}"
6,6,0.6520593900604859,"{""type"":""MultiPoint"",""coordinates"":[]}"
7,7,0.7501004119048006,"{""type"":""MultiPoint"",""coordinates"":[]}"
8,8,0.8536752425440833,"{""type"":""MultiPoint"",""coordinates"":[]}"
9,9,0.9006968575816704,"{""type"":""MultiPoint"",""coordinates"":[]}"
