system:index,class,mean,.geo
0,0,0.03381857534129277,"{""type"":""MultiPoint"",""coordinates"":[]}"
1,1,0.14701298241213315,"{""type"":""MultiPoint"",""coordinates"":[]}"
2,2,0.2483394190095022,"{""type"":""MultiPoint"",""coordinates"":[]}"
3,3,0.34974362518874785,"{""type"":""MultiPoint"",""coordinates"":[]}"
4,4,0.44956675906766047,"{""type"":""MultiPoint"",""coordinates"":[]}"
5,5,0.5492573368023219,"{""type"":""MultiPoint"",""coordinates"":[]}"
6,6,0.647458956437169,"{""type"":""MultiPoint"",""coordinates"":[]}"
7,7,0.7508763958615181,"{""type"":""MultiPoint"",""coordinates"":[]}"
8,8,0.8476110433029597,"{""type"":""MultiPoint"",""coordinates"":[]}"
9,9,0.9461535376503889,"{""type"":""MultiPoint"",""coordinates"":[]}"
