system:index,class,mean,.geo
0,0,0.024458139692990894,"{""type"":""MultiPoint"",""coordinates"":[]}"
1,1,0.14597049090275221,"{""type"":""MultiPoint"",""coordinates"":[]}"
2,2,0.24946682575798496,"{""type"":""MultiPoint"",""coordinates"":[]}"
3,3,0.3487694878621662,"{""type"":""MultiPoint"",""coordinates"":[]}"
4,4,0.4481011561509311,"{""type"":""MultiPoint"",""coordinates"":[]}"
5,5,0.5459104887271881,"{""type"":""MultiPoint"",""coordinates"":[]}"
6,6,0.6482221730923875,"{""type"":""MultiPoint"",""coordinates"":[]}"
7,7,0.7473360219189411,"{""type"":""MultiPoint"",""coordinates"":[]}"
8,8,0.8449820468414545,"{""type"":""MultiPoint"",""coordinates"":[]}"
9,9,0.9322667921468735,"{""type"":""MultiPoint"",""coordinates"":[]}"
