system:index,class,mean,.geo
0,0,0.030912635413003414,"{""type"":""MultiPoint"",""coordinates"":[]}"
1,1,0.1460574337710531,"{""type"":""MultiPoint"",""coordinates"":[]}"
2,2,0.247863497075118,"{""type"":""MultiPoint"",""coordinates"":[]}"
3,3,0.352417342549469,"{""type"":""MultiPoint"",""coordinates"":[]}"
4,4,0.4495298300055368,"{""type"":""MultiPoint"",""coordinates"":[]}"
5,5,0.5471884423848904,"{""type"":""MultiPoint"",""coordinates"":[]}"
6,6,0.6230369240915618,"{""type"":""MultiPoint"",""coordinates"":[]}"
7,7,,"{""type"":""MultiPoint"",""coordinates"":[]}"
8,8,,"{""type"":""MultiPoint"",""coordinates"":[]}"
9,9,,"{""type"":""MultiPoint"",""coordinates"":[]}"
