system:index,class,mean,.geo
0,0,0.051642213438098196,"{""type"":""MultiPoint"",""coordinates"":[]}"
1,1,0.1486001818563121,"{""type"":""MultiPoint"",""coordinates"":[]}"
2,2,0.24793858583844805,"{""type"":""MultiPoint"",""coordinates"":[]}"
3,3,0.34982535186053065,"{""type"":""MultiPoint"",""coordinates"":[]}"
4,4,0.44810043973138014,"{""type"":""MultiPoint"",""coordinates"":[]}"
5,5,0.5477340311994539,"{""type"":""MultiPoint"",""coordinates"":[]}"
6,6,0.6475518265252463,"{""type"":""MultiPoint"",""coordinates"":[]}"
7,7,0.7362634537725006,"{""type"":""MultiPoint"",""coordinates"":[]}"
8,8,0.8203762708616347,"{""type"":""MultiPoint"",""coordinates"":[]}"
9,9,,"{""type"":""MultiPoint"",""coordinates"":[]}"
