system:index,class,mean,.geo
0,0,0.02635712270994085,"{""type"":""MultiPoint"",""coordinates"":[]}"
1,1,0.14925495161881228,"{""type"":""MultiPoint"",""coordinates"":[]}"
2,2,0.25087010754368994,"{""type"":""MultiPoint"",""coordinates"":[]}"
3,3,0.34834778739779526,"{""type"":""MultiPoint"",""coordinates"":[]}"
4,4,0.44993179355717766,"{""type"":""MultiPoint"",""coordinates"":[]}"
5,5,0.5529044405456932,"{""type"":""MultiPoint"",""coordinates"":[]}"
6,6,0.6464204504198127,"{""type"":""MultiPoint"",""coordinates"":[]}"
7,7,0.7452926866454127,"{""type"":""MultiPoint"",""coordinates"":[]}"
8,8,0.8437380093047627,"{""type"":""MultiPoint"",""coordinates"":[]}"
9,9,0.9012035997692847,"{""type"":""MultiPoint"",""coordinates"":[]}"
