system:index,class,mean,.geo
0,0,0.029716839885391484,"{""type"":""MultiPoint"",""coordinates"":[]}"
1,1,0.1511251053513386,"{""type"":""MultiPoint"",""coordinates"":[]}"
2,2,0.24782474229701362,"{""type"":""MultiPoint"",""coordinates"":[]}"
3,3,0.34509415810155075,"{""type"":""MultiPoint"",""coordinates"":[]}"
4,4,0.4479626323782453,"{""type"":""MultiPoint"",""coordinates"":[]}"
5,5,0.5476397418697634,"{""type"":""MultiPoint"",""coordinates"":[]}"
6,6,0.6500595815588649,"{""type"":""MultiPoint"",""coordinates"":[]}"
7,7,0.7481434634798497,"{""type"":""MultiPoint"",""coordinates"":[]}"
8,8,0.8435754114809959,"{""type"":""MultiPoint"",""coordinates"":[]}"
9,9,0.9133764775888052,"{""type"":""MultiPoint"",""coordinates"":[]}"
