system:index,class,mean,.geo
0,0,0.017276172701408604,"{""type"":""MultiPoint"",""coordinates"":[]}"
1,1,0.14711765247187006,"{""type"":""MultiPoint"",""coordinates"":[]}"
2,2,0.24876070385115037,"{""type"":""MultiPoint"",""coordinates"":[]}"
3,3,0.3500978984274315,"{""type"":""MultiPoint"",""coordinates"":[]}"
4,4,0.44975786797200207,"{""type"":""MultiPoint"",""coordinates"":[]}"
5,5,0.5504720371541402,"{""type"":""MultiPoint"",""coordinates"":[]}"
6,6,0.6507564375883905,"{""type"":""MultiPoint"",""coordinates"":[]}"
7,7,0.7522430205384951,"{""type"":""MultiPoint"",""coordinates"":[]}"
8,8,0.8506933583249249,"{""type"":""MultiPoint"",""coordinates"":[]}"
9,9,0.9324597620912694,"{""type"":""MultiPoint"",""coordinates"":[]}"
