system:index,class,mean,.geo
0,0,0.02948346346439938,"{""type"":""MultiPoint"",""coordinates"":[]}"
1,1,0.14920817753179624,"{""type"":""MultiPoint"",""coordinates"":[]}"
2,2,0.24758096781173516,"{""type"":""MultiPoint"",""coordinates"":[]}"
3,3,0.3476317911419277,"{""type"":""MultiPoint"",""coordinates"":[]}"
4,4,0.44928968343422976,"{""type"":""MultiPoint"",""coordinates"":[]}"
5,5,0.5455460016943366,"{""type"":""MultiPoint"",""coordinates"":[]}"
6,6,0.650413664547425,"{""type"":""MultiPoint"",""coordinates"":[]}"
7,7,0.7476060792376769,"{""type"":""MultiPoint"",""coordinates"":[]}"
8,8,0.8225930053471024,"{""type"":""MultiPoint"",""coordinates"":[]}"
9,9,,"{""type"":""MultiPoint"",""coordinates"":[]}"
