system:index,class,mean,.geo
0,0,0.019702057082678394,"{""type"":""MultiPoint"",""coordinates"":[]}"
1,1,0.14712290635197944,"{""type"":""MultiPoint"",""coordinates"":[]}"
2,2,0.24800611550133933,"{""type"":""MultiPoint"",""coordinates"":[]}"
3,3,0.3495844618781086,"{""type"":""MultiPoint"",""coordinates"":[]}"
4,4,0.44854106913915875,"{""type"":""MultiPoint"",""coordinates"":[]}"
5,5,0.55189108643799,"{""type"":""MultiPoint"",""coordinates"":[]}"
6,6,0.6514098871620532,"{""type"":""MultiPoint"",""coordinates"":[]}"
7,7,0.7555160616570076,"{""type"":""MultiPoint"",""coordinates"":[]}"
8,8,0.851684404056301,"{""type"":""MultiPoint"",""coordinates"":[]}"
9,9,0.9238557145578774,"{""type"":""MultiPoint"",""coordinates"":[]}"
