system:index,class,mean,.geo
0,0,0.020081272399284172,"{""type"":""MultiPoint"",""coordinates"":[]}"
1,1,0.14742946539121404,"{""type"":""MultiPoint"",""coordinates"":[]}"
2,2,0.24890534686799218,"{""type"":""MultiPoint"",""coordinates"":[]}"
3,3,0.34793116397330504,"{""type"":""MultiPoint"",""coordinates"":[]}"
4,4,0.4490405780820006,"{""type"":""MultiPoint"",""coordinates"":[]}"
5,5,0.5510560751093685,"{""type"":""MultiPoint"",""coordinates"":[]}"
6,6,0.6502481636081937,"{""type"":""MultiPoint"",""coordinates"":[]}"
7,7,0.7503004987589417,"{""type"":""MultiPoint"",""coordinates"":[]}"
8,8,0.8550546189235425,"{""type"":""MultiPoint"",""coordinates"":[]}"
9,9,0.9286411046787953,"{""type"":""MultiPoint"",""coordinates"":[]}"
