system:index,class,mean,.geo
0,0,0.0219827765336115,"{""type"":""MultiPoint"",""coordinates"":[]}"
1,1,0.1452353797922763,"{""type"":""MultiPoint"",""coordinates"":[]}"
2,2,0.24843403052840668,"{""type"":""MultiPoint"",""coordinates"":[]}"
3,3,0.3478964291179818,"{""type"":""MultiPoint"",""coordinates"":[]}"
4,4,0.4542008289951511,"{""type"":""MultiPoint"",""coordinates"":[]}"
5,5,0.5544125838856759,"{""type"":""MultiPoint"",""coordinates"":[]}"
6,6,0.6558794794558658,"{""type"":""MultiPoint"",""coordinates"":[]}"
7,7,0.7536111861995326,"{""type"":""MultiPoint"",""coordinates"":[]}"
8,8,0.856505573405736,"{""type"":""MultiPoint"",""coordinates"":[]}"
9,9,0.9532558647406709,"{""type"":""MultiPoint"",""coordinates"":[]}"
