system:index,class,mean,.geo
0,0,0.03712037628704883,"{""type"":""MultiPoint"",""coordinates"":[]}"
1,1,0.14589405112539697,"{""type"":""MultiPoint"",""coordinates"":[]}"
2,2,0.2456281825870437,"{""type"":""MultiPoint"",""coordinates"":[]}"
3,3,0.3502844358440901,"{""type"":""MultiPoint"",""coordinates"":[]}"
4,4,0.45047686841757073,"{""type"":""MultiPoint"",""coordinates"":[]}"
5,5,0.5472248589447855,"{""type"":""MultiPoint"",""coordinates"":[]}"
6,6,0.6500498104487495,"{""type"":""MultiPoint"",""coordinates"":[]}"
7,7,0.7545112003090716,"{""type"":""MultiPoint"",""coordinates"":[]}"
8,8,0.8555086064584573,"{""type"":""MultiPoint"",""coordinates"":[]}"
9,9,0.920566153798789,"{""type"":""MultiPoint"",""coordinates"":[]}"
