system:index,class,mean,.geo
0,0,0.039564842527606475,"{""type"":""MultiPoint"",""coordinates"":[]}"
1,1,0.14769372251185262,"{""type"":""MultiPoint"",""coordinates"":[]}"
2,2,0.24711443698089544,"{""type"":""MultiPoint"",""coordinates"":[]}"
3,3,0.3478225910664638,"{""type"":""MultiPoint"",""coordinates"":[]}"
4,4,0.44846345208387484,"{""type"":""MultiPoint"",""coordinates"":[]}"
5,5,0.5494420782846688,"{""type"":""MultiPoint"",""coordinates"":[]}"
6,6,0.6500718886994616,"{""type"":""MultiPoint"",""coordinates"":[]}"
7,7,0.7500910094146396,"{""type"":""MultiPoint"",""coordinates"":[]}"
8,8,0.8528753270424433,"{""type"":""MultiPoint"",""coordinates"":[]}"
9,9,0.9550915064771494,"{""type"":""MultiPoint"",""coordinates"":[]}"
