system:index,class,mean,.geo
0,0,0.012145025882228929,"{""type"":""MultiPoint"",""coordinates"":[]}"
1,1,0.1478675616495619,"{""type"":""MultiPoint"",""coordinates"":[]}"
2,2,0.24872932852501436,"{""type"":""MultiPoint"",""coordinates"":[]}"
3,3,0.35030047574428874,"{""type"":""MultiPoint"",""coordinates"":[]}"
4,4,0.4512091998367235,"{""type"":""MultiPoint"",""coordinates"":[]}"
5,5,0.551031338206378,"{""type"":""MultiPoint"",""coordinates"":[]}"
6,6,0.6489234253781712,"{""type"":""MultiPoint"",""coordinates"":[]}"
7,7,0.7509423589161817,"{""type"":""MultiPoint"",""coordinates"":[]}"
8,8,0.8431396573617325,"{""type"":""MultiPoint"",""coordinates"":[]}"
9,9,0.9230370736997537,"{""type"":""MultiPoint"",""coordinates"":[]}"
