system:index,class,mean,.geo
0,0,0.02374870743568585,"{""type"":""MultiPoint"",""coordinates"":[]}"
1,1,0.1500074957217413,"{""type"":""MultiPoint"",""coordinates"":[]}"
2,2,0.24509700504714158,"{""type"":""MultiPoint"",""coordinates"":[]}"
3,3,0.34846744691946446,"{""type"":""MultiPoint"",""coordinates"":[]}"
4,4,0.449763205081101,"{""type"":""MultiPoint"",""coordinates"":[]}"
5,5,0.5482312250997052,"{""type"":""MultiPoint"",""coordinates"":[]}"
6,6,0.6491153630318048,"{""type"":""MultiPoint"",""coordinates"":[]}"
7,7,0.748658522182952,"{""type"":""MultiPoint"",""coordinates"":[]}"
8,8,0.8554359308508181,"{""type"":""MultiPoint"",""coordinates"":[]}"
9,9,0.9505079617977311,"{""type"":""MultiPoint"",""coordinates"":[]}"
