system:index,class,mean,.geo
0,0,0.03716709791235188,"{""type"":""MultiPoint"",""coordinates"":[]}"
1,1,0.1478010403745978,"{""type"":""MultiPoint"",""coordinates"":[]}"
2,2,0.24420237968122083,"{""type"":""MultiPoint"",""coordinates"":[]}"
3,3,0.3460456800339716,"{""type"":""MultiPoint"",""coordinates"":[]}"
4,4,0.44834116491932235,"{""type"":""MultiPoint"",""coordinates"":[]}"
5,5,0.5500136261406645,"{""type"":""MultiPoint"",""coordinates"":[]}"
6,6,0.6530039420038087,"{""type"":""MultiPoint"",""coordinates"":[]}"
7,7,0.7426966017314057,"{""type"":""MultiPoint"",""coordinates"":[]}"
8,8,0.8400318989491045,"{""type"":""MultiPoint"",""coordinates"":[]}"
9,9,0.9341791623939416,"{""type"":""MultiPoint"",""coordinates"":[]}"
