system:index,class,mean,.geo
0,0,0.029079188832421516,"{""type"":""MultiPoint"",""coordinates"":[]}"
1,1,0.14582693213562323,"{""type"":""MultiPoint"",""coordinates"":[]}"
2,2,0.24890606203433466,"{""type"":""MultiPoint"",""coordinates"":[]}"
3,3,0.3475088179927575,"{""type"":""MultiPoint"",""coordinates"":[]}"
4,4,0.4464941892294836,"{""type"":""MultiPoint"",""coordinates"":[]}"
5,5,0.5498011994314405,"{""type"":""MultiPoint"",""coordinates"":[]}"
6,6,0.6481093056990419,"{""type"":""MultiPoint"",""coordinates"":[]}"
7,7,0.7505440489368828,"{""type"":""MultiPoint"",""coordinates"":[]}"
8,8,0.8502766672152903,"{""type"":""MultiPoint"",""coordinates"":[]}"
9,9,0.9486138264488831,"{""type"":""MultiPoint"",""coordinates"":[]}"
