system:index,class,mean,.geo
0,0,0.0287304311915027,"{""type"":""MultiPoint"",""coordinates"":[]}"
1,1,0.1454072992114716,"{""type"":""MultiPoint"",""coordinates"":[]}"
2,2,0.2450668659582069,"{""type"":""MultiPoint"",""coordinates"":[]}"
3,3,0.346604821269197,"{""type"":""MultiPoint"",""coordinates"":[]}"
4,4,0.4440987793498999,"{""type"":""MultiPoint"",""coordinates"":[]}"
5,5,0.5475102284746584,"{""type"":""MultiPoint"",""coordinates"":[]}"
6,6,0.6477541256646262,"{""type"":""MultiPoint"",""coordinates"":[]}"
7,7,0.7547896098237484,"{""type"":""MultiPoint"",""coordinates"":[]}"
8,8,0.8435984494439509,"{""type"":""MultiPoint"",""coordinates"":[]}"
9,9,0.9341382764894881,"{""type"":""MultiPoint"",""coordinates"":[]}"
