system:index,class,mean,.geo
0,0,0.03227655133014174,"{""type"":""MultiPoint"",""coordinates"":[]}"
1,1,0.145234212055193,"{""type"":""MultiPoint"",""coordinates"":[]}"
2,2,0.24891782331084053,"{""type"":""MultiPoint"",""coordinates"":[]}"
3,3,0.3494222806655721,"{""type"":""MultiPoint"",""coordinates"":[]}"
4,4,0.44895923072107247,"{""type"":""MultiPoint"",""coordinates"":[]}"
5,5,0.5520424922919531,"{""type"":""MultiPoint"",""coordinates"":[]}"
6,6,0.6498716251623787,"{""type"":""MultiPoint"",""coordinates"":[]}"
7,7,0.7511676197170338,"{""type"":""MultiPoint"",""coordinates"":[]}"
8,8,0.8518490266594753,"{""type"":""MultiPoint"",""coordinates"":[]}"
9,9,0.9551838795748905,"{""type"":""MultiPoint"",""coordinates"":[]}"
