system:index,class,mean,.geo
0,0,0.056580080031144626,"{""type"":""MultiPoint"",""coordinates"":[]}"
1,1,0.1416276055946405,"{""type"":""MultiPoint"",""coordinates"":[]}"
2,2,0.2491233506187658,"{""type"":""MultiPoint"",""coordinates"":[]}"
3,3,0.3519233709983199,"{""type"":""MultiPoint"",""coordinates"":[]}"
4,4,0.45308007911282183,"{""type"":""MultiPoint"",""coordinates"":[]}"
5,5,0.5480983721045828,"{""type"":""MultiPoint"",""coordinates"":[]}"
6,6,0.6487983609507129,"{""type"":""MultiPoint"",""coordinates"":[]}"
7,7,0.7484528376446333,"{""type"":""MultiPoint"",""coordinates"":[]}"
8,8,0.8478209790500264,"{""type"":""MultiPoint"",""coordinates"":[]}"
9,9,0.9523267160498167,"{""type"":""MultiPoint"",""coordinates"":[]}"
