system:index,class,mean,.geo
0,0,0.021928466479750955,"{""type"":""MultiPoint"",""coordinates"":[]}"
1,1,0.1479738965399876,"{""type"":""MultiPoint"",""coordinates"":[]}"
2,2,0.24612932739126028,"{""type"":""MultiPoint"",""coordinates"":[]}"
3,3,0.3491307751667435,"{""type"":""MultiPoint"",""coordinates"":[]}"
4,4,0.4483236550769224,"{""type"":""MultiPoint"",""coordinates"":[]}"
5,5,0.5513615810735712,"{""type"":""MultiPoint"",""coordinates"":[]}"
6,6,0.6520942887236499,"{""type"":""MultiPoint"",""coordinates"":[]}"
7,7,0.7516672201578722,"{""type"":""MultiPoint"",""coordinates"":[]}"
8,8,0.850938080454119,"{""type"":""MultiPoint"",""coordinates"":[]}"
9,9,0.921544822222065,"{""type"":""MultiPoint"",""coordinates"":[]}"
