system:index,class,mean,.geo
0,0,0.030942521876375126,"{""type"":""MultiPoint"",""coordinates"":[]}"
1,1,0.14398637505239217,"{""type"":""MultiPoint"",""coordinates"":[]}"
2,2,0.24465770277170948,"{""type"":""MultiPoint"",""coordinates"":[]}"
3,3,0.3461570276027755,"{""type"":""MultiPoint"",""coordinates"":[]}"
4,4,0.44791664917333834,"{""type"":""MultiPoint"",""coordinates"":[]}"
5,5,0.5489752637747086,"{""type"":""MultiPoint"",""coordinates"":[]}"
6,6,0.647439508550999,"{""type"":""MultiPoint"",""coordinates"":[]}"
7,7,0.7531748774229338,"{""type"":""MultiPoint"",""coordinates"":[]}"
8,8,0.8497787899794871,"{""type"":""MultiPoint"",""coordinates"":[]}"
9,9,0.9366223207594867,"{""type"":""MultiPoint"",""coordinates"":[]}"
