system:index,class,mean,.geo
0,0,0.031247137697288256,"{""type"":""MultiPoint"",""coordinates"":[]}"
1,1,0.14530305613565742,"{""type"":""MultiPoint"",""coordinates"":[]}"
2,2,0.24619080028263476,"{""type"":""MultiPoint"",""coordinates"":[]}"
3,3,0.3480064562619777,"{""type"":""MultiPoint"",""coordinates"":[]}"
4,4,0.44943078066530157,"{""type"":""MultiPoint"",""coordinates"":[]}"
5,5,0.5521205859865629,"{""type"":""MultiPoint"",""coordinates"":[]}"
6,6,0.6464532061702123,"{""type"":""MultiPoint"",""coordinates"":[]}"
7,7,0.752914400498309,"{""type"":""MultiPoint"",""coordinates"":[]}"
8,8,0.8418597620656062,"{""type"":""MultiPoint"",""coordinates"":[]}"
9,9,0.9107708609320214,"{""type"":""MultiPoint"",""coordinates"":[]}"
