system:index,class,mean,.geo
0,0,0.0317787515933383,"{""type"":""MultiPoint"",""coordinates"":[]}"
1,1,0.14724937789493306,"{""type"":""MultiPoint"",""coordinates"":[]}"
2,2,0.24610150745555692,"{""type"":""MultiPoint"",""coordinates"":[]}"
3,3,0.34839420807978316,"{""type"":""MultiPoint"",""coordinates"":[]}"
4,4,0.4493733389138265,"{""type"":""MultiPoint"",""coordinates"":[]}"
5,5,0.5478805881691149,"{""type"":""MultiPoint"",""coordinates"":[]}"
6,6,0.6443139503518459,"{""type"":""MultiPoint"",""coordinates"":[]}"
7,7,0.7396391802457037,"{""type"":""MultiPoint"",""coordinates"":[]}"
8,8,0.8561276265877827,"{""type"":""MultiPoint"",""coordinates"":[]}"
9,9,0.9257679375555642,"{""type"":""MultiPoint"",""coordinates"":[]}"
