system:index,class,mean,.geo
0,0,0.04879050905320235,"{""type"":""MultiPoint"",""coordinates"":[]}"
1,1,0.14810827803592488,"{""type"":""MultiPoint"",""coordinates"":[]}"
2,2,0.24319987711489197,"{""type"":""MultiPoint"",""coordinates"":[]}"
3,3,0.3481680042335721,"{""type"":""MultiPoint"",""coordinates"":[]}"
4,4,0.4496943542053513,"{""type"":""MultiPoint"",""coordinates"":[]}"
5,5,0.5507606506656727,"{""type"":""MultiPoint"",""coordinates"":[]}"
6,6,0.6493800269533871,"{""type"":""MultiPoint"",""coordinates"":[]}"
7,7,0.7510510037788213,"{""type"":""MultiPoint"",""coordinates"":[]}"
8,8,0.8521265459091713,"{""type"":""MultiPoint"",""coordinates"":[]}"
9,9,0.9332174061968465,"{""type"":""MultiPoint"",""coordinates"":[]}"
