system:index,class,mean,.geo
0,0,0.030027644717992977,"{""type"":""MultiPoint"",""coordinates"":[]}"
1,1,0.14734260887110273,"{""type"":""MultiPoint"",""coordinates"":[]}"
2,2,0.24570221550334764,"{""type"":""MultiPoint"",""coordinates"":[]}"
3,3,0.3480742207183674,"{""type"":""MultiPoint"",""coordinates"":[]}"
4,4,0.45108065213733706,"{""type"":""MultiPoint"",""coordinates"":[]}"
5,5,0.5503701423009231,"{""type"":""MultiPoint"",""coordinates"":[]}"
6,6,0.6508444794081921,"{""type"":""MultiPoint"",""coordinates"":[]}"
7,7,0.752456132227794,"{""type"":""MultiPoint"",""coordinates"":[]}"
8,8,0.85048560079818,"{""type"":""MultiPoint"",""coordinates"":[]}"
9,9,0.9235959747649073,"{""type"":""MultiPoint"",""coordinates"":[]}"
