system:index,class,mean,.geo
0,0,0.027297994781409485,"{""type"":""MultiPoint"",""coordinates"":[]}"
1,1,0.14491386014711843,"{""type"":""MultiPoint"",""coordinates"":[]}"
2,2,0.2490781255312204,"{""type"":""MultiPoint"",""coordinates"":[]}"
3,3,0.3471480002809761,"{""type"":""MultiPoint"",""coordinates"":[]}"
4,4,0.449669778899077,"{""type"":""MultiPoint"",""coordinates"":[]}"
5,5,0.5516600451036412,"{""type"":""MultiPoint"",""coordinates"":[]}"
6,6,0.6480105030824655,"{""type"":""MultiPoint"",""coordinates"":[]}"
7,7,0.7454838906648062,"{""type"":""MultiPoint"",""coordinates"":[]}"
8,8,0.8484071351881838,"{""type"":""MultiPoint"",""coordinates"":[]}"
9,9,0.9163675268556474,"{""type"":""MultiPoint"",""coordinates"":[]}"
