system:index,class,mean,.geo
0,0,0.03464882757019281,"{""type"":""MultiPoint"",""coordinates"":[]}"
1,1,0.14610444108862308,"{""type"":""MultiPoint"",""coordinates"":[]}"
2,2,0.2470803369399662,"{""type"":""MultiPoint"",""coordinates"":[]}"
3,3,0.34927126339363695,"{""type"":""MultiPoint"",""coordinates"":[]}"
4,4,0.44707780850471424,"{""type"":""MultiPoint"",""coordinates"":[]}"
5,5,0.5489814645711235,"{""type"":""MultiPoint"",""coordinates"":[]}"
6,6,0.6501929563643328,"{""type"":""MultiPoint"",""coordinates"":[]}"
7,7,0.7530890632824293,"{""type"":""MultiPoint"",""coordinates"":[]}"
8,8,0.8524645050798428,"{""type"":""MultiPoint"",""coordinates"":[]}"
9,9,0.9348666831771231,"{""type"":""MultiPoint"",""coordinates"":[]}"
