system:index,class,mean,.geo
0,0,0.034395411109950376,"{""type"":""MultiPoint"",""coordinates"":[]}"
1,1,0.14530464963848458,"{""type"":""MultiPoint"",""coordinates"":[]}"
2,2,0.2482292243648777,"{""type"":""MultiPoint"",""coordinates"":[]}"
3,3,0.34697660472408076,"{""type"":""MultiPoint"",""coordinates"":[]}"
4,4,0.4487365900994134,"{""type"":""MultiPoint"",""coordinates"":[]}"
5,5,0.548820392461505,"{""type"":""MultiPoint"",""coordinates"":[]}"
6,6,0.6487471792924325,"{""type"":""MultiPoint"",""coordinates"":[]}"
7,7,0.7505447057981258,"{""type"":""MultiPoint"",""coordinates"":[]}"
8,8,0.8461860215610107,"{""type"":""MultiPoint"",""coordinates"":[]}"
9,9,0.9351704442310683,"{""type"":""MultiPoint"",""coordinates"":[]}"
