system:index,class,mean,.geo
0,0,0.01645011384436383,"{""type"":""MultiPoint"",""coordinates"":[]}"
1,1,0.14716618430196254,"{""type"":""MultiPoint"",""coordinates"":[]}"
2,2,0.24932497886518318,"{""type"":""MultiPoint"",""coordinates"":[]}"
3,3,0.35031347507594357,"{""type"":""MultiPoint"",""coordinates"":[]}"
4,4,0.44929767084073574,"{""type"":""MultiPoint"",""coordinates"":[]}"
5,5,0.5510804367314605,"{""type"":""MultiPoint"",""coordinates"":[]}"
6,6,0.6479135191960639,"{""type"":""MultiPoint"",""coordinates"":[]}"
7,7,0.7503637697620692,"{""type"":""MultiPoint"",""coordinates"":[]}"
8,8,0.8507110407075638,"{""type"":""MultiPoint"",""coordinates"":[]}"
9,9,0.949891869872202,"{""type"":""MultiPoint"",""coordinates"":[]}"
