system:index,class,mean,.geo
0,0,0.05834868820233989,"{""type"":""MultiPoint"",""coordinates"":[]}"
1,1,0.1452287705465742,"{""type"":""MultiPoint"",""coordinates"":[]}"
2,2,0.24551072773823415,"{""type"":""MultiPoint"",""coordinates"":[]}"
3,3,0.34512508575614365,"{""type"":""MultiPoint"",""coordinates"":[]}"
4,4,0.44739322255379294,"{""type"":""MultiPoint"",""coordinates"":[]}"
5,5,0.5467835133335173,"{""type"":""MultiPoint"",""coordinates"":[]}"
6,6,0.649074457535142,"{""type"":""MultiPoint"",""coordinates"":[]}"
7,7,0.7532250170206086,"{""type"":""MultiPoint"",""coordinates"":[]}"
8,8,0.8533712915763095,"{""type"":""MultiPoint"",""coordinates"":[]}"
9,9,0.9478188168539302,"{""type"":""MultiPoint"",""coordinates"":[]}"
