system:index,class,mean,.geo
0,0,0.051074985146604066,"{""type"":""MultiPoint"",""coordinates"":[]}"
1,1,0.14717119443293464,"{""type"":""MultiPoint"",""coordinates"":[]}"
2,2,0.2456726723025748,"{""type"":""MultiPoint"",""coordinates"":[]}"
3,3,0.348059721978291,"{""type"":""MultiPoint"",""coordinates"":[]}"
4,4,0.4472921101683008,"{""type"":""MultiPoint"",""coordinates"":[]}"
5,5,0.5482813369761268,"{""type"":""MultiPoint"",""coordinates"":[]}"
6,6,0.6452394554742362,"{""type"":""MultiPoint"",""coordinates"":[]}"
7,7,0.7486373384770478,"{""type"":""MultiPoint"",""coordinates"":[]}"
8,8,0.8482000767678812,"{""type"":""MultiPoint"",""coordinates"":[]}"
9,9,0.9266968400540904,"{""type"":""MultiPoint"",""coordinates"":[]}"
