system:index,class,mean,.geo
0,0,0.05877393672665788,"{""type"":""MultiPoint"",""coordinates"":[]}"
1,1,0.14131286536360022,"{""type"":""MultiPoint"",""coordinates"":[]}"
2,2,0.24668154736652456,"{""type"":""MultiPoint"",""coordinates"":[]}"
3,3,0.3486820694007658,"{""type"":""MultiPoint"",""coordinates"":[]}"
4,4,0.4523732523060983,"{""type"":""MultiPoint"",""coordinates"":[]}"
5,5,0.5496262535326862,"{""type"":""MultiPoint"",""coordinates"":[]}"
6,6,0.6464856818081979,"{""type"":""MultiPoint"",""coordinates"":[]}"
7,7,0.7458465822855586,"{""type"":""MultiPoint"",""coordinates"":[]}"
8,8,0.8374592133500777,"{""type"":""MultiPoint"",""coordinates"":[]}"
9,9,0.9110283115485454,"{""type"":""MultiPoint"",""coordinates"":[]}"
