system:index,class,mean,.geo
0,0,0.0479222496411497,"{""type"":""MultiPoint"",""coordinates"":[]}"
1,1,0.14721261106600178,"{""type"":""MultiPoint"",""coordinates"":[]}"
2,2,0.248238561629054,"{""type"":""MultiPoint"",""coordinates"":[]}"
3,3,0.34851395934499046,"{""type"":""MultiPoint"",""coordinates"":[]}"
4,4,0.4429747469747848,"{""type"":""MultiPoint"",""coordinates"":[]}"
5,5,0.5458671472358011,"{""type"":""MultiPoint"",""coordinates"":[]}"
6,6,0.6523737045716549,"{""type"":""MultiPoint"",""coordinates"":[]}"
7,7,0.7510309737289436,"{""type"":""MultiPoint"",""coordinates"":[]}"
8,8,0.8498002766635078,"{""type"":""MultiPoint"",""coordinates"":[]}"
9,9,0.921504095387589,"{""type"":""MultiPoint"",""coordinates"":[]}"
