system:index,class,mean,.geo
0,0,0.019841318580151045,"{""type"":""MultiPoint"",""coordinates"":[]}"
1,1,0.1467471904719683,"{""type"":""MultiPoint"",""coordinates"":[]}"
2,2,0.24750386091440374,"{""type"":""MultiPoint"",""coordinates"":[]}"
3,3,0.3464514760358014,"{""type"":""MultiPoint"",""coordinates"":[]}"
4,4,0.4487179756277268,"{""type"":""MultiPoint"",""coordinates"":[]}"
5,5,0.547654339362634,"{""type"":""MultiPoint"",""coordinates"":[]}"
6,6,0.6492299366729867,"{""type"":""MultiPoint"",""coordinates"":[]}"
7,7,0.7503103847180473,"{""type"":""MultiPoint"",""coordinates"":[]}"
8,8,0.847894158328748,"{""type"":""MultiPoint"",""coordinates"":[]}"
9,9,0.9296949042999659,"{""type"":""MultiPoint"",""coordinates"":[]}"
