system:index,class,mean,.geo
0,0,0.0244044939197025,"{""type"":""MultiPoint"",""coordinates"":[]}"
1,1,0.14720557553754438,"{""type"":""MultiPoint"",""coordinates"":[]}"
2,2,0.2474911362088169,"{""type"":""MultiPoint"",""coordinates"":[]}"
3,3,0.34764234513479286,"{""type"":""MultiPoint"",""coordinates"":[]}"
4,4,0.45245722867371496,"{""type"":""MultiPoint"",""coordinates"":[]}"
5,5,0.5503359453312788,"{""type"":""MultiPoint"",""coordinates"":[]}"
6,6,0.6489537169981974,"{""type"":""MultiPoint"",""coordinates"":[]}"
7,7,0.7499479095249841,"{""type"":""MultiPoint"",""coordinates"":[]}"
8,8,0.8529569213526795,"{""type"":""MultiPoint"",""coordinates"":[]}"
9,9,0.9515716135415697,"{""type"":""MultiPoint"",""coordinates"":[]}"
