system:index,class,mean,.geo
0,0,0.03822470839478835,"{""type"":""MultiPoint"",""coordinates"":[]}"
1,1,0.14934618850388576,"{""type"":""MultiPoint"",""coordinates"":[]}"
2,2,0.24597521468479164,"{""type"":""MultiPoint"",""coordinates"":[]}"
3,3,0.3477048240490827,"{""type"":""MultiPoint"",""coordinates"":[]}"
4,4,0.4489308210696217,"{""type"":""MultiPoint"",""coordinates"":[]}"
5,5,0.544480839157583,"{""type"":""MultiPoint"",""coordinates"":[]}"
6,6,0.6458792603160523,"{""type"":""MultiPoint"",""coordinates"":[]}"
7,7,0.7449792660275023,"{""type"":""MultiPoint"",""coordinates"":[]}"
8,8,0.8451535769865763,"{""type"":""MultiPoint"",""coordinates"":[]}"
9,9,0.9303430542088408,"{""type"":""MultiPoint"",""coordinates"":[]}"
