system:index,class,mean,.geo
0,0,0.04618224025335261,"{""type"":""MultiPoint"",""coordinates"":[]}"
1,1,0.14302317830537442,"{""type"":""MultiPoint"",""coordinates"":[]}"
2,2,0.2457590932074574,"{""type"":""MultiPoint"",""coordinates"":[]}"
3,3,0.3510153293139458,"{""type"":""MultiPoint"",""coordinates"":[]}"
4,4,0.44909371359386824,"{""type"":""MultiPoint"",""coordinates"":[]}"
5,5,0.5482612951766637,"{""type"":""MultiPoint"",""coordinates"":[]}"
6,6,0.6489700146490672,"{""type"":""MultiPoint"",""coordinates"":[]}"
7,7,0.7472375012798368,"{""type"":""MultiPoint"",""coordinates"":[]}"
8,8,0.8548495437342809,"{""type"":""MultiPoint"",""coordinates"":[]}"
9,9,0.9226789813775965,"{""type"":""MultiPoint"",""coordinates"":[]}"
