system:index,class,mean,.geo
0,0,0.02622327778597766,"{""type"":""MultiPoint"",""coordinates"":[]}"
1,1,0.1449197195035866,"{""type"":""MultiPoint"",""coordinates"":[]}"
2,2,0.24688817586846357,"{""type"":""MultiPoint"",""coordinates"":[]}"
3,3,0.3484320683682163,"{""type"":""MultiPoint"",""coordinates"":[]}"
4,4,0.4488075552825825,"{""type"":""MultiPoint"",""coordinates"":[]}"
5,5,0.5487199043824466,"{""type"":""MultiPoint"",""coordinates"":[]}"
6,6,0.6503740508926922,"{""type"":""MultiPoint"",""coordinates"":[]}"
7,7,0.7469292097993349,"{""type"":""MultiPoint"",""coordinates"":[]}"
8,8,0.8496783420397681,"{""type"":""MultiPoint"",""coordinates"":[]}"
9,9,0.9317713750796216,"{""type"":""MultiPoint"",""coordinates"":[]}"
