system:index,class,mean,.geo
0,0,0.039418695424777696,"{""type"":""MultiPoint"",""coordinates"":[]}"
1,1,0.15359437282344637,"{""type"":""MultiPoint"",""coordinates"":[]}"
2,2,0.24774480409983868,"{""type"":""MultiPoint"",""coordinates"":[]}"
3,3,0.34539422168190065,"{""type"":""MultiPoint"",""coordinates"":[]}"
4,4,0.4465525769806368,"{""type"":""MultiPoint"",""coordinates"":[]}"
5,5,0.5479953672047613,"{""type"":""MultiPoint"",""coordinates"":[]}"
6,6,0.6483204494726014,"{""type"":""MultiPoint"",""coordinates"":[]}"
7,7,0.7492328799350733,"{""type"":""MultiPoint"",""coordinates"":[]}"
8,8,0.8503672258955138,"{""type"":""MultiPoint"",""coordinates"":[]}"
9,9,0.9332655387570937,"{""type"":""MultiPoint"",""coordinates"":[]}"
