system:index,class,mean,.geo
0,0,0.06034865272969963,"{""type"":""MultiPoint"",""coordinates"":[]}"
1,1,0.14789733718730427,"{""type"":""MultiPoint"",""coordinates"":[]}"
2,2,0.24176821953126254,"{""type"":""MultiPoint"",""coordinates"":[]}"
3,3,0.34673158183418146,"{""type"":""MultiPoint"",""coordinates"":[]}"
4,4,0.4465630922867461,"{""type"":""MultiPoint"",""coordinates"":[]}"
5,5,0.5485332829828818,"{""type"":""MultiPoint"",""coordinates"":[]}"
6,6,0.6503100536647334,"{""type"":""MultiPoint"",""coordinates"":[]}"
7,7,0.7521006602044211,"{""type"":""MultiPoint"",""coordinates"":[]}"
8,8,0.8530928286492784,"{""type"":""MultiPoint"",""coordinates"":[]}"
9,9,0.9449288195986623,"{""type"":""MultiPoint"",""coordinates"":[]}"
