system:index,class,mean,.geo
0,0,0.021734375807733294,"{""type"":""MultiPoint"",""coordinates"":[]}"
1,1,0.1454589148948918,"{""type"":""MultiPoint"",""coordinates"":[]}"
2,2,0.24810373443929365,"{""type"":""MultiPoint"",""coordinates"":[]}"
3,3,0.3489269103685174,"{""type"":""MultiPoint"",""coordinates"":[]}"
4,4,0.44866383669780796,"{""type"":""MultiPoint"",""coordinates"":[]}"
5,5,0.5483338178118863,"{""type"":""MultiPoint"",""coordinates"":[]}"
6,6,0.6508188918661347,"{""type"":""MultiPoint"",""coordinates"":[]}"
7,7,0.7509178396032173,"{""type"":""MultiPoint"",""coordinates"":[]}"
8,8,0.850900826538238,"{""type"":""MultiPoint"",""coordinates"":[]}"
9,9,0.9461169855267656,"{""type"":""MultiPoint"",""coordinates"":[]}"
