system:index,class,mean,.geo
0,0,0.03286605048394923,"{""type"":""MultiPoint"",""coordinates"":[]}"
1,1,0.14866490006211255,"{""type"":""MultiPoint"",""coordinates"":[]}"
2,2,0.2464787003340295,"{""type"":""MultiPoint"",""coordinates"":[]}"
3,3,0.34478826180160066,"{""type"":""MultiPoint"",""coordinates"":[]}"
4,4,0.44142603155778987,"{""type"":""MultiPoint"",""coordinates"":[]}"
5,5,0.5416312009460996,"{""type"":""MultiPoint"",""coordinates"":[]}"
6,6,0.6371204645669626,"{""type"":""MultiPoint"",""coordinates"":[]}"
7,7,0.7444786662946083,"{""type"":""MultiPoint"",""coordinates"":[]}"
8,8,0.8022874450220631,"{""type"":""MultiPoint"",""coordinates"":[]}"
9,9,,"{""type"":""MultiPoint"",""coordinates"":[]}"
