system:index,class,mean,.geo
0,0,0.04227838857931765,"{""type"":""MultiPoint"",""coordinates"":[]}"
1,1,0.14501968175216473,"{""type"":""MultiPoint"",""coordinates"":[]}"
2,2,0.24547524956644223,"{""type"":""MultiPoint"",""coordinates"":[]}"
3,3,0.346806606952933,"{""type"":""MultiPoint"",""coordinates"":[]}"
4,4,0.4502480323264992,"{""type"":""MultiPoint"",""coordinates"":[]}"
5,5,0.5487498736551252,"{""type"":""MultiPoint"",""coordinates"":[]}"
6,6,0.6513917019533926,"{""type"":""MultiPoint"",""coordinates"":[]}"
7,7,0.7491542677604355,"{""type"":""MultiPoint"",""coordinates"":[]}"
8,8,0.8489784665289511,"{""type"":""MultiPoint"",""coordinates"":[]}"
9,9,0.9388902684489608,"{""type"":""MultiPoint"",""coordinates"":[]}"
