system:index,class,mean,.geo
0,0,0.029146168268381612,"{""type"":""MultiPoint"",""coordinates"":[]}"
1,1,0.14675127321194956,"{""type"":""MultiPoint"",""coordinates"":[]}"
2,2,0.24991250687871988,"{""type"":""MultiPoint"",""coordinates"":[]}"
3,3,0.3485032749635044,"{""type"":""MultiPoint"",""coordinates"":[]}"
4,4,0.448821138097947,"{""type"":""MultiPoint"",""coordinates"":[]}"
5,5,0.5492355151713408,"{""type"":""MultiPoint"",""coordinates"":[]}"
6,6,0.6491456001200756,"{""type"":""MultiPoint"",""coordinates"":[]}"
7,7,0.7453200043519582,"{""type"":""MultiPoint"",""coordinates"":[]}"
8,8,0.8479473184368792,"{""type"":""MultiPoint"",""coordinates"":[]}"
9,9,0.9273965253613671,"{""type"":""MultiPoint"",""coordinates"":[]}"
