system:index,class,mean,.geo
0,0,0.03568446703127614,"{""type"":""MultiPoint"",""coordinates"":[]}"
1,1,0.15183297056951733,"{""type"":""MultiPoint"",""coordinates"":[]}"
2,2,0.24490208523571796,"{""type"":""MultiPoint"",""coordinates"":[]}"
3,3,0.34511751287321546,"{""type"":""MultiPoint"",""coordinates"":[]}"
4,4,0.4496101424375431,"{""type"":""MultiPoint"",""coordinates"":[]}"
5,5,0.5451293830508367,"{""type"":""MultiPoint"",""coordinates"":[]}"
6,6,0.647812159564837,"{""type"":""MultiPoint"",""coordinates"":[]}"
7,7,0.7460905797856071,"{""type"":""MultiPoint"",""coordinates"":[]}"
8,8,0.8412473595980877,"{""type"":""MultiPoint"",""coordinates"":[]}"
9,9,0.9396656223729516,"{""type"":""MultiPoint"",""coordinates"":[]}"
