system:index,class,mean,.geo
0,0,0.031615074802839,"{""type"":""MultiPoint"",""coordinates"":[]}"
1,1,0.14876076884239275,"{""type"":""MultiPoint"",""coordinates"":[]}"
2,2,0.2519872991345185,"{""type"":""MultiPoint"",""coordinates"":[]}"
3,3,0.35211361879165604,"{""type"":""MultiPoint"",""coordinates"":[]}"
4,4,0.45015694826468483,"{""type"":""MultiPoint"",""coordinates"":[]}"
5,5,0.5503245291172407,"{""type"":""MultiPoint"",""coordinates"":[]}"
6,6,0.6417195320509039,"{""type"":""MultiPoint"",""coordinates"":[]}"
7,7,0.7165409168460369,"{""type"":""MultiPoint"",""coordinates"":[]}"
8,8,0.8030711423522021,"{""type"":""MultiPoint"",""coordinates"":[]}"
9,9,,"{""type"":""MultiPoint"",""coordinates"":[]}"
