system:index,class,mean,.geo
0,0,0.011169290006661212,"{""type"":""MultiPoint"",""coordinates"":[]}"
1,1,0.14720668297729378,"{""type"":""MultiPoint"",""coordinates"":[]}"
2,2,0.24915194416571618,"{""type"":""MultiPoint"",""coordinates"":[]}"
3,3,0.3495691614584122,"{""type"":""MultiPoint"",""coordinates"":[]}"
4,4,0.4509633309133945,"{""type"":""MultiPoint"",""coordinates"":[]}"
5,5,0.5498033578892263,"{""type"":""MultiPoint"",""coordinates"":[]}"
6,6,0.6488865825801309,"{""type"":""MultiPoint"",""coordinates"":[]}"
7,7,0.7497268555375403,"{""type"":""MultiPoint"",""coordinates"":[]}"
8,8,0.8471944671705576,"{""type"":""MultiPoint"",""coordinates"":[]}"
9,9,0.9346901385416623,"{""type"":""MultiPoint"",""coordinates"":[]}"
