system:index,class,mean,.geo
0,0,0.030896900762274235,"{""type"":""MultiPoint"",""coordinates"":[]}"
1,1,0.14715456636821475,"{""type"":""MultiPoint"",""coordinates"":[]}"
2,2,0.2481796308360347,"{""type"":""MultiPoint"",""coordinates"":[]}"
3,3,0.3502049782258703,"{""type"":""MultiPoint"",""coordinates"":[]}"
4,4,0.45219589127829135,"{""type"":""MultiPoint"",""coordinates"":[]}"
5,5,0.5539138629419118,"{""type"":""MultiPoint"",""coordinates"":[]}"
6,6,0.6497113959558992,"{""type"":""MultiPoint"",""coordinates"":[]}"
7,7,0.7530948878236242,"{""type"":""MultiPoint"",""coordinates"":[]}"
8,8,0.8498670721752114,"{""type"":""MultiPoint"",""coordinates"":[]}"
9,9,0.9425287179851491,"{""type"":""MultiPoint"",""coordinates"":[]}"
