system:index,class,mean,.geo
0,0,0.038439890002132285,"{""type"":""MultiPoint"",""coordinates"":[]}"
1,1,0.14622347911262404,"{""type"":""MultiPoint"",""coordinates"":[]}"
2,2,0.24853487346127562,"{""type"":""MultiPoint"",""coordinates"":[]}"
3,3,0.3486767588733332,"{""type"":""MultiPoint"",""coordinates"":[]}"
4,4,0.44936788025348706,"{""type"":""MultiPoint"",""coordinates"":[]}"
5,5,0.5495248224989341,"{""type"":""MultiPoint"",""coordinates"":[]}"
6,6,0.6494159145541095,"{""type"":""MultiPoint"",""coordinates"":[]}"
7,7,0.7470397916371653,"{""type"":""MultiPoint"",""coordinates"":[]}"
8,8,0.8492288066224145,"{""type"":""MultiPoint"",""coordinates"":[]}"
9,9,0.922750168687655,"{""type"":""MultiPoint"",""coordinates"":[]}"
