system:index,class,mean,.geo
0,0,0.03547060315744303,"{""type"":""MultiPoint"",""coordinates"":[]}"
1,1,0.1477245440095588,"{""type"":""MultiPoint"",""coordinates"":[]}"
2,2,0.24592921446552926,"{""type"":""MultiPoint"",""coordinates"":[]}"
3,3,0.34726324766073896,"{""type"":""MultiPoint"",""coordinates"":[]}"
4,4,0.4483611769209446,"{""type"":""MultiPoint"",""coordinates"":[]}"
5,5,0.5466165764889024,"{""type"":""MultiPoint"",""coordinates"":[]}"
6,6,0.6498399838808416,"{""type"":""MultiPoint"",""coordinates"":[]}"
7,7,0.7515728989051181,"{""type"":""MultiPoint"",""coordinates"":[]}"
8,8,0.8524495154785245,"{""type"":""MultiPoint"",""coordinates"":[]}"
9,9,0.9320496043346217,"{""type"":""MultiPoint"",""coordinates"":[]}"
