system:index,class,mean,.geo
0,0,0.02938773813097809,"{""type"":""MultiPoint"",""coordinates"":[]}"
1,1,0.15314088979383295,"{""type"":""MultiPoint"",""coordinates"":[]}"
2,2,0.24948484627884887,"{""type"":""MultiPoint"",""coordinates"":[]}"
3,3,0.3526466208528441,"{""type"":""MultiPoint"",""coordinates"":[]}"
4,4,0.45257241135998655,"{""type"":""MultiPoint"",""coordinates"":[]}"
5,5,0.5502538454682379,"{""type"":""MultiPoint"",""coordinates"":[]}"
6,6,0.6500621753972698,"{""type"":""MultiPoint"",""coordinates"":[]}"
7,7,0.7478193128123417,"{""type"":""MultiPoint"",""coordinates"":[]}"
8,8,0.8503690046480418,"{""type"":""MultiPoint"",""coordinates"":[]}"
9,9,0.9371935869929754,"{""type"":""MultiPoint"",""coordinates"":[]}"
