system:index,class,mean,.geo
0,0,0.04888163950625511,"{""type"":""MultiPoint"",""coordinates"":[]}"
1,1,0.1453673895784833,"{""type"":""MultiPoint"",""coordinates"":[]}"
2,2,0.248174096899436,"{""type"":""MultiPoint"",""coordinates"":[]}"
3,3,0.34621523759499806,"{""type"":""MultiPoint"",""coordinates"":[]}"
4,4,0.4472976371486545,"{""type"":""MultiPoint"",""coordinates"":[]}"
5,5,0.5474894763831152,"{""type"":""MultiPoint"",""coordinates"":[]}"
6,6,0.6503571431066826,"{""type"":""MultiPoint"",""coordinates"":[]}"
7,7,0.7493054045804908,"{""type"":""MultiPoint"",""coordinates"":[]}"
8,8,0.8490356893796706,"{""type"":""MultiPoint"",""coordinates"":[]}"
9,9,0.95665175553302,"{""type"":""MultiPoint"",""coordinates"":[]}"
