system:index,class,mean,.geo
0,0,0.059964439441569574,"{""type"":""MultiPoint"",""coordinates"":[]}"
1,1,0.1499561085679715,"{""type"":""MultiPoint"",""coordinates"":[]}"
2,2,0.24396287621708515,"{""type"":""MultiPoint"",""coordinates"":[]}"
3,3,0.3480566579890746,"{""type"":""MultiPoint"",""coordinates"":[]}"
4,4,0.44785897914540546,"{""type"":""MultiPoint"",""coordinates"":[]}"
5,5,0.5474232303502403,"{""type"":""MultiPoint"",""coordinates"":[]}"
6,6,0.6467232828678317,"{""type"":""MultiPoint"",""coordinates"":[]}"
7,7,0.7461485185380721,"{""type"":""MultiPoint"",""coordinates"":[]}"
8,8,0.8522519864301495,"{""type"":""MultiPoint"",""coordinates"":[]}"
9,9,0.9544337908398086,"{""type"":""MultiPoint"",""coordinates"":[]}"
