system:index,class,mean,.geo
0,0,0.023968156449406686,"{""type"":""MultiPoint"",""coordinates"":[]}"
1,1,0.1502766811238101,"{""type"":""MultiPoint"",""coordinates"":[]}"
2,2,0.25095637121079667,"{""type"":""MultiPoint"",""coordinates"":[]}"
3,3,0.34835470225900084,"{""type"":""MultiPoint"",""coordinates"":[]}"
4,4,0.45010486875170497,"{""type"":""MultiPoint"",""coordinates"":[]}"
5,5,0.5467150813411463,"{""type"":""MultiPoint"",""coordinates"":[]}"
6,6,0.6472695711719761,"{""type"":""MultiPoint"",""coordinates"":[]}"
7,7,0.748685940239658,"{""type"":""MultiPoint"",""coordinates"":[]}"
8,8,0.8544704474914118,"{""type"":""MultiPoint"",""coordinates"":[]}"
9,9,0.9544303871256805,"{""type"":""MultiPoint"",""coordinates"":[]}"
