system:index,class,mean,.geo
0,0,0.032633333560557205,"{""type"":""MultiPoint"",""coordinates"":[]}"
1,1,0.14857440455447382,"{""type"":""MultiPoint"",""coordinates"":[]}"
2,2,0.2451320295287642,"{""type"":""MultiPoint"",""coordinates"":[]}"
3,3,0.3494280516717663,"{""type"":""MultiPoint"",""coordinates"":[]}"
4,4,0.44591828888924023,"{""type"":""MultiPoint"",""coordinates"":[]}"
5,5,0.5483440499694368,"{""type"":""MultiPoint"",""coordinates"":[]}"
6,6,0.6496890228282146,"{""type"":""MultiPoint"",""coordinates"":[]}"
7,7,0.7501035261152527,"{""type"":""MultiPoint"",""coordinates"":[]}"
8,8,0.8430978754123375,"{""type"":""MultiPoint"",""coordinates"":[]}"
9,9,0.9403791030093237,"{""type"":""MultiPoint"",""coordinates"":[]}"
