system:index,class,mean,.geo
0,0,0.024812173842117577,"{""type"":""MultiPoint"",""coordinates"":[]}"
1,1,0.14687082810958527,"{""type"":""MultiPoint"",""coordinates"":[]}"
2,2,0.24768624773880296,"{""type"":""MultiPoint"",""coordinates"":[]}"
3,3,0.3478304241646435,"{""type"":""MultiPoint"",""coordinates"":[]}"
4,4,0.4473219176376792,"{""type"":""MultiPoint"",""coordinates"":[]}"
5,5,0.5500354730886048,"{""type"":""MultiPoint"",""coordinates"":[]}"
6,6,0.6463695849640071,"{""type"":""MultiPoint"",""coordinates"":[]}"
7,7,0.7515230595036492,"{""type"":""MultiPoint"",""coordinates"":[]}"
8,8,0.8457697497527245,"{""type"":""MultiPoint"",""coordinates"":[]}"
9,9,0.9259931126911031,"{""type"":""MultiPoint"",""coordinates"":[]}"
