system:index,class,mean,.geo
0,0,0.025169888755101573,"{""type"":""MultiPoint"",""coordinates"":[]}"
1,1,0.1477961518723008,"{""type"":""MultiPoint"",""coordinates"":[]}"
2,2,0.2502718709427667,"{""type"":""MultiPoint"",""coordinates"":[]}"
3,3,0.347346503804115,"{""type"":""MultiPoint"",""coordinates"":[]}"
4,4,0.44735112260146787,"{""type"":""MultiPoint"",""coordinates"":[]}"
5,5,0.5487499790377878,"{""type"":""MultiPoint"",""coordinates"":[]}"
6,6,0.6449561297483304,"{""type"":""MultiPoint"",""coordinates"":[]}"
7,7,0.7498150510126733,"{""type"":""MultiPoint"",""coordinates"":[]}"
8,8,0.8546490040878364,"{""type"":""MultiPoint"",""coordinates"":[]}"
9,9,0.935573054722056,"{""type"":""MultiPoint"",""coordinates"":[]}"
