system:index,class,mean,.geo
0,0,0.023590840482653006,"{""type"":""MultiPoint"",""coordinates"":[]}"
1,1,0.14553193266056721,"{""type"":""MultiPoint"",""coordinates"":[]}"
2,2,0.24821544595842407,"{""type"":""MultiPoint"",""coordinates"":[]}"
3,3,0.3513863002898841,"{""type"":""MultiPoint"",""coordinates"":[]}"
4,4,0.4507444545099854,"{""type"":""MultiPoint"",""coordinates"":[]}"
5,5,0.5501670312616532,"{""type"":""MultiPoint"",""coordinates"":[]}"
6,6,0.6526361157288376,"{""type"":""MultiPoint"",""coordinates"":[]}"
7,7,0.7514692530621908,"{""type"":""MultiPoint"",""coordinates"":[]}"
8,8,0.8488435644210075,"{""type"":""MultiPoint"",""coordinates"":[]}"
9,9,0.933171967612166,"{""type"":""MultiPoint"",""coordinates"":[]}"
