system:index,class,mean,.geo
0,0,0.020707399399412154,"{""type"":""MultiPoint"",""coordinates"":[]}"
1,1,0.14627950085712596,"{""type"":""MultiPoint"",""coordinates"":[]}"
2,2,0.24999757163387037,"{""type"":""MultiPoint"",""coordinates"":[]}"
3,3,0.34915130780612563,"{""type"":""MultiPoint"",""coordinates"":[]}"
4,4,0.4524584871864357,"{""type"":""MultiPoint"",""coordinates"":[]}"
5,5,0.5508621912057877,"{""type"":""MultiPoint"",""coordinates"":[]}"
6,6,0.6513250436053822,"{""type"":""MultiPoint"",""coordinates"":[]}"
7,7,0.7486712423733684,"{""type"":""MultiPoint"",""coordinates"":[]}"
8,8,0.8547401863369551,"{""type"":""MultiPoint"",""coordinates"":[]}"
9,9,0.929436657017105,"{""type"":""MultiPoint"",""coordinates"":[]}"
