system:index,class,mean,.geo
0,0,0.04737218952911475,"{""type"":""MultiPoint"",""coordinates"":[]}"
1,1,0.14340171211312402,"{""type"":""MultiPoint"",""coordinates"":[]}"
2,2,0.24763426158341303,"{""type"":""MultiPoint"",""coordinates"":[]}"
3,3,0.3459996391129218,"{""type"":""MultiPoint"",""coordinates"":[]}"
4,4,0.44767165557315497,"{""type"":""MultiPoint"",""coordinates"":[]}"
5,5,0.5542683753569535,"{""type"":""MultiPoint"",""coordinates"":[]}"
6,6,0.647504294691365,"{""type"":""MultiPoint"",""coordinates"":[]}"
7,7,0.7532716426200207,"{""type"":""MultiPoint"",""coordinates"":[]}"
8,8,0.846470047679451,"{""type"":""MultiPoint"",""coordinates"":[]}"
9,9,0.9122504092870006,"{""type"":""MultiPoint"",""coordinates"":[]}"
