system:index,class,mean,.geo
0,0,0.025132833501345958,"{""type"":""MultiPoint"",""coordinates"":[]}"
1,1,0.1484647088726445,"{""type"":""MultiPoint"",""coordinates"":[]}"
2,2,0.24932056666142038,"{""type"":""MultiPoint"",""coordinates"":[]}"
3,3,0.34823826096717986,"{""type"":""MultiPoint"",""coordinates"":[]}"
4,4,0.44715656143248284,"{""type"":""MultiPoint"",""coordinates"":[]}"
5,5,0.5432668480858658,"{""type"":""MultiPoint"",""coordinates"":[]}"
6,6,0.6230704663675044,"{""type"":""MultiPoint"",""coordinates"":[]}"
7,7,,"{""type"":""MultiPoint"",""coordinates"":[]}"
8,8,,"{""type"":""MultiPoint"",""coordinates"":[]}"
9,9,,"{""type"":""MultiPoint"",""coordinates"":[]}"
