system:index,class,mean,.geo
0,0,0.03425398836126647,"{""type"":""MultiPoint"",""coordinates"":[]}"
1,1,0.14358916526111334,"{""type"":""MultiPoint"",""coordinates"":[]}"
2,2,0.24566329486966595,"{""type"":""MultiPoint"",""coordinates"":[]}"
3,3,0.34733753665987666,"{""type"":""MultiPoint"",""coordinates"":[]}"
4,4,0.4472678609907269,"{""type"":""MultiPoint"",""coordinates"":[]}"
5,5,0.5440709329316574,"{""type"":""MultiPoint"",""coordinates"":[]}"
6,6,0.6498998948293752,"{""type"":""MultiPoint"",""coordinates"":[]}"
7,7,0.7416185694361802,"{""type"":""MultiPoint"",""coordinates"":[]}"
8,8,0.8251791907105595,"{""type"":""MultiPoint"",""coordinates"":[]}"
9,9,,"{""type"":""MultiPoint"",""coordinates"":[]}"
