system:index,class,mean,.geo
0,0,0.020582054100878645,"{""type"":""MultiPoint"",""coordinates"":[]}"
1,1,0.14684271398287316,"{""type"":""MultiPoint"",""coordinates"":[]}"
2,2,0.2500768440518225,"{""type"":""MultiPoint"",""coordinates"":[]}"
3,3,0.3481278856585356,"{""type"":""MultiPoint"",""coordinates"":[]}"
4,4,0.4479613969538088,"{""type"":""MultiPoint"",""coordinates"":[]}"
5,5,0.5502468455540988,"{""type"":""MultiPoint"",""coordinates"":[]}"
6,6,0.650920896287272,"{""type"":""MultiPoint"",""coordinates"":[]}"
7,7,0.7444333483632911,"{""type"":""MultiPoint"",""coordinates"":[]}"
8,8,0.834547022667621,"{""type"":""MultiPoint"",""coordinates"":[]}"
9,9,,"{""type"":""MultiPoint"",""coordinates"":[]}"
