system:index,class,mean,.geo
0,0,0.06256899535512052,"{""type"":""MultiPoint"",""coordinates"":[]}"
1,1,0.14644906499819735,"{""type"":""MultiPoint"",""coordinates"":[]}"
2,2,0.2449962137744317,"{""type"":""MultiPoint"",""coordinates"":[]}"
3,3,0.3447042352751214,"{""type"":""MultiPoint"",""coordinates"":[]}"
4,4,0.4501331669566619,"{""type"":""MultiPoint"",""coordinates"":[]}"
5,5,0.5503713479300618,"{""type"":""MultiPoint"",""coordinates"":[]}"
6,6,0.6520117901431878,"{""type"":""MultiPoint"",""coordinates"":[]}"
7,7,0.7506985586480845,"{""type"":""MultiPoint"",""coordinates"":[]}"
8,8,0.8488627131143658,"{""type"":""MultiPoint"",""coordinates"":[]}"
9,9,0.942202919964521,"{""type"":""MultiPoint"",""coordinates"":[]}"
