system:index,class,mean,.geo
0,0,0.02200496837050696,"{""type"":""MultiPoint"",""coordinates"":[]}"
1,1,0.1489948516612776,"{""type"":""MultiPoint"",""coordinates"":[]}"
2,2,0.2477878594014423,"{""type"":""MultiPoint"",""coordinates"":[]}"
3,3,0.34928363359998316,"{""type"":""MultiPoint"",""coordinates"":[]}"
4,4,0.44944158015600166,"{""type"":""MultiPoint"",""coordinates"":[]}"
5,5,0.5494272337449592,"{""type"":""MultiPoint"",""coordinates"":[]}"
6,6,0.6482552361741829,"{""type"":""MultiPoint"",""coordinates"":[]}"
7,7,0.7503635495517569,"{""type"":""MultiPoint"",""coordinates"":[]}"
8,8,0.8408822454684516,"{""type"":""MultiPoint"",""coordinates"":[]}"
9,9,0.9341778706046311,"{""type"":""MultiPoint"",""coordinates"":[]}"
