system:index,class,mean,.geo
0,0,0.051513057113712526,"{""type"":""MultiPoint"",""coordinates"":[]}"
1,1,0.14186364495002632,"{""type"":""MultiPoint"",""coordinates"":[]}"
2,2,0.24580523529699347,"{""type"":""MultiPoint"",""coordinates"":[]}"
3,3,0.34752194743117704,"{""type"":""MultiPoint"",""coordinates"":[]}"
4,4,0.4444858663332792,"{""type"":""MultiPoint"",""coordinates"":[]}"
5,5,0.5485592527594403,"{""type"":""MultiPoint"",""coordinates"":[]}"
6,6,0.653388203534819,"{""type"":""MultiPoint"",""coordinates"":[]}"
7,7,0.7508223487271898,"{""type"":""MultiPoint"",""coordinates"":[]}"
8,8,0.8542555041552887,"{""type"":""MultiPoint"",""coordinates"":[]}"
9,9,0.9280397419775592,"{""type"":""MultiPoint"",""coordinates"":[]}"
