system:index,class,mean,.geo
0,0,0.024205395524027288,"{""type"":""MultiPoint"",""coordinates"":[]}"
1,1,0.14580312450032173,"{""type"":""MultiPoint"",""coordinates"":[]}"
2,2,0.24861086571221588,"{""type"":""MultiPoint"",""coordinates"":[]}"
3,3,0.34948519638142506,"{""type"":""MultiPoint"",""coordinates"":[]}"
4,4,0.4511034741448782,"{""type"":""MultiPoint"",""coordinates"":[]}"
5,5,0.5492063216301678,"{""type"":""MultiPoint"",""coordinates"":[]}"
6,6,0.6480650493093812,"{""type"":""MultiPoint"",""coordinates"":[]}"
7,7,0.7474812959795133,"{""type"":""MultiPoint"",""coordinates"":[]}"
8,8,0.8507724997012718,"{""type"":""MultiPoint"",""coordinates"":[]}"
9,9,0.9289284870512788,"{""type"":""MultiPoint"",""coordinates"":[]}"
