system:index,class,mean,.geo
0,0,0.026011362539075888,"{""type"":""MultiPoint"",""coordinates"":[]}"
1,1,0.14712788249989386,"{""type"":""MultiPoint"",""coordinates"":[]}"
2,2,0.24677359232876678,"{""type"":""MultiPoint"",""coordinates"":[]}"
3,3,0.3484960708490218,"{""type"":""MultiPoint"",""coordinates"":[]}"
4,4,0.4477955590972056,"{""type"":""MultiPoint"",""coordinates"":[]}"
5,5,0.548466099576501,"{""type"":""MultiPoint"",""coordinates"":[]}"
6,6,0.6516825958893027,"{""type"":""MultiPoint"",""coordinates"":[]}"
7,7,0.7492877096349836,"{""type"":""MultiPoint"",""coordinates"":[]}"
8,8,0.8568363056474135,"{""type"":""MultiPoint"",""coordinates"":[]}"
9,9,0.9410437785615943,"{""type"":""MultiPoint"",""coordinates"":[]}"
