system:index,class,mean,.geo
0,0,0.022013079561780842,"{""type"":""MultiPoint"",""coordinates"":[]}"
1,1,0.14541634392453986,"{""type"":""MultiPoint"",""coordinates"":[]}"
2,2,0.245811049297469,"{""type"":""MultiPoint"",""coordinates"":[]}"
3,3,0.34628144085178963,"{""type"":""MultiPoint"",""coordinates"":[]}"
4,4,0.4458229445548,"{""type"":""MultiPoint"",""coordinates"":[]}"
5,5,0.5396079326305138,"{""type"":""MultiPoint"",""coordinates"":[]}"
6,6,0.6413783644276618,"{""type"":""MultiPoint"",""coordinates"":[]}"
7,7,0.7421964823805839,"{""type"":""MultiPoint"",""coordinates"":[]}"
8,8,0.8490143741783097,"{""type"":""MultiPoint"",""coordinates"":[]}"
9,9,0.944758774442158,"{""type"":""MultiPoint"",""coordinates"":[]}"
