system:index,class,mean,.geo
0,0,0.012842569613308322,"{""type"":""MultiPoint"",""coordinates"":[]}"
1,1,0.14648229502526317,"{""type"":""MultiPoint"",""coordinates"":[]}"
2,2,0.25116449659225665,"{""type"":""MultiPoint"",""coordinates"":[]}"
3,3,0.3513471653890663,"{""type"":""MultiPoint"",""coordinates"":[]}"
4,4,0.451502869313798,"{""type"":""MultiPoint"",""coordinates"":[]}"
5,5,0.5482603671843516,"{""type"":""MultiPoint"",""coordinates"":[]}"
6,6,0.6503490911136763,"{""type"":""MultiPoint"",""coordinates"":[]}"
7,7,0.7512085498817965,"{""type"":""MultiPoint"",""coordinates"":[]}"
8,8,0.8422886684408732,"{""type"":""MultiPoint"",""coordinates"":[]}"
9,9,0.9245889287477856,"{""type"":""MultiPoint"",""coordinates"":[]}"
