system:index,class,mean,.geo
0,0,0.0669978495492586,"{""type"":""MultiPoint"",""coordinates"":[]}"
1,1,0.1387917631513234,"{""type"":""MultiPoint"",""coordinates"":[]}"
2,2,0.24800583649410088,"{""type"":""MultiPoint"",""coordinates"":[]}"
3,3,0.34674045347865257,"{""type"":""MultiPoint"",""coordinates"":[]}"
4,4,0.44884606134671456,"{""type"":""MultiPoint"",""coordinates"":[]}"
5,5,0.5437801147725295,"{""type"":""MultiPoint"",""coordinates"":[]}"
6,6,0.649686264205332,"{""type"":""MultiPoint"",""coordinates"":[]}"
7,7,0.7503422136776047,"{""type"":""MultiPoint"",""coordinates"":[]}"
8,8,0.8448682446199322,"{""type"":""MultiPoint"",""coordinates"":[]}"
9,9,0.9473755280051227,"{""type"":""MultiPoint"",""coordinates"":[]}"
