system:index,class,mean,.geo
0,0,0.022852023722232016,"{""type"":""MultiPoint"",""coordinates"":[]}"
1,1,0.14560213828270036,"{""type"":""MultiPoint"",""coordinates"":[]}"
2,2,0.24555415061450664,"{""type"":""MultiPoint"",""coordinates"":[]}"
3,3,0.34689185387477706,"{""type"":""MultiPoint"",""coordinates"":[]}"
4,4,0.4466091596392662,"{""type"":""MultiPoint"",""coordinates"":[]}"
5,5,0.5480284534358604,"{""type"":""MultiPoint"",""coordinates"":[]}"
6,6,0.6479483239677226,"{""type"":""MultiPoint"",""coordinates"":[]}"
7,7,0.7493254955786677,"{""type"":""MultiPoint"",""coordinates"":[]}"
8,8,0.8392894557387095,"{""type"":""MultiPoint"",""coordinates"":[]}"
9,9,0.9517663697169433,"{""type"":""MultiPoint"",""coordinates"":[]}"
