system:index,class,mean,.geo
0,0,0.031127943132128685,"{""type"":""MultiPoint"",""coordinates"":[]}"
1,1,0.14307956021174126,"{""type"":""MultiPoint"",""coordinates"":[]}"
2,2,0.24672609491257552,"{""type"":""MultiPoint"",""coordinates"":[]}"
3,3,0.34792990251780265,"{""type"":""MultiPoint"",""coordinates"":[]}"
4,4,0.4497948123533112,"{""type"":""MultiPoint"",""coordinates"":[]}"
5,5,0.5495410204723966,"{""type"":""MultiPoint"",""coordinates"":[]}"
6,6,0.649187958135265,"{""type"":""MultiPoint"",""coordinates"":[]}"
7,7,0.7436235241527268,"{""type"":""MultiPoint"",""coordinates"":[]}"
8,8,0.8509803956064947,"{""type"":""MultiPoint"",""coordinates"":[]}"
9,9,0.9372779502280663,"{""type"":""MultiPoint"",""coordinates"":[]}"
