system:index,class,mean,.geo
0,0,0.027861848822792884,"{""type"":""MultiPoint"",""coordinates"":[]}"
1,1,0.14598908884565479,"{""type"":""MultiPoint"",""coordinates"":[]}"
2,2,0.24796989754522286,"{""type"":""MultiPoint"",""coordinates"":[]}"
3,3,0.3484766221875193,"{""type"":""MultiPoint"",""coordinates"":[]}"
4,4,0.44526793584272484,"{""type"":""MultiPoint"",""coordinates"":[]}"
5,5,0.5448233214319399,"{""type"":""MultiPoint"",""coordinates"":[]}"
6,6,0.6467147707225345,"{""type"":""MultiPoint"",""coordinates"":[]}"
7,7,0.7488638410888263,"{""type"":""MultiPoint"",""coordinates"":[]}"
8,8,0.8491097117483345,"{""type"":""MultiPoint"",""coordinates"":[]}"
9,9,0.93386757538172,"{""type"":""MultiPoint"",""coordinates"":[]}"
