system:index,class,mean,.geo
0,0,0.04559708323552136,"{""type"":""MultiPoint"",""coordinates"":[]}"
1,1,0.14721792983937082,"{""type"":""MultiPoint"",""coordinates"":[]}"
2,2,0.24855661191707612,"{""type"":""MultiPoint"",""coordinates"":[]}"
3,3,0.3476082622295888,"{""type"":""MultiPoint"",""coordinates"":[]}"
4,4,0.4509914721512785,"{""type"":""MultiPoint"",""coordinates"":[]}"
5,5,0.5493229104820189,"{""type"":""MultiPoint"",""coordinates"":[]}"
6,6,0.6484969885337823,"{""type"":""MultiPoint"",""coordinates"":[]}"
7,7,0.7499615195358285,"{""type"":""MultiPoint"",""coordinates"":[]}"
8,8,0.8422747103433458,"{""type"":""MultiPoint"",""coordinates"":[]}"
9,9,0.9412607452810885,"{""type"":""MultiPoint"",""coordinates"":[]}"
