system:index,class,mean,.geo
0,0,0.033944968938521544,"{""type"":""MultiPoint"",""coordinates"":[]}"
1,1,0.1454711840004624,"{""type"":""MultiPoint"",""coordinates"":[]}"
2,2,0.24941418233121446,"{""type"":""MultiPoint"",""coordinates"":[]}"
3,3,0.34831689355241163,"{""type"":""MultiPoint"",""coordinates"":[]}"
4,4,0.44618884528915626,"{""type"":""MultiPoint"",""coordinates"":[]}"
5,5,0.5465544463689866,"{""type"":""MultiPoint"",""coordinates"":[]}"
6,6,0.6474676354985527,"{""type"":""MultiPoint"",""coordinates"":[]}"
7,7,0.7495223433138731,"{""type"":""MultiPoint"",""coordinates"":[]}"
8,8,0.8528550018389733,"{""type"":""MultiPoint"",""coordinates"":[]}"
9,9,0.9108059446136691,"{""type"":""MultiPoint"",""coordinates"":[]}"
