system:index,class,mean,.geo
0,0,0.028860989369568348,"{""type"":""MultiPoint"",""coordinates"":[]}"
1,1,0.14367851506166315,"{""type"":""MultiPoint"",""coordinates"":[]}"
2,2,0.24784237497404907,"{""type"":""MultiPoint"",""coordinates"":[]}"
3,3,0.3473308483077335,"{""type"":""MultiPoint"",""coordinates"":[]}"
4,4,0.4462666900489807,"{""type"":""MultiPoint"",""coordinates"":[]}"
5,5,0.546641326442641,"{""type"":""MultiPoint"",""coordinates"":[]}"
6,6,0.6477929064523626,"{""type"":""MultiPoint"",""coordinates"":[]}"
7,7,0.7490155469655998,"{""type"":""MultiPoint"",""coordinates"":[]}"
8,8,0.848542439584463,"{""type"":""MultiPoint"",""coordinates"":[]}"
9,9,0.9392313279651212,"{""type"":""MultiPoint"",""coordinates"":[]}"
