system:index,class,mean,.geo
0,0,0.04536212839550567,"{""type"":""MultiPoint"",""coordinates"":[]}"
1,1,0.1499259312812752,"{""type"":""MultiPoint"",""coordinates"":[]}"
2,2,0.24727091498413561,"{""type"":""MultiPoint"",""coordinates"":[]}"
3,3,0.346417815237955,"{""type"":""MultiPoint"",""coordinates"":[]}"
4,4,0.44529646766684283,"{""type"":""MultiPoint"",""coordinates"":[]}"
5,5,0.5476922330771471,"{""type"":""MultiPoint"",""coordinates"":[]}"
6,6,0.6488119015636801,"{""type"":""MultiPoint"",""coordinates"":[]}"
7,7,0.7475598194314814,"{""type"":""MultiPoint"",""coordinates"":[]}"
8,8,0.8494948728406543,"{""type"":""MultiPoint"",""coordinates"":[]}"
9,9,0.9652471856675087,"{""type"":""MultiPoint"",""coordinates"":[]}"
