system:index,class,mean,.geo
0,0,0.014165817997387578,"{""type"":""MultiPoint"",""coordinates"":[]}"
1,1,0.1487203612310044,"{""type"":""MultiPoint"",""coordinates"":[]}"
2,2,0.2482946485909708,"{""type"":""MultiPoint"",""coordinates"":[]}"
3,3,0.350212924347063,"{""type"":""MultiPoint"",""coordinates"":[]}"
4,4,0.4484088672456073,"{""type"":""MultiPoint"",""coordinates"":[]}"
5,5,0.5455029445606373,"{""type"":""MultiPoint"",""coordinates"":[]}"
6,6,0.6471349919568972,"{""type"":""MultiPoint"",""coordinates"":[]}"
7,7,0.7515229968621218,"{""type"":""MultiPoint"",""coordinates"":[]}"
8,8,0.8503456144724071,"{""type"":""MultiPoint"",""coordinates"":[]}"
9,9,0.9477894062999299,"{""type"":""MultiPoint"",""coordinates"":[]}"
