system:index,class,mean,.geo
0,0,0.022118209553465575,"{""type"":""MultiPoint"",""coordinates"":[]}"
1,1,0.1442956958369478,"{""type"":""MultiPoint"",""coordinates"":[]}"
2,2,0.25032844156397593,"{""type"":""MultiPoint"",""coordinates"":[]}"
3,3,0.35012850650458405,"{""type"":""MultiPoint"",""coordinates"":[]}"
4,4,0.4483622539665745,"{""type"":""MultiPoint"",""coordinates"":[]}"
5,5,0.5544014932956988,"{""type"":""MultiPoint"",""coordinates"":[]}"
6,6,0.6471275764916646,"{""type"":""MultiPoint"",""coordinates"":[]}"
7,7,0.7505268391391552,"{""type"":""MultiPoint"",""coordinates"":[]}"
8,8,0.8497354522625375,"{""type"":""MultiPoint"",""coordinates"":[]}"
9,9,0.921768495740594,"{""type"":""MultiPoint"",""coordinates"":[]}"
