system:index,class,mean,.geo
0,0,0.05440837432357983,"{""type"":""MultiPoint"",""coordinates"":[]}"
1,1,0.14505078796755658,"{""type"":""MultiPoint"",""coordinates"":[]}"
2,2,0.24819058015066972,"{""type"":""MultiPoint"",""coordinates"":[]}"
3,3,0.34510692535487236,"{""type"":""MultiPoint"",""coordinates"":[]}"
4,4,0.44831539657312053,"{""type"":""MultiPoint"",""coordinates"":[]}"
5,5,0.5499323058625805,"{""type"":""MultiPoint"",""coordinates"":[]}"
6,6,0.6474784900610331,"{""type"":""MultiPoint"",""coordinates"":[]}"
7,7,0.7501540627406762,"{""type"":""MultiPoint"",""coordinates"":[]}"
8,8,0.8380549942861403,"{""type"":""MultiPoint"",""coordinates"":[]}"
9,9,0.9322012994227541,"{""type"":""MultiPoint"",""coordinates"":[]}"
