system:index,class,mean,.geo
0,0,0.04351501547892784,"{""type"":""MultiPoint"",""coordinates"":[]}"
1,1,0.14268285815845652,"{""type"":""MultiPoint"",""coordinates"":[]}"
2,2,0.25026947559024504,"{""type"":""MultiPoint"",""coordinates"":[]}"
3,3,0.34812083238554387,"{""type"":""MultiPoint"",""coordinates"":[]}"
4,4,0.4520046720523275,"{""type"":""MultiPoint"",""coordinates"":[]}"
5,5,0.5533300591032322,"{""type"":""MultiPoint"",""coordinates"":[]}"
6,6,0.6511128184569701,"{""type"":""MultiPoint"",""coordinates"":[]}"
7,7,0.7511699479066297,"{""type"":""MultiPoint"",""coordinates"":[]}"
8,8,0.8456642013743015,"{""type"":""MultiPoint"",""coordinates"":[]}"
9,9,0.9369158357692081,"{""type"":""MultiPoint"",""coordinates"":[]}"
