system:index,class,mean,.geo
0,0,0.0271142701331863,"{""type"":""MultiPoint"",""coordinates"":[]}"
1,1,0.1473123983683546,"{""type"":""MultiPoint"",""coordinates"":[]}"
2,2,0.2463847976032906,"{""type"":""MultiPoint"",""coordinates"":[]}"
3,3,0.3496551609887675,"{""type"":""MultiPoint"",""coordinates"":[]}"
4,4,0.4478220431122538,"{""type"":""MultiPoint"",""coordinates"":[]}"
5,5,0.5501384174681581,"{""type"":""MultiPoint"",""coordinates"":[]}"
6,6,0.6515148553245615,"{""type"":""MultiPoint"",""coordinates"":[]}"
7,7,0.7362307906301705,"{""type"":""MultiPoint"",""coordinates"":[]}"
8,8,0.8023028565144193,"{""type"":""MultiPoint"",""coordinates"":[]}"
9,9,,"{""type"":""MultiPoint"",""coordinates"":[]}"
