system:index,class,mean,.geo
0,0,0.015658900676303898,"{""type"":""MultiPoint"",""coordinates"":[]}"
1,1,0.14569650452012167,"{""type"":""MultiPoint"",""coordinates"":[]}"
2,2,0.24824620273982614,"{""type"":""MultiPoint"",""coordinates"":[]}"
3,3,0.3513031367149979,"{""type"":""MultiPoint"",""coordinates"":[]}"
4,4,0.45158264205067244,"{""type"":""MultiPoint"",""coordinates"":[]}"
5,5,0.5490091510659687,"{""type"":""MultiPoint"",""coordinates"":[]}"
6,6,0.6561647612994166,"{""type"":""MultiPoint"",""coordinates"":[]}"
7,7,0.7522433028689995,"{""type"":""MultiPoint"",""coordinates"":[]}"
8,8,0.855795165412894,"{""type"":""MultiPoint"",""coordinates"":[]}"
9,9,0.9389781090486811,"{""type"":""MultiPoint"",""coordinates"":[]}"
