system:index,class,mean,.geo
0,0,0.027921202110963047,"{""type"":""MultiPoint"",""coordinates"":[]}"
1,1,0.1445512348971866,"{""type"":""MultiPoint"",""coordinates"":[]}"
2,2,0.2426278170381896,"{""type"":""MultiPoint"",""coordinates"":[]}"
3,3,0.34456690401783574,"{""type"":""MultiPoint"",""coordinates"":[]}"
4,4,0.4461030663306574,"{""type"":""MultiPoint"",""coordinates"":[]}"
5,5,0.545817389323723,"{""type"":""MultiPoint"",""coordinates"":[]}"
6,6,0.6483623236705985,"{""type"":""MultiPoint"",""coordinates"":[]}"
7,7,0.7484711771608838,"{""type"":""MultiPoint"",""coordinates"":[]}"
8,8,0.8476578531772722,"{""type"":""MultiPoint"",""coordinates"":[]}"
9,9,0.9550432640946126,"{""type"":""MultiPoint"",""coordinates"":[]}"
