system:index,class,mean,.geo
0,0,0.019464822150288885,"{""type"":""MultiPoint"",""coordinates"":[]}"
1,1,0.14612798001650926,"{""type"":""MultiPoint"",""coordinates"":[]}"
2,2,0.24662302076098336,"{""type"":""MultiPoint"",""coordinates"":[]}"
3,3,0.3487932384399599,"{""type"":""MultiPoint"",""coordinates"":[]}"
4,4,0.45110444037543845,"{""type"":""MultiPoint"",""coordinates"":[]}"
5,5,0.5488438903370617,"{""type"":""MultiPoint"",""coordinates"":[]}"
6,6,0.6500885442334989,"{""type"":""MultiPoint"",""coordinates"":[]}"
7,7,0.7489598611456356,"{""type"":""MultiPoint"",""coordinates"":[]}"
8,8,0.8494503593046757,"{""type"":""MultiPoint"",""coordinates"":[]}"
9,9,0.9350717368855961,"{""type"":""MultiPoint"",""coordinates"":[]}"
