system:index,class,mean,.geo
0,0,0.05901315694370823,"{""type"":""MultiPoint"",""coordinates"":[]}"
1,1,0.14711988271027385,"{""type"":""MultiPoint"",""coordinates"":[]}"
2,2,0.2398591255638891,"{""type"":""MultiPoint"",""coordinates"":[]}"
3,3,0.3491866834108765,"{""type"":""MultiPoint"",""coordinates"":[]}"
4,4,0.4513761519161275,"{""type"":""MultiPoint"",""coordinates"":[]}"
5,5,0.5474316152368743,"{""type"":""MultiPoint"",""coordinates"":[]}"
6,6,0.6444938988505666,"{""type"":""MultiPoint"",""coordinates"":[]}"
7,7,0.7413613486188712,"{""type"":""MultiPoint"",""coordinates"":[]}"
8,8,0.8394393432355348,"{""type"":""MultiPoint"",""coordinates"":[]}"
9,9,,"{""type"":""MultiPoint"",""coordinates"":[]}"
