system:index,class,mean,.geo
0,0,0.03354755952438663,"{""type"":""MultiPoint"",""coordinates"":[]}"
1,1,0.1481697283764772,"{""type"":""MultiPoint"",""coordinates"":[]}"
2,2,0.24461503303033408,"{""type"":""MultiPoint"",""coordinates"":[]}"
3,3,0.3471788343760156,"{""type"":""MultiPoint"",""coordinates"":[]}"
4,4,0.44809176864239353,"{""type"":""MultiPoint"",""coordinates"":[]}"
5,5,0.5508400119442406,"{""type"":""MultiPoint"",""coordinates"":[]}"
6,6,0.6499666959156409,"{""type"":""MultiPoint"",""coordinates"":[]}"
7,7,0.7496323261590828,"{""type"":""MultiPoint"",""coordinates"":[]}"
8,8,0.8474418400604394,"{""type"":""MultiPoint"",""coordinates"":[]}"
9,9,0.9382477689896397,"{""type"":""MultiPoint"",""coordinates"":[]}"
