system:index,class,mean,.geo
0,0,0.02000368539953263,"{""type"":""MultiPoint"",""coordinates"":[]}"
1,1,0.1472549279765993,"{""type"":""MultiPoint"",""coordinates"":[]}"
2,2,0.2495636307796663,"{""type"":""MultiPoint"",""coordinates"":[]}"
3,3,0.3500518043341755,"{""type"":""MultiPoint"",""coordinates"":[]}"
4,4,0.4508473507986243,"{""type"":""MultiPoint"",""coordinates"":[]}"
5,5,0.553284621786458,"{""type"":""MultiPoint"",""coordinates"":[]}"
6,6,0.6549624237960878,"{""type"":""MultiPoint"",""coordinates"":[]}"
7,7,0.752504286973267,"{""type"":""MultiPoint"",""coordinates"":[]}"
8,8,0.8531486357620232,"{""type"":""MultiPoint"",""coordinates"":[]}"
9,9,0.9277734651082462,"{""type"":""MultiPoint"",""coordinates"":[]}"
