system:index,class,mean,.geo
0,0,0.03303951240826522,"{""type"":""MultiPoint"",""coordinates"":[]}"
1,1,0.14463549361542716,"{""type"":""MultiPoint"",""coordinates"":[]}"
2,2,0.24765142888582983,"{""type"":""MultiPoint"",""coordinates"":[]}"
3,3,0.34693885794865464,"{""type"":""MultiPoint"",""coordinates"":[]}"
4,4,0.4505421911049469,"{""type"":""MultiPoint"",""coordinates"":[]}"
5,5,0.5514014085961525,"{""type"":""MultiPoint"",""coordinates"":[]}"
6,6,0.6524587891800505,"{""type"":""MultiPoint"",""coordinates"":[]}"
7,7,0.7509403036307744,"{""type"":""MultiPoint"",""coordinates"":[]}"
8,8,0.8564021991712644,"{""type"":""MultiPoint"",""coordinates"":[]}"
9,9,0.9430412132135789,"{""type"":""MultiPoint"",""coordinates"":[]}"
