system:index,class,mean,.geo
0,0,0.02522865541151361,"{""type"":""MultiPoint"",""coordinates"":[]}"
1,1,0.14566251351316348,"{""type"":""MultiPoint"",""coordinates"":[]}"
2,2,0.2473037587741877,"{""type"":""MultiPoint"",""coordinates"":[]}"
3,3,0.349856659940726,"{""type"":""MultiPoint"",""coordinates"":[]}"
4,4,0.4500531866995996,"{""type"":""MultiPoint"",""coordinates"":[]}"
5,5,0.5496619232506558,"{""type"":""MultiPoint"",""coordinates"":[]}"
6,6,0.6515236550182066,"{""type"":""MultiPoint"",""coordinates"":[]}"
7,7,0.7500918924089769,"{""type"":""MultiPoint"",""coordinates"":[]}"
8,8,0.8483244033034637,"{""type"":""MultiPoint"",""coordinates"":[]}"
9,9,0.935852734683733,"{""type"":""MultiPoint"",""coordinates"":[]}"
