system:index,class,mean,.geo
0,0,0.046004770369289634,"{""type"":""MultiPoint"",""coordinates"":[]}"
1,1,0.14667857079792643,"{""type"":""MultiPoint"",""coordinates"":[]}"
2,2,0.24806900839755966,"{""type"":""MultiPoint"",""coordinates"":[]}"
3,3,0.3479164487849777,"{""type"":""MultiPoint"",""coordinates"":[]}"
4,4,0.4477671804335646,"{""type"":""MultiPoint"",""coordinates"":[]}"
5,5,0.5462856864753267,"{""type"":""MultiPoint"",""coordinates"":[]}"
6,6,0.6468092268998187,"{""type"":""MultiPoint"",""coordinates"":[]}"
7,7,0.7437772016042385,"{""type"":""MultiPoint"",""coordinates"":[]}"
8,8,0.8492194585309442,"{""type"":""MultiPoint"",""coordinates"":[]}"
9,9,0.943816535139277,"{""type"":""MultiPoint"",""coordinates"":[]}"
