system:index,class,mean,.geo
0,0,0.0210784423868449,"{""type"":""MultiPoint"",""coordinates"":[]}"
1,1,0.144548785553699,"{""type"":""MultiPoint"",""coordinates"":[]}"
2,2,0.24827143647720532,"{""type"":""MultiPoint"",""coordinates"":[]}"
3,3,0.3473689038257091,"{""type"":""MultiPoint"",""coordinates"":[]}"
4,4,0.4474403959821404,"{""type"":""MultiPoint"",""coordinates"":[]}"
5,5,0.5476300365913991,"{""type"":""MultiPoint"",""coordinates"":[]}"
6,6,0.6482919243572529,"{""type"":""MultiPoint"",""coordinates"":[]}"
7,7,0.7464598004335814,"{""type"":""MultiPoint"",""coordinates"":[]}"
8,8,0.8456299219693283,"{""type"":""MultiPoint"",""coordinates"":[]}"
9,9,0.9218865316945534,"{""type"":""MultiPoint"",""coordinates"":[]}"
