system:index,class,mean,.geo
0,0,0.028079670709930993,"{""type"":""MultiPoint"",""coordinates"":[]}"
1,1,0.14457938648180502,"{""type"":""MultiPoint"",""coordinates"":[]}"
2,2,0.24554167713492606,"{""type"":""MultiPoint"",""coordinates"":[]}"
3,3,0.3455664993027971,"{""type"":""MultiPoint"",""coordinates"":[]}"
4,4,0.4449736379570341,"{""type"":""MultiPoint"",""coordinates"":[]}"
5,5,0.5455182323328598,"{""type"":""MultiPoint"",""coordinates"":[]}"
6,6,0.650222175451739,"{""type"":""MultiPoint"",""coordinates"":[]}"
7,7,0.7459573353711091,"{""type"":""MultiPoint"",""coordinates"":[]}"
8,8,0.8455731702034935,"{""type"":""MultiPoint"",""coordinates"":[]}"
9,9,0.9359333418633503,"{""type"":""MultiPoint"",""coordinates"":[]}"
