system:index,class,mean,.geo
0,0,0.035931279510532294,"{""type"":""MultiPoint"",""coordinates"":[]}"
1,1,0.14818391239760817,"{""type"":""MultiPoint"",""coordinates"":[]}"
2,2,0.24773568096072693,"{""type"":""MultiPoint"",""coordinates"":[]}"
3,3,0.3483932226484374,"{""type"":""MultiPoint"",""coordinates"":[]}"
4,4,0.44758814437643735,"{""type"":""MultiPoint"",""coordinates"":[]}"
5,5,0.5492741696814127,"{""type"":""MultiPoint"",""coordinates"":[]}"
6,6,0.647310436182262,"{""type"":""MultiPoint"",""coordinates"":[]}"
7,7,0.7529117543753883,"{""type"":""MultiPoint"",""coordinates"":[]}"
8,8,0.8493440617815619,"{""type"":""MultiPoint"",""coordinates"":[]}"
9,9,0.957522543894979,"{""type"":""MultiPoint"",""coordinates"":[]}"
