system:index,class,mean,.geo
0,0,0.024124174236330106,"{""type"":""MultiPoint"",""coordinates"":[]}"
1,1,0.14549706046882294,"{""type"":""MultiPoint"",""coordinates"":[]}"
2,2,0.25034521215991223,"{""type"":""MultiPoint"",""coordinates"":[]}"
3,3,0.34851437266187857,"{""type"":""MultiPoint"",""coordinates"":[]}"
4,4,0.4491308269548132,"{""type"":""MultiPoint"",""coordinates"":[]}"
5,5,0.5482703089387806,"{""type"":""MultiPoint"",""coordinates"":[]}"
6,6,0.6482370874798214,"{""type"":""MultiPoint"",""coordinates"":[]}"
7,7,0.7478192756642807,"{""type"":""MultiPoint"",""coordinates"":[]}"
8,8,0.8439252794763914,"{""type"":""MultiPoint"",""coordinates"":[]}"
9,9,0.9137079340597065,"{""type"":""MultiPoint"",""coordinates"":[]}"
