system:index,class,mean,.geo
0,0,0.0355045095586852,"{""type"":""MultiPoint"",""coordinates"":[]}"
1,1,0.14403454639698945,"{""type"":""MultiPoint"",""coordinates"":[]}"
2,2,0.2475131432125082,"{""type"":""MultiPoint"",""coordinates"":[]}"
3,3,0.34705348292256044,"{""type"":""MultiPoint"",""coordinates"":[]}"
4,4,0.449857085052371,"{""type"":""MultiPoint"",""coordinates"":[]}"
5,5,0.5499313920330771,"{""type"":""MultiPoint"",""coordinates"":[]}"
6,6,0.6535358616553401,"{""type"":""MultiPoint"",""coordinates"":[]}"
7,7,0.748248151934397,"{""type"":""MultiPoint"",""coordinates"":[]}"
8,8,0.8512247902635777,"{""type"":""MultiPoint"",""coordinates"":[]}"
9,9,0.929501929447336,"{""type"":""MultiPoint"",""coordinates"":[]}"
