system:index,class,mean,.geo
0,0,0.031736566146903275,"{""type"":""MultiPoint"",""coordinates"":[]}"
1,1,0.15126737197673906,"{""type"":""MultiPoint"",""coordinates"":[]}"
2,2,0.2530986089283279,"{""type"":""MultiPoint"",""coordinates"":[]}"
3,3,0.3494431018021963,"{""type"":""MultiPoint"",""coordinates"":[]}"
4,4,0.4521262336573074,"{""type"":""MultiPoint"",""coordinates"":[]}"
5,5,0.5484610875493598,"{""type"":""MultiPoint"",""coordinates"":[]}"
6,6,0.6405377335190875,"{""type"":""MultiPoint"",""coordinates"":[]}"
7,7,0.7449616915358279,"{""type"":""MultiPoint"",""coordinates"":[]}"
8,8,,"{""type"":""MultiPoint"",""coordinates"":[]}"
9,9,,"{""type"":""MultiPoint"",""coordinates"":[]}"
