system:index,class,mean,.geo
0,0,0.03944799131229328,"{""type"":""MultiPoint"",""coordinates"":[]}"
1,1,0.15012983810899871,"{""type"":""MultiPoint"",""coordinates"":[]}"
2,2,0.2472181188107238,"{""type"":""MultiPoint"",""coordinates"":[]}"
3,3,0.3462793197550017,"{""type"":""MultiPoint"",""coordinates"":[]}"
4,4,0.44516714105949345,"{""type"":""MultiPoint"",""coordinates"":[]}"
5,5,0.5483611666829429,"{""type"":""MultiPoint"",""coordinates"":[]}"
6,6,0.6486677391727632,"{""type"":""MultiPoint"",""coordinates"":[]}"
7,7,0.7468285942991252,"{""type"":""MultiPoint"",""coordinates"":[]}"
8,8,0.8534103178087483,"{""type"":""MultiPoint"",""coordinates"":[]}"
9,9,0.9390065862968662,"{""type"":""MultiPoint"",""coordinates"":[]}"
