system:index,class,mean,.geo
0,0,0.05113268970033143,"{""type"":""MultiPoint"",""coordinates"":[]}"
1,1,0.1461005285794217,"{""type"":""MultiPoint"",""coordinates"":[]}"
2,2,0.24833602629156412,"{""type"":""MultiPoint"",""coordinates"":[]}"
3,3,0.346319572139462,"{""type"":""MultiPoint"",""coordinates"":[]}"
4,4,0.4484504768275121,"{""type"":""MultiPoint"",""coordinates"":[]}"
5,5,0.5519250683618262,"{""type"":""MultiPoint"",""coordinates"":[]}"
6,6,0.649280192199311,"{""type"":""MultiPoint"",""coordinates"":[]}"
7,7,0.7503724533920937,"{""type"":""MultiPoint"",""coordinates"":[]}"
8,8,0.8401145089267658,"{""type"":""MultiPoint"",""coordinates"":[]}"
9,9,0.9169568644825756,"{""type"":""MultiPoint"",""coordinates"":[]}"
