system:index,class,mean,.geo
0,0,0.03202505240343859,"{""type"":""MultiPoint"",""coordinates"":[]}"
1,1,0.14684730618571196,"{""type"":""MultiPoint"",""coordinates"":[]}"
2,2,0.24786085180776046,"{""type"":""MultiPoint"",""coordinates"":[]}"
3,3,0.34883309347056946,"{""type"":""MultiPoint"",""coordinates"":[]}"
4,4,0.4496937857857207,"{""type"":""MultiPoint"",""coordinates"":[]}"
5,5,0.5519643909794981,"{""type"":""MultiPoint"",""coordinates"":[]}"
6,6,0.6492762090505112,"{""type"":""MultiPoint"",""coordinates"":[]}"
7,7,0.749495868031188,"{""type"":""MultiPoint"",""coordinates"":[]}"
8,8,0.8509141625599831,"{""type"":""MultiPoint"",""coordinates"":[]}"
9,9,0.9409266790243199,"{""type"":""MultiPoint"",""coordinates"":[]}"
