system:index,class,mean,.geo
0,0,0.017362941972966447,"{""type"":""MultiPoint"",""coordinates"":[]}"
1,1,0.14741890468721242,"{""type"":""MultiPoint"",""coordinates"":[]}"
2,2,0.24778590259035432,"{""type"":""MultiPoint"",""coordinates"":[]}"
3,3,0.3484720543565464,"{""type"":""MultiPoint"",""coordinates"":[]}"
4,4,0.4480830430109134,"{""type"":""MultiPoint"",""coordinates"":[]}"
5,5,0.5500672738076058,"{""type"":""MultiPoint"",""coordinates"":[]}"
6,6,0.649871217016008,"{""type"":""MultiPoint"",""coordinates"":[]}"
7,7,0.7512077024667967,"{""type"":""MultiPoint"",""coordinates"":[]}"
8,8,0.8552081951824299,"{""type"":""MultiPoint"",""coordinates"":[]}"
9,9,0.9306470537424645,"{""type"":""MultiPoint"",""coordinates"":[]}"
