system:index,class,mean,.geo
0,0,0.015747153086842876,"{""type"":""MultiPoint"",""coordinates"":[]}"
1,1,0.14658680931575474,"{""type"":""MultiPoint"",""coordinates"":[]}"
2,2,0.24803277125487508,"{""type"":""MultiPoint"",""coordinates"":[]}"
3,3,0.3499632711348586,"{""type"":""MultiPoint"",""coordinates"":[]}"
4,4,0.44949911118260466,"{""type"":""MultiPoint"",""coordinates"":[]}"
5,5,0.5499182470981958,"{""type"":""MultiPoint"",""coordinates"":[]}"
6,6,0.6508850261315431,"{""type"":""MultiPoint"",""coordinates"":[]}"
7,7,0.7500490736232946,"{""type"":""MultiPoint"",""coordinates"":[]}"
8,8,0.8489068019099714,"{""type"":""MultiPoint"",""coordinates"":[]}"
9,9,0.9334624267908499,"{""type"":""MultiPoint"",""coordinates"":[]}"
