system:index,class,mean,.geo
0,0,0.054140034165193106,"{""type"":""MultiPoint"",""coordinates"":[]}"
1,1,0.15630545311199007,"{""type"":""MultiPoint"",""coordinates"":[]}"
2,2,0.24669499150975338,"{""type"":""MultiPoint"",""coordinates"":[]}"
3,3,0.3453162625122001,"{""type"":""MultiPoint"",""coordinates"":[]}"
4,4,0.4437502742039138,"{""type"":""MultiPoint"",""coordinates"":[]}"
5,5,0.5494899440366937,"{""type"":""MultiPoint"",""coordinates"":[]}"
6,6,0.6461005268306644,"{""type"":""MultiPoint"",""coordinates"":[]}"
7,7,0.7481717103310868,"{""type"":""MultiPoint"",""coordinates"":[]}"
8,8,0.8500371419041038,"{""type"":""MultiPoint"",""coordinates"":[]}"
9,9,0.9617284449767873,"{""type"":""MultiPoint"",""coordinates"":[]}"
