system:index,class,mean,.geo
0,0,0.017413995183228774,"{""type"":""MultiPoint"",""coordinates"":[]}"
1,1,0.14724687037402456,"{""type"":""MultiPoint"",""coordinates"":[]}"
2,2,0.24840276302129358,"{""type"":""MultiPoint"",""coordinates"":[]}"
3,3,0.35107434973742335,"{""type"":""MultiPoint"",""coordinates"":[]}"
4,4,0.45000721264058335,"{""type"":""MultiPoint"",""coordinates"":[]}"
5,5,0.5468268214695605,"{""type"":""MultiPoint"",""coordinates"":[]}"
6,6,0.6492599018461305,"{""type"":""MultiPoint"",""coordinates"":[]}"
7,7,0.750590550481206,"{""type"":""MultiPoint"",""coordinates"":[]}"
8,8,0.8493771699196858,"{""type"":""MultiPoint"",""coordinates"":[]}"
9,9,0.9411185383069943,"{""type"":""MultiPoint"",""coordinates"":[]}"
