system:index,class,mean,.geo
0,0,0.03312387426192658,"{""type"":""MultiPoint"",""coordinates"":[]}"
1,1,0.15062607485460008,"{""type"":""MultiPoint"",""coordinates"":[]}"
2,2,0.2480825146804998,"{""type"":""MultiPoint"",""coordinates"":[]}"
3,3,0.3465915475117435,"{""type"":""MultiPoint"",""coordinates"":[]}"
4,4,0.4499770923423734,"{""type"":""MultiPoint"",""coordinates"":[]}"
5,5,0.5500424263213135,"{""type"":""MultiPoint"",""coordinates"":[]}"
6,6,0.64946540674842,"{""type"":""MultiPoint"",""coordinates"":[]}"
7,7,0.7501722378398545,"{""type"":""MultiPoint"",""coordinates"":[]}"
8,8,0.8308285322081628,"{""type"":""MultiPoint"",""coordinates"":[]}"
9,9,,"{""type"":""MultiPoint"",""coordinates"":[]}"
