system:index,class,mean,.geo
0,0,0.035423339915139136,"{""type"":""MultiPoint"",""coordinates"":[]}"
1,1,0.14369636212848,"{""type"":""MultiPoint"",""coordinates"":[]}"
2,2,0.24652688426688651,"{""type"":""MultiPoint"",""coordinates"":[]}"
3,3,0.34991207670279617,"{""type"":""MultiPoint"",""coordinates"":[]}"
4,4,0.4494579696781021,"{""type"":""MultiPoint"",""coordinates"":[]}"
5,5,0.5517241222846117,"{""type"":""MultiPoint"",""coordinates"":[]}"
6,6,0.6456045688406149,"{""type"":""MultiPoint"",""coordinates"":[]}"
7,7,0.7465938858989971,"{""type"":""MultiPoint"",""coordinates"":[]}"
8,8,0.8445881461356937,"{""type"":""MultiPoint"",""coordinates"":[]}"
9,9,0.9177169103503632,"{""type"":""MultiPoint"",""coordinates"":[]}"
