system:index,class,mean,.geo
0,0,0.03902729324007481,"{""type"":""MultiPoint"",""coordinates"":[]}"
1,1,0.1438479085438629,"{""type"":""MultiPoint"",""coordinates"":[]}"
2,2,0.2470351215611011,"{""type"":""MultiPoint"",""coordinates"":[]}"
3,3,0.3491124691203741,"{""type"":""MultiPoint"",""coordinates"":[]}"
4,4,0.4497408510910129,"{""type"":""MultiPoint"",""coordinates"":[]}"
5,5,0.5458534748077406,"{""type"":""MultiPoint"",""coordinates"":[]}"
6,6,0.6500721094042813,"{""type"":""MultiPoint"",""coordinates"":[]}"
7,7,0.7510299161490728,"{""type"":""MultiPoint"",""coordinates"":[]}"
8,8,0.8547498142269059,"{""type"":""MultiPoint"",""coordinates"":[]}"
9,9,0.950452635422525,"{""type"":""MultiPoint"",""coordinates"":[]}"
