system:index,class,mean,.geo
0,0,0.04771477440554648,"{""type"":""MultiPoint"",""coordinates"":[]}"
1,1,0.14807435013984058,"{""type"":""MultiPoint"",""coordinates"":[]}"
2,2,0.24900404664592443,"{""type"":""MultiPoint"",""coordinates"":[]}"
3,3,0.34618646050938184,"{""type"":""MultiPoint"",""coordinates"":[]}"
4,4,0.4458644305043106,"{""type"":""MultiPoint"",""coordinates"":[]}"
5,5,0.5430444432295976,"{""type"":""MultiPoint"",""coordinates"":[]}"
6,6,0.6453165164405862,"{""type"":""MultiPoint"",""coordinates"":[]}"
7,7,0.7486145969083694,"{""type"":""MultiPoint"",""coordinates"":[]}"
8,8,0.8485157593050996,"{""type"":""MultiPoint"",""coordinates"":[]}"
9,9,0.9565257654694385,"{""type"":""MultiPoint"",""coordinates"":[]}"
