system:index,class,mean,.geo
0,0,0.03775412944941621,"{""type"":""MultiPoint"",""coordinates"":[]}"
1,1,0.1451862460647674,"{""type"":""MultiPoint"",""coordinates"":[]}"
2,2,0.2490331812147098,"{""type"":""MultiPoint"",""coordinates"":[]}"
3,3,0.34825461310212524,"{""type"":""MultiPoint"",""coordinates"":[]}"
4,4,0.4520681813898899,"{""type"":""MultiPoint"",""coordinates"":[]}"
5,5,0.5486572872516144,"{""type"":""MultiPoint"",""coordinates"":[]}"
6,6,0.6527188025763203,"{""type"":""MultiPoint"",""coordinates"":[]}"
7,7,0.7474911782647277,"{""type"":""MultiPoint"",""coordinates"":[]}"
8,8,0.8399375570898748,"{""type"":""MultiPoint"",""coordinates"":[]}"
9,9,0.9220739649428662,"{""type"":""MultiPoint"",""coordinates"":[]}"
