system:index,class,mean,.geo
0,0,0.041966567637423464,"{""type"":""MultiPoint"",""coordinates"":[]}"
1,1,0.14843333173939702,"{""type"":""MultiPoint"",""coordinates"":[]}"
2,2,0.24677044663489697,"{""type"":""MultiPoint"",""coordinates"":[]}"
3,3,0.34469308837006335,"{""type"":""MultiPoint"",""coordinates"":[]}"
4,4,0.4500617534787676,"{""type"":""MultiPoint"",""coordinates"":[]}"
5,5,0.549572369182303,"{""type"":""MultiPoint"",""coordinates"":[]}"
6,6,0.6498843639255458,"{""type"":""MultiPoint"",""coordinates"":[]}"
7,7,0.735482987657502,"{""type"":""MultiPoint"",""coordinates"":[]}"
8,8,0.8442688311265952,"{""type"":""MultiPoint"",""coordinates"":[]}"
9,9,0.9267238496605252,"{""type"":""MultiPoint"",""coordinates"":[]}"
