system:index,class,mean,.geo
0,0,0.021392894966007766,"{""type"":""MultiPoint"",""coordinates"":[]}"
1,1,0.14411308231903433,"{""type"":""MultiPoint"",""coordinates"":[]}"
2,2,0.24860862563969194,"{""type"":""MultiPoint"",""coordinates"":[]}"
3,3,0.3498113648556552,"{""type"":""MultiPoint"",""coordinates"":[]}"
4,4,0.44992534850612087,"{""type"":""MultiPoint"",""coordinates"":[]}"
5,5,0.5506355475455688,"{""type"":""MultiPoint"",""coordinates"":[]}"
6,6,0.6485164270715638,"{""type"":""MultiPoint"",""coordinates"":[]}"
7,7,0.7467788440187619,"{""type"":""MultiPoint"",""coordinates"":[]}"
8,8,0.8525406055658507,"{""type"":""MultiPoint"",""coordinates"":[]}"
9,9,0.950624901526426,"{""type"":""MultiPoint"",""coordinates"":[]}"
