system:index,class,mean,.geo
0,0,0.04315321487691997,"{""type"":""MultiPoint"",""coordinates"":[]}"
1,1,0.148735566679329,"{""type"":""MultiPoint"",""coordinates"":[]}"
2,2,0.24840852880429534,"{""type"":""MultiPoint"",""coordinates"":[]}"
3,3,0.34768883847607973,"{""type"":""MultiPoint"",""coordinates"":[]}"
4,4,0.4483685008553886,"{""type"":""MultiPoint"",""coordinates"":[]}"
5,5,0.5494191006654153,"{""type"":""MultiPoint"",""coordinates"":[]}"
6,6,0.6480749546171187,"{""type"":""MultiPoint"",""coordinates"":[]}"
7,7,0.7454978067438532,"{""type"":""MultiPoint"",""coordinates"":[]}"
8,8,0.851566259308754,"{""type"":""MultiPoint"",""coordinates"":[]}"
9,9,0.9238556595851544,"{""type"":""MultiPoint"",""coordinates"":[]}"
