system:index,class,mean,.geo
0,0,0.07103344696156359,"{""type"":""MultiPoint"",""coordinates"":[]}"
1,1,0.15431399800629206,"{""type"":""MultiPoint"",""coordinates"":[]}"
2,2,0.24376410421941166,"{""type"":""MultiPoint"",""coordinates"":[]}"
3,3,0.3445752797261428,"{""type"":""MultiPoint"",""coordinates"":[]}"
4,4,0.44467566861064173,"{""type"":""MultiPoint"",""coordinates"":[]}"
5,5,0.544632973415998,"{""type"":""MultiPoint"",""coordinates"":[]}"
6,6,0.6495789615642495,"{""type"":""MultiPoint"",""coordinates"":[]}"
7,7,0.7468338974768562,"{""type"":""MultiPoint"",""coordinates"":[]}"
8,8,0.8527780641415783,"{""type"":""MultiPoint"",""coordinates"":[]}"
9,9,0.9335203876367207,"{""type"":""MultiPoint"",""coordinates"":[]}"
