system:index,class,mean,.geo
0,0,0.028242458335604608,"{""type"":""MultiPoint"",""coordinates"":[]}"
1,1,0.15521287914883586,"{""type"":""MultiPoint"",""coordinates"":[]}"
2,2,0.24372420266074893,"{""type"":""MultiPoint"",""coordinates"":[]}"
3,3,0.34209904798440993,"{""type"":""MultiPoint"",""coordinates"":[]}"
4,4,0.4466922152590942,"{""type"":""MultiPoint"",""coordinates"":[]}"
5,5,0.5457667853162401,"{""type"":""MultiPoint"",""coordinates"":[]}"
6,6,0.6462124923742627,"{""type"":""MultiPoint"",""coordinates"":[]}"
7,7,0.7400249984104432,"{""type"":""MultiPoint"",""coordinates"":[]}"
8,8,0.8363568176444435,"{""type"":""MultiPoint"",""coordinates"":[]}"
9,9,,"{""type"":""MultiPoint"",""coordinates"":[]}"
