system:index,class,mean,.geo
0,0,0.01957599289597301,"{""type"":""MultiPoint"",""coordinates"":[]}"
1,1,0.14571468289086337,"{""type"":""MultiPoint"",""coordinates"":[]}"
2,2,0.247673935629997,"{""type"":""MultiPoint"",""coordinates"":[]}"
3,3,0.3478330975164723,"{""type"":""MultiPoint"",""coordinates"":[]}"
4,4,0.4494266846784896,"{""type"":""MultiPoint"",""coordinates"":[]}"
5,5,0.548505992482737,"{""type"":""MultiPoint"",""coordinates"":[]}"
6,6,0.6485929454587964,"{""type"":""MultiPoint"",""coordinates"":[]}"
7,7,0.7503993197656118,"{""type"":""MultiPoint"",""coordinates"":[]}"
8,8,0.8512853111664684,"{""type"":""MultiPoint"",""coordinates"":[]}"
9,9,0.9526503824955515,"{""type"":""MultiPoint"",""coordinates"":[]}"
