system:index,class,mean,.geo
0,0,0.03397414299783108,"{""type"":""MultiPoint"",""coordinates"":[]}"
1,1,0.14774173920428332,"{""type"":""MultiPoint"",""coordinates"":[]}"
2,2,0.2476148075979748,"{""type"":""MultiPoint"",""coordinates"":[]}"
3,3,0.3485442153858475,"{""type"":""MultiPoint"",""coordinates"":[]}"
4,4,0.4485426789682596,"{""type"":""MultiPoint"",""coordinates"":[]}"
5,5,0.5493845671096936,"{""type"":""MultiPoint"",""coordinates"":[]}"
6,6,0.6488977486117055,"{""type"":""MultiPoint"",""coordinates"":[]}"
7,7,0.7447760909792895,"{""type"":""MultiPoint"",""coordinates"":[]}"
8,8,0.8483439331790912,"{""type"":""MultiPoint"",""coordinates"":[]}"
9,9,0.9278051187866714,"{""type"":""MultiPoint"",""coordinates"":[]}"
