system:index,class,mean,.geo
0,0,0.03383748990815029,"{""type"":""MultiPoint"",""coordinates"":[]}"
1,1,0.14468265555242288,"{""type"":""MultiPoint"",""coordinates"":[]}"
2,2,0.24730153242490777,"{""type"":""MultiPoint"",""coordinates"":[]}"
3,3,0.3510303768180595,"{""type"":""MultiPoint"",""coordinates"":[]}"
4,4,0.44969726078736416,"{""type"":""MultiPoint"",""coordinates"":[]}"
5,5,0.5503098626493697,"{""type"":""MultiPoint"",""coordinates"":[]}"
6,6,0.6467374772980835,"{""type"":""MultiPoint"",""coordinates"":[]}"
7,7,0.7488009485614898,"{""type"":""MultiPoint"",""coordinates"":[]}"
8,8,0.8476112508405115,"{""type"":""MultiPoint"",""coordinates"":[]}"
9,9,0.9279412989764352,"{""type"":""MultiPoint"",""coordinates"":[]}"
