system:index,class,mean,.geo
0,0,0.012898460373718647,"{""type"":""MultiPoint"",""coordinates"":[]}"
1,1,0.14736368518349557,"{""type"":""MultiPoint"",""coordinates"":[]}"
2,2,0.24605519815577256,"{""type"":""MultiPoint"",""coordinates"":[]}"
3,3,0.3494616726621684,"{""type"":""MultiPoint"",""coordinates"":[]}"
4,4,0.4521798697528765,"{""type"":""MultiPoint"",""coordinates"":[]}"
5,5,0.5522240355522476,"{""type"":""MultiPoint"",""coordinates"":[]}"
6,6,0.6492913509618303,"{""type"":""MultiPoint"",""coordinates"":[]}"
7,7,0.7508913763221853,"{""type"":""MultiPoint"",""coordinates"":[]}"
8,8,0.8429249806687694,"{""type"":""MultiPoint"",""coordinates"":[]}"
9,9,0.9330710684948581,"{""type"":""MultiPoint"",""coordinates"":[]}"
