system:index,class,mean,.geo
0,0,0.021738873545291217,"{""type"":""MultiPoint"",""coordinates"":[]}"
1,1,0.14662882800661217,"{""type"":""MultiPoint"",""coordinates"":[]}"
2,2,0.24999946765340483,"{""type"":""MultiPoint"",""coordinates"":[]}"
3,3,0.3495671846096691,"{""type"":""MultiPoint"",""coordinates"":[]}"
4,4,0.45126478786411345,"{""type"":""MultiPoint"",""coordinates"":[]}"
5,5,0.5482825508762288,"{""type"":""MultiPoint"",""coordinates"":[]}"
6,6,0.6524431878251957,"{""type"":""MultiPoint"",""coordinates"":[]}"
7,7,0.7441698031479612,"{""type"":""MultiPoint"",""coordinates"":[]}"
8,8,0.8545077365989922,"{""type"":""MultiPoint"",""coordinates"":[]}"
9,9,0.9144510412978768,"{""type"":""MultiPoint"",""coordinates"":[]}"
