system:index,class,mean,.geo
0,0,0.0278252828786997,"{""type"":""MultiPoint"",""coordinates"":[]}"
1,1,0.14726112695714905,"{""type"":""MultiPoint"",""coordinates"":[]}"
2,2,0.2481580575083261,"{""type"":""MultiPoint"",""coordinates"":[]}"
3,3,0.3500238414443214,"{""type"":""MultiPoint"",""coordinates"":[]}"
4,4,0.4502492215045098,"{""type"":""MultiPoint"",""coordinates"":[]}"
5,5,0.5477257620203744,"{""type"":""MultiPoint"",""coordinates"":[]}"
6,6,0.6479361576618108,"{""type"":""MultiPoint"",""coordinates"":[]}"
7,7,0.7471456465032048,"{""type"":""MultiPoint"",""coordinates"":[]}"
8,8,0.85348939301836,"{""type"":""MultiPoint"",""coordinates"":[]}"
9,9,0.918006049345681,"{""type"":""MultiPoint"",""coordinates"":[]}"
