system:index,class,mean,.geo
0,0,0.04589628888680856,"{""type"":""MultiPoint"",""coordinates"":[]}"
1,1,0.1488095443628906,"{""type"":""MultiPoint"",""coordinates"":[]}"
2,2,0.24916699646458118,"{""type"":""MultiPoint"",""coordinates"":[]}"
3,3,0.3494502066265845,"{""type"":""MultiPoint"",""coordinates"":[]}"
4,4,0.4471453268583253,"{""type"":""MultiPoint"",""coordinates"":[]}"
5,5,0.5468525238371549,"{""type"":""MultiPoint"",""coordinates"":[]}"
6,6,0.6443392457113587,"{""type"":""MultiPoint"",""coordinates"":[]}"
7,7,0.7390685253684477,"{""type"":""MultiPoint"",""coordinates"":[]}"
8,8,0.8202691128641325,"{""type"":""MultiPoint"",""coordinates"":[]}"
9,9,,"{""type"":""MultiPoint"",""coordinates"":[]}"
