system:index,class,mean,.geo
0,0,0.07062650062815053,"{""type"":""MultiPoint"",""coordinates"":[]}"
1,1,0.15460468017844223,"{""type"":""MultiPoint"",""coordinates"":[]}"
2,2,0.250257438345395,"{""type"":""MultiPoint"",""coordinates"":[]}"
3,3,0.3465690969804788,"{""type"":""MultiPoint"",""coordinates"":[]}"
4,4,0.44250888209835815,"{""type"":""MultiPoint"",""coordinates"":[]}"
5,5,0.5426423267305311,"{""type"":""MultiPoint"",""coordinates"":[]}"
6,6,0.6447982328896753,"{""type"":""MultiPoint"",""coordinates"":[]}"
7,7,0.7557365842322926,"{""type"":""MultiPoint"",""coordinates"":[]}"
8,8,0.8525369840271283,"{""type"":""MultiPoint"",""coordinates"":[]}"
9,9,0.9498424429349481,"{""type"":""MultiPoint"",""coordinates"":[]}"
