system:index,class,mean,.geo
0,0,0.04309478472048837,"{""type"":""MultiPoint"",""coordinates"":[]}"
1,1,0.14365610061919584,"{""type"":""MultiPoint"",""coordinates"":[]}"
2,2,0.24811634369271598,"{""type"":""MultiPoint"",""coordinates"":[]}"
3,3,0.34906084153585004,"{""type"":""MultiPoint"",""coordinates"":[]}"
4,4,0.45140183785638077,"{""type"":""MultiPoint"",""coordinates"":[]}"
5,5,0.5502303584464724,"{""type"":""MultiPoint"",""coordinates"":[]}"
6,6,0.6505953761728135,"{""type"":""MultiPoint"",""coordinates"":[]}"
7,7,0.7516145632561307,"{""type"":""MultiPoint"",""coordinates"":[]}"
8,8,0.8466453249743474,"{""type"":""MultiPoint"",""coordinates"":[]}"
9,9,0.931178942410915,"{""type"":""MultiPoint"",""coordinates"":[]}"
