system:index,class,mean,.geo
0,0,0.03188442717607609,"{""type"":""MultiPoint"",""coordinates"":[]}"
1,1,0.14903936315595295,"{""type"":""MultiPoint"",""coordinates"":[]}"
2,2,0.2528003604667925,"{""type"":""MultiPoint"",""coordinates"":[]}"
3,3,0.35312670556246595,"{""type"":""MultiPoint"",""coordinates"":[]}"
4,4,0.4497976355410324,"{""type"":""MultiPoint"",""coordinates"":[]}"
5,5,0.5499090717720377,"{""type"":""MultiPoint"",""coordinates"":[]}"
6,6,0.6486151505258572,"{""type"":""MultiPoint"",""coordinates"":[]}"
7,7,0.7446183666766507,"{""type"":""MultiPoint"",""coordinates"":[]}"
8,8,0.8311291750853873,"{""type"":""MultiPoint"",""coordinates"":[]}"
9,9,,"{""type"":""MultiPoint"",""coordinates"":[]}"
