system:index,class,mean,.geo
0,0,0.027628992361846114,"{""type"":""MultiPoint"",""coordinates"":[]}"
1,1,0.14646993650590767,"{""type"":""MultiPoint"",""coordinates"":[]}"
2,2,0.24400328632947593,"{""type"":""MultiPoint"",""coordinates"":[]}"
3,3,0.3469469208246872,"{""type"":""MultiPoint"",""coordinates"":[]}"
4,4,0.4460767428327148,"{""type"":""MultiPoint"",""coordinates"":[]}"
5,5,0.5478578908790317,"{""type"":""MultiPoint"",""coordinates"":[]}"
6,6,0.6512447214032593,"{""type"":""MultiPoint"",""coordinates"":[]}"
7,7,0.7492928767940485,"{""type"":""MultiPoint"",""coordinates"":[]}"
8,8,0.8496699074372378,"{""type"":""MultiPoint"",""coordinates"":[]}"
9,9,0.9530193248619038,"{""type"":""MultiPoint"",""coordinates"":[]}"
