system:index,class,mean,.geo
0,0,0.02105383413708559,"{""type"":""MultiPoint"",""coordinates"":[]}"
1,1,0.14854152995744468,"{""type"":""MultiPoint"",""coordinates"":[]}"
2,2,0.25117241593934625,"{""type"":""MultiPoint"",""coordinates"":[]}"
3,3,0.35060112781891534,"{""type"":""MultiPoint"",""coordinates"":[]}"
4,4,0.4485154427718327,"{""type"":""MultiPoint"",""coordinates"":[]}"
5,5,0.5503914412810192,"{""type"":""MultiPoint"",""coordinates"":[]}"
6,6,0.6529836501393904,"{""type"":""MultiPoint"",""coordinates"":[]}"
7,7,0.747326695887257,"{""type"":""MultiPoint"",""coordinates"":[]}"
8,8,0.8448566193106318,"{""type"":""MultiPoint"",""coordinates"":[]}"
9,9,0.9030022272382501,"{""type"":""MultiPoint"",""coordinates"":[]}"
