system:index,class,mean,.geo
0,0,0.054585696243792746,"{""type"":""MultiPoint"",""coordinates"":[]}"
1,1,0.14525963941087217,"{""type"":""MultiPoint"",""coordinates"":[]}"
2,2,0.24757373437424615,"{""type"":""MultiPoint"",""coordinates"":[]}"
3,3,0.34673142976346394,"{""type"":""MultiPoint"",""coordinates"":[]}"
4,4,0.4443931965952966,"{""type"":""MultiPoint"",""coordinates"":[]}"
5,5,0.538559969659641,"{""type"":""MultiPoint"",""coordinates"":[]}"
6,6,0.6435882436528254,"{""type"":""MultiPoint"",""coordinates"":[]}"
7,7,0.7401969073522806,"{""type"":""MultiPoint"",""coordinates"":[]}"
8,8,0.8043161972703817,"{""type"":""MultiPoint"",""coordinates"":[]}"
9,9,,"{""type"":""MultiPoint"",""coordinates"":[]}"
