system:index,class,mean,.geo
0,0,0.02133861920808719,"{""type"":""MultiPoint"",""coordinates"":[]}"
1,1,0.14837595912101909,"{""type"":""MultiPoint"",""coordinates"":[]}"
2,2,0.24976090936651435,"{""type"":""MultiPoint"",""coordinates"":[]}"
3,3,0.35141549026048957,"{""type"":""MultiPoint"",""coordinates"":[]}"
4,4,0.4494889366249439,"{""type"":""MultiPoint"",""coordinates"":[]}"
5,5,0.5475296900622546,"{""type"":""MultiPoint"",""coordinates"":[]}"
6,6,0.6473099631482733,"{""type"":""MultiPoint"",""coordinates"":[]}"
7,7,0.754268833496767,"{""type"":""MultiPoint"",""coordinates"":[]}"
8,8,0.8385868175462498,"{""type"":""MultiPoint"",""coordinates"":[]}"
9,9,0.9165781459905054,"{""type"":""MultiPoint"",""coordinates"":[]}"
