system:index,class,mean,.geo
0,0,0.03139841406586935,"{""type"":""MultiPoint"",""coordinates"":[]}"
1,1,0.14869025215001153,"{""type"":""MultiPoint"",""coordinates"":[]}"
2,2,0.24570179567743602,"{""type"":""MultiPoint"",""coordinates"":[]}"
3,3,0.34973623971694473,"{""type"":""MultiPoint"",""coordinates"":[]}"
4,4,0.44715237157526616,"{""type"":""MultiPoint"",""coordinates"":[]}"
5,5,0.5441653990097843,"{""type"":""MultiPoint"",""coordinates"":[]}"
6,6,0.6451751214584799,"{""type"":""MultiPoint"",""coordinates"":[]}"
7,7,0.74814344280722,"{""type"":""MultiPoint"",""coordinates"":[]}"
8,8,0.8457323849695443,"{""type"":""MultiPoint"",""coordinates"":[]}"
9,9,0.9103390507195276,"{""type"":""MultiPoint"",""coordinates"":[]}"
