system:index,class,mean,.geo
0,0,0.04641188503016716,"{""type"":""MultiPoint"",""coordinates"":[]}"
1,1,0.14593692202345332,"{""type"":""MultiPoint"",""coordinates"":[]}"
2,2,0.24782316742237342,"{""type"":""MultiPoint"",""coordinates"":[]}"
3,3,0.34591311042527356,"{""type"":""MultiPoint"",""coordinates"":[]}"
4,4,0.44805005875305914,"{""type"":""MultiPoint"",""coordinates"":[]}"
5,5,0.5483554252089378,"{""type"":""MultiPoint"",""coordinates"":[]}"
6,6,0.6487856381069568,"{""type"":""MultiPoint"",""coordinates"":[]}"
7,7,0.7495283133284685,"{""type"":""MultiPoint"",""coordinates"":[]}"
8,8,0.8491303560951485,"{""type"":""MultiPoint"",""coordinates"":[]}"
9,9,0.9274634784686108,"{""type"":""MultiPoint"",""coordinates"":[]}"
