system:index,class,mean,.geo
0,0,0.016767591611501487,"{""type"":""MultiPoint"",""coordinates"":[]}"
1,1,0.47797158675828233,"{""type"":""MultiPoint"",""coordinates"":[]}"
2,2,0.24667351311597974,"{""type"":""MultiPoint"",""coordinates"":[]}"
3,3,0.34783394410394364,"{""type"":""MultiPoint"",""coordinates"":[]}"
4,4,0.44800022164401176,"{""type"":""MultiPoint"",""coordinates"":[]}"
5,5,0.5486392284587008,"{""type"":""MultiPoint"",""coordinates"":[]}"
6,6,0.6488368296313487,"{""type"":""MultiPoint"",""coordinates"":[]}"
7,7,0.7507139062497972,"{""type"":""MultiPoint"",""coordinates"":[]}"
8,8,0.8522609701805456,"{""type"":""MultiPoint"",""coordinates"":[]}"
9,9,0.9738177712967114,"{""type"":""MultiPoint"",""coordinates"":[]}"
