system:index,class,mean,.geo
0,0,0.03733646289404456,"{""type"":""MultiPoint"",""coordinates"":[]}"
1,1,0.14971063128331524,"{""type"":""MultiPoint"",""coordinates"":[]}"
2,2,0.24908986026871918,"{""type"":""MultiPoint"",""coordinates"":[]}"
3,3,0.3496377534151468,"{""type"":""MultiPoint"",""coordinates"":[]}"
4,4,0.4525534180878,"{""type"":""MultiPoint"",""coordinates"":[]}"
5,5,0.5538168444763676,"{""type"":""MultiPoint"",""coordinates"":[]}"
6,6,0.6524597236711879,"{""type"":""MultiPoint"",""coordinates"":[]}"
7,7,0.7573072889777093,"{""type"":""MultiPoint"",""coordinates"":[]}"
8,8,0.8337239446587037,"{""type"":""MultiPoint"",""coordinates"":[]}"
9,9,0.9432216180569223,"{""type"":""MultiPoint"",""coordinates"":[]}"
