system:index,class,mean,.geo
0,0,0.035162583016299896,"{""type"":""MultiPoint"",""coordinates"":[]}"
1,1,0.14750599638378672,"{""type"":""MultiPoint"",""coordinates"":[]}"
2,2,0.24711567119213787,"{""type"":""MultiPoint"",""coordinates"":[]}"
3,3,0.3491900428093839,"{""type"":""MultiPoint"",""coordinates"":[]}"
4,4,0.4490337799084117,"{""type"":""MultiPoint"",""coordinates"":[]}"
5,5,0.5527828200637276,"{""type"":""MultiPoint"",""coordinates"":[]}"
6,6,0.6559124834084332,"{""type"":""MultiPoint"",""coordinates"":[]}"
7,7,0.747216308965261,"{""type"":""MultiPoint"",""coordinates"":[]}"
8,8,0.8529917804346883,"{""type"":""MultiPoint"",""coordinates"":[]}"
9,9,0.9383803509352906,"{""type"":""MultiPoint"",""coordinates"":[]}"
