system:index,class,mean,.geo
0,0,0.028756741933720218,"{""type"":""MultiPoint"",""coordinates"":[]}"
1,1,0.14780831221667182,"{""type"":""MultiPoint"",""coordinates"":[]}"
2,2,0.24788077994005622,"{""type"":""MultiPoint"",""coordinates"":[]}"
3,3,0.3475164249513476,"{""type"":""MultiPoint"",""coordinates"":[]}"
4,4,0.4496051306082985,"{""type"":""MultiPoint"",""coordinates"":[]}"
5,5,0.5472519541771668,"{""type"":""MultiPoint"",""coordinates"":[]}"
6,6,0.6499445051726408,"{""type"":""MultiPoint"",""coordinates"":[]}"
7,7,0.7517441670986135,"{""type"":""MultiPoint"",""coordinates"":[]}"
8,8,0.8527337575779518,"{""type"":""MultiPoint"",""coordinates"":[]}"
9,9,0.9595323111700501,"{""type"":""MultiPoint"",""coordinates"":[]}"
