system:index,class,mean,.geo
0,0,0.01187653190690803,"{""type"":""MultiPoint"",""coordinates"":[]}"
1,1,0.14784917452818597,"{""type"":""MultiPoint"",""coordinates"":[]}"
2,2,0.24861448320965138,"{""type"":""MultiPoint"",""coordinates"":[]}"
3,3,0.35071192110074345,"{""type"":""MultiPoint"",""coordinates"":[]}"
4,4,0.45249259299810957,"{""type"":""MultiPoint"",""coordinates"":[]}"
5,5,0.5514516662138785,"{""type"":""MultiPoint"",""coordinates"":[]}"
6,6,0.6514570756992444,"{""type"":""MultiPoint"",""coordinates"":[]}"
7,7,0.7482187987659706,"{""type"":""MultiPoint"",""coordinates"":[]}"
8,8,0.8484332471920892,"{""type"":""MultiPoint"",""coordinates"":[]}"
9,9,0.9268307521005,"{""type"":""MultiPoint"",""coordinates"":[]}"
