system:index,class,mean,.geo
0,0,0.03606002816945235,"{""type"":""MultiPoint"",""coordinates"":[]}"
1,1,0.14761828123710213,"{""type"":""MultiPoint"",""coordinates"":[]}"
2,2,0.24596230006678874,"{""type"":""MultiPoint"",""coordinates"":[]}"
3,3,0.34634679562102844,"{""type"":""MultiPoint"",""coordinates"":[]}"
4,4,0.4475799696833763,"{""type"":""MultiPoint"",""coordinates"":[]}"
5,5,0.5524747823232726,"{""type"":""MultiPoint"",""coordinates"":[]}"
6,6,0.6494879176331698,"{""type"":""MultiPoint"",""coordinates"":[]}"
7,7,0.7467472409796723,"{""type"":""MultiPoint"",""coordinates"":[]}"
8,8,0.850236015283314,"{""type"":""MultiPoint"",""coordinates"":[]}"
9,9,0.9374130339459302,"{""type"":""MultiPoint"",""coordinates"":[]}"
