system:index,class,mean,.geo
0,0,0.02206436080097701,"{""type"":""MultiPoint"",""coordinates"":[]}"
1,1,0.14653074187018703,"{""type"":""MultiPoint"",""coordinates"":[]}"
2,2,0.25163869736993855,"{""type"":""MultiPoint"",""coordinates"":[]}"
3,3,0.3522508565016588,"{""type"":""MultiPoint"",""coordinates"":[]}"
4,4,0.4545194030290241,"{""type"":""MultiPoint"",""coordinates"":[]}"
5,5,0.5552291047514365,"{""type"":""MultiPoint"",""coordinates"":[]}"
6,6,0.6528742934849286,"{""type"":""MultiPoint"",""coordinates"":[]}"
7,7,0.7546706441717559,"{""type"":""MultiPoint"",""coordinates"":[]}"
8,8,0.8509392645263383,"{""type"":""MultiPoint"",""coordinates"":[]}"
9,9,0.9364420853169922,"{""type"":""MultiPoint"",""coordinates"":[]}"
