system:index,class,mean,.geo
0,0,0.03998947203663556,"{""type"":""MultiPoint"",""coordinates"":[]}"
1,1,0.14483419743324438,"{""type"":""MultiPoint"",""coordinates"":[]}"
2,2,0.2471198807707266,"{""type"":""MultiPoint"",""coordinates"":[]}"
3,3,0.34738537108737116,"{""type"":""MultiPoint"",""coordinates"":[]}"
4,4,0.44882887573567604,"{""type"":""MultiPoint"",""coordinates"":[]}"
5,5,0.5506645603260572,"{""type"":""MultiPoint"",""coordinates"":[]}"
6,6,0.6491693949646885,"{""type"":""MultiPoint"",""coordinates"":[]}"
7,7,0.7468975884524981,"{""type"":""MultiPoint"",""coordinates"":[]}"
8,8,0.8498751006753813,"{""type"":""MultiPoint"",""coordinates"":[]}"
9,9,0.9463718183837637,"{""type"":""MultiPoint"",""coordinates"":[]}"
