system:index,class,mean,.geo
0,0,0.030414023422155434,"{""type"":""MultiPoint"",""coordinates"":[]}"
1,1,0.1465517139186125,"{""type"":""MultiPoint"",""coordinates"":[]}"
2,2,0.2496416462208637,"{""type"":""MultiPoint"",""coordinates"":[]}"
3,3,0.3499073648469929,"{""type"":""MultiPoint"",""coordinates"":[]}"
4,4,0.44768608152984496,"{""type"":""MultiPoint"",""coordinates"":[]}"
5,5,0.5444486119359593,"{""type"":""MultiPoint"",""coordinates"":[]}"
6,6,0.6466599853864179,"{""type"":""MultiPoint"",""coordinates"":[]}"
7,7,0.7428786468354873,"{""type"":""MultiPoint"",""coordinates"":[]}"
8,8,0.828912017253892,"{""type"":""MultiPoint"",""coordinates"":[]}"
9,9,,"{""type"":""MultiPoint"",""coordinates"":[]}"
