system:index,class,mean,.geo
0,0,0.03646273259236245,"{""type"":""MultiPoint"",""coordinates"":[]}"
1,1,0.14683507417076797,"{""type"":""MultiPoint"",""coordinates"":[]}"
2,2,0.24504920304953784,"{""type"":""MultiPoint"",""coordinates"":[]}"
3,3,0.34670763570833707,"{""type"":""MultiPoint"",""coordinates"":[]}"
4,4,0.4483573752084589,"{""type"":""MultiPoint"",""coordinates"":[]}"
5,5,0.545075739256171,"{""type"":""MultiPoint"",""coordinates"":[]}"
6,6,0.6484400563074921,"{""type"":""MultiPoint"",""coordinates"":[]}"
7,7,0.7487835798691002,"{""type"":""MultiPoint"",""coordinates"":[]}"
8,8,0.8344181827872863,"{""type"":""MultiPoint"",""coordinates"":[]}"
9,9,0.9127556392936075,"{""type"":""MultiPoint"",""coordinates"":[]}"
