system:index,class,mean,.geo
0,0,0.017285978609296315,"{""type"":""MultiPoint"",""coordinates"":[]}"
1,1,0.145299090603456,"{""type"":""MultiPoint"",""coordinates"":[]}"
2,2,0.24697767882249233,"{""type"":""MultiPoint"",""coordinates"":[]}"
3,3,0.34769465212404715,"{""type"":""MultiPoint"",""coordinates"":[]}"
4,4,0.44725031082739636,"{""type"":""MultiPoint"",""coordinates"":[]}"
5,5,0.5423764625182453,"{""type"":""MultiPoint"",""coordinates"":[]}"
6,6,0.6488061330845992,"{""type"":""MultiPoint"",""coordinates"":[]}"
7,7,0.747298630075766,"{""type"":""MultiPoint"",""coordinates"":[]}"
8,8,0.8094349469833779,"{""type"":""MultiPoint"",""coordinates"":[]}"
9,9,,"{""type"":""MultiPoint"",""coordinates"":[]}"
