system:index,class,mean,.geo
0,0,0.02584604079447129,"{""type"":""MultiPoint"",""coordinates"":[]}"
1,1,0.14685673159788165,"{""type"":""MultiPoint"",""coordinates"":[]}"
2,2,0.24637657313941314,"{""type"":""MultiPoint"",""coordinates"":[]}"
3,3,0.3488396299938183,"{""type"":""MultiPoint"",""coordinates"":[]}"
4,4,0.4484321575625152,"{""type"":""MultiPoint"",""coordinates"":[]}"
5,5,0.5503983429060338,"{""type"":""MultiPoint"",""coordinates"":[]}"
6,6,0.6520603339641328,"{""type"":""MultiPoint"",""coordinates"":[]}"
7,7,0.7417455423386465,"{""type"":""MultiPoint"",""coordinates"":[]}"
8,8,0.8371689349336702,"{""type"":""MultiPoint"",""coordinates"":[]}"
9,9,0.9184834936327501,"{""type"":""MultiPoint"",""coordinates"":[]}"
