system:index,class,mean,.geo
0,0,0.02868413685449522,"{""type"":""MultiPoint"",""coordinates"":[]}"
1,1,0.14845885838001377,"{""type"":""MultiPoint"",""coordinates"":[]}"
2,2,0.24805807891654572,"{""type"":""MultiPoint"",""coordinates"":[]}"
3,3,0.34898223949135093,"{""type"":""MultiPoint"",""coordinates"":[]}"
4,4,0.44876180889652806,"{""type"":""MultiPoint"",""coordinates"":[]}"
5,5,0.5513864321759758,"{""type"":""MultiPoint"",""coordinates"":[]}"
6,6,0.6547678828717338,"{""type"":""MultiPoint"",""coordinates"":[]}"
7,7,0.7485385877640056,"{""type"":""MultiPoint"",""coordinates"":[]}"
8,8,0.8597207064605961,"{""type"":""MultiPoint"",""coordinates"":[]}"
9,9,0.9288392830098161,"{""type"":""MultiPoint"",""coordinates"":[]}"
