system:index,class,mean,.geo
0,0,0.020357671050836332,"{""type"":""MultiPoint"",""coordinates"":[]}"
1,1,0.15310974767980384,"{""type"":""MultiPoint"",""coordinates"":[]}"
2,2,0.24804805652106454,"{""type"":""MultiPoint"",""coordinates"":[]}"
3,3,0.34922830441319636,"{""type"":""MultiPoint"",""coordinates"":[]}"
4,4,0.449565789189071,"{""type"":""MultiPoint"",""coordinates"":[]}"
5,5,0.5510263721879124,"{""type"":""MultiPoint"",""coordinates"":[]}"
6,6,0.6471845805426261,"{""type"":""MultiPoint"",""coordinates"":[]}"
7,7,0.7424017390507183,"{""type"":""MultiPoint"",""coordinates"":[]}"
8,8,0.8447007208944358,"{""type"":""MultiPoint"",""coordinates"":[]}"
9,9,0.9292348361523671,"{""type"":""MultiPoint"",""coordinates"":[]}"
