system:index,class,mean,.geo
0,0,0.027080051165713766,"{""type"":""MultiPoint"",""coordinates"":[]}"
1,1,0.14529459346989068,"{""type"":""MultiPoint"",""coordinates"":[]}"
2,2,0.24768696306047203,"{""type"":""MultiPoint"",""coordinates"":[]}"
3,3,0.3493058956981281,"{""type"":""MultiPoint"",""coordinates"":[]}"
4,4,0.45128458044095426,"{""type"":""MultiPoint"",""coordinates"":[]}"
5,5,0.5483014836315871,"{""type"":""MultiPoint"",""coordinates"":[]}"
6,6,0.6473225098788296,"{""type"":""MultiPoint"",""coordinates"":[]}"
7,7,0.7478189306088808,"{""type"":""MultiPoint"",""coordinates"":[]}"
8,8,0.8524660506650792,"{""type"":""MultiPoint"",""coordinates"":[]}"
9,9,0.9569965220671305,"{""type"":""MultiPoint"",""coordinates"":[]}"
