system:index,class,mean,.geo
0,0,0.03777067640457994,"{""type"":""MultiPoint"",""coordinates"":[]}"
1,1,0.1479018810818441,"{""type"":""MultiPoint"",""coordinates"":[]}"
2,2,0.2464431491133634,"{""type"":""MultiPoint"",""coordinates"":[]}"
3,3,0.3512263277114188,"{""type"":""MultiPoint"",""coordinates"":[]}"
4,4,0.4462094861240012,"{""type"":""MultiPoint"",""coordinates"":[]}"
5,5,0.5512751144466742,"{""type"":""MultiPoint"",""coordinates"":[]}"
6,6,0.6271840036421809,"{""type"":""MultiPoint"",""coordinates"":[]}"
7,7,,"{""type"":""MultiPoint"",""coordinates"":[]}"
8,8,,"{""type"":""MultiPoint"",""coordinates"":[]}"
9,9,,"{""type"":""MultiPoint"",""coordinates"":[]}"
