system:index,class,mean,.geo
0,0,0.012849589737893337,"{""type"":""MultiPoint"",""coordinates"":[]}"
1,1,0.14775775055963528,"{""type"":""MultiPoint"",""coordinates"":[]}"
2,2,0.2477597160602372,"{""type"":""MultiPoint"",""coordinates"":[]}"
3,3,0.3499121810977408,"{""type"":""MultiPoint"",""coordinates"":[]}"
4,4,0.4507376747859093,"{""type"":""MultiPoint"",""coordinates"":[]}"
5,5,0.5506771440701214,"{""type"":""MultiPoint"",""coordinates"":[]}"
6,6,0.653134428372571,"{""type"":""MultiPoint"",""coordinates"":[]}"
7,7,0.7553475532047457,"{""type"":""MultiPoint"",""coordinates"":[]}"
8,8,0.8509108158391734,"{""type"":""MultiPoint"",""coordinates"":[]}"
9,9,0.9500594748405322,"{""type"":""MultiPoint"",""coordinates"":[]}"
