system:index,class,mean,.geo
0,0,0.02093254182210696,"{""type"":""MultiPoint"",""coordinates"":[]}"
1,1,0.15022323920904793,"{""type"":""MultiPoint"",""coordinates"":[]}"
2,2,0.24567145916278993,"{""type"":""MultiPoint"",""coordinates"":[]}"
3,3,0.3522557816601766,"{""type"":""MultiPoint"",""coordinates"":[]}"
4,4,0.4474654543842359,"{""type"":""MultiPoint"",""coordinates"":[]}"
5,5,0.5538798825830649,"{""type"":""MultiPoint"",""coordinates"":[]}"
6,6,0.6449103148750382,"{""type"":""MultiPoint"",""coordinates"":[]}"
7,7,0.7434638394249488,"{""type"":""MultiPoint"",""coordinates"":[]}"
8,8,0.8449261553620224,"{""type"":""MultiPoint"",""coordinates"":[]}"
9,9,0.9141735943385245,"{""type"":""MultiPoint"",""coordinates"":[]}"
