system:index,class,mean,.geo
0,0,0.051688532808666546,"{""type"":""MultiPoint"",""coordinates"":[]}"
1,1,0.142390199449425,"{""type"":""MultiPoint"",""coordinates"":[]}"
2,2,0.24726090507050602,"{""type"":""MultiPoint"",""coordinates"":[]}"
3,3,0.34754829149666405,"{""type"":""MultiPoint"",""coordinates"":[]}"
4,4,0.4501885819970403,"{""type"":""MultiPoint"",""coordinates"":[]}"
5,5,0.5465268995104213,"{""type"":""MultiPoint"",""coordinates"":[]}"
6,6,0.6496422617969085,"{""type"":""MultiPoint"",""coordinates"":[]}"
7,7,0.7499299746624924,"{""type"":""MultiPoint"",""coordinates"":[]}"
8,8,0.8497866807019776,"{""type"":""MultiPoint"",""coordinates"":[]}"
9,9,0.9393427580112046,"{""type"":""MultiPoint"",""coordinates"":[]}"
