system:index,class,mean,.geo
0,0,0.042851337602997454,"{""type"":""MultiPoint"",""coordinates"":[]}"
1,1,0.14861395849747755,"{""type"":""MultiPoint"",""coordinates"":[]}"
2,2,0.24741700357273724,"{""type"":""MultiPoint"",""coordinates"":[]}"
3,3,0.3477415029607841,"{""type"":""MultiPoint"",""coordinates"":[]}"
4,4,0.4467935056355273,"{""type"":""MultiPoint"",""coordinates"":[]}"
5,5,0.548060267305522,"{""type"":""MultiPoint"",""coordinates"":[]}"
6,6,0.6491185895403869,"{""type"":""MultiPoint"",""coordinates"":[]}"
7,7,0.7488453414344666,"{""type"":""MultiPoint"",""coordinates"":[]}"
8,8,0.8509269038277459,"{""type"":""MultiPoint"",""coordinates"":[]}"
9,9,0.9543344828875655,"{""type"":""MultiPoint"",""coordinates"":[]}"
