system:index,class,mean,.geo
0,0,0.04045350840928884,"{""type"":""MultiPoint"",""coordinates"":[]}"
1,1,0.14525100601285718,"{""type"":""MultiPoint"",""coordinates"":[]}"
2,2,0.246304594169571,"{""type"":""MultiPoint"",""coordinates"":[]}"
3,3,0.3479544973536861,"{""type"":""MultiPoint"",""coordinates"":[]}"
4,4,0.4472762436689702,"{""type"":""MultiPoint"",""coordinates"":[]}"
5,5,0.5449824827866401,"{""type"":""MultiPoint"",""coordinates"":[]}"
6,6,0.6465294783798734,"{""type"":""MultiPoint"",""coordinates"":[]}"
7,7,0.7519269887813386,"{""type"":""MultiPoint"",""coordinates"":[]}"
8,8,0.8493004421804838,"{""type"":""MultiPoint"",""coordinates"":[]}"
9,9,0.9538667292651908,"{""type"":""MultiPoint"",""coordinates"":[]}"
