system:index,class,mean,.geo
0,0,0.031079743498575608,"{""type"":""MultiPoint"",""coordinates"":[]}"
1,1,0.1461656412258597,"{""type"":""MultiPoint"",""coordinates"":[]}"
2,2,0.2473384513784393,"{""type"":""MultiPoint"",""coordinates"":[]}"
3,3,0.3510265925500207,"{""type"":""MultiPoint"",""coordinates"":[]}"
4,4,0.4493662827092045,"{""type"":""MultiPoint"",""coordinates"":[]}"
5,5,0.5510490599124211,"{""type"":""MultiPoint"",""coordinates"":[]}"
6,6,0.6505776854561355,"{""type"":""MultiPoint"",""coordinates"":[]}"
7,7,0.7521380929187182,"{""type"":""MultiPoint"",""coordinates"":[]}"
8,8,0.8487259569813138,"{""type"":""MultiPoint"",""coordinates"":[]}"
9,9,0.9259998466456144,"{""type"":""MultiPoint"",""coordinates"":[]}"
