system:index,class,mean,.geo
0,0,0.024827663482066085,"{""type"":""MultiPoint"",""coordinates"":[]}"
1,1,0.14846586090012798,"{""type"":""MultiPoint"",""coordinates"":[]}"
2,2,0.24995638422937105,"{""type"":""MultiPoint"",""coordinates"":[]}"
3,3,0.34546106105882785,"{""type"":""MultiPoint"",""coordinates"":[]}"
4,4,0.4517349593107733,"{""type"":""MultiPoint"",""coordinates"":[]}"
5,5,0.5415962289957311,"{""type"":""MultiPoint"",""coordinates"":[]}"
6,6,0.6519238948150073,"{""type"":""MultiPoint"",""coordinates"":[]}"
7,7,0.7448894739759855,"{""type"":""MultiPoint"",""coordinates"":[]}"
8,8,0.8518595980576612,"{""type"":""MultiPoint"",""coordinates"":[]}"
9,9,0.9431004843696914,"{""type"":""MultiPoint"",""coordinates"":[]}"
