system:index,class,mean,.geo
0,0,0.04827289789758836,"{""type"":""MultiPoint"",""coordinates"":[]}"
1,1,0.151955500650366,"{""type"":""MultiPoint"",""coordinates"":[]}"
2,2,0.24601030930291326,"{""type"":""MultiPoint"",""coordinates"":[]}"
3,3,0.344226047616,"{""type"":""MultiPoint"",""coordinates"":[]}"
4,4,0.44591548693518557,"{""type"":""MultiPoint"",""coordinates"":[]}"
5,5,0.5408234114878004,"{""type"":""MultiPoint"",""coordinates"":[]}"
6,6,0.6432038668878723,"{""type"":""MultiPoint"",""coordinates"":[]}"
7,7,0.7384653331232953,"{""type"":""MultiPoint"",""coordinates"":[]}"
8,8,0.8458821811866485,"{""type"":""MultiPoint"",""coordinates"":[]}"
9,9,0.9424439465012461,"{""type"":""MultiPoint"",""coordinates"":[]}"
