system:index,class,mean,.geo
0,0,0.018576890785208716,"{""type"":""MultiPoint"",""coordinates"":[]}"
1,1,0.14603525403762502,"{""type"":""MultiPoint"",""coordinates"":[]}"
2,2,0.24706379220016578,"{""type"":""MultiPoint"",""coordinates"":[]}"
3,3,0.34870260912593276,"{""type"":""MultiPoint"",""coordinates"":[]}"
4,4,0.4500542502933749,"{""type"":""MultiPoint"",""coordinates"":[]}"
5,5,0.549869104398875,"{""type"":""MultiPoint"",""coordinates"":[]}"
6,6,0.6481574034686521,"{""type"":""MultiPoint"",""coordinates"":[]}"
7,7,0.7507226161256687,"{""type"":""MultiPoint"",""coordinates"":[]}"
8,8,0.8485695903829666,"{""type"":""MultiPoint"",""coordinates"":[]}"
9,9,0.9384096222688525,"{""type"":""MultiPoint"",""coordinates"":[]}"
