system:index,class,mean,.geo
0,0,0.02788212442261459,"{""type"":""MultiPoint"",""coordinates"":[]}"
1,1,0.14598731711151036,"{""type"":""MultiPoint"",""coordinates"":[]}"
2,2,0.2492151386922339,"{""type"":""MultiPoint"",""coordinates"":[]}"
3,3,0.34909447213481926,"{""type"":""MultiPoint"",""coordinates"":[]}"
4,4,0.44874518940454583,"{""type"":""MultiPoint"",""coordinates"":[]}"
5,5,0.5495757020966896,"{""type"":""MultiPoint"",""coordinates"":[]}"
6,6,0.648900733516086,"{""type"":""MultiPoint"",""coordinates"":[]}"
7,7,0.7468728625837853,"{""type"":""MultiPoint"",""coordinates"":[]}"
8,8,0.8427377294939994,"{""type"":""MultiPoint"",""coordinates"":[]}"
9,9,0.9421312737443055,"{""type"":""MultiPoint"",""coordinates"":[]}"
