system:index,class,mean,.geo
0,0,0.030549388221736782,"{""type"":""MultiPoint"",""coordinates"":[]}"
1,1,0.1466953850924023,"{""type"":""MultiPoint"",""coordinates"":[]}"
2,2,0.247939285577885,"{""type"":""MultiPoint"",""coordinates"":[]}"
3,3,0.34621201906865817,"{""type"":""MultiPoint"",""coordinates"":[]}"
4,4,0.44733275264288463,"{""type"":""MultiPoint"",""coordinates"":[]}"
5,5,0.5465155430242883,"{""type"":""MultiPoint"",""coordinates"":[]}"
6,6,0.6497966261759412,"{""type"":""MultiPoint"",""coordinates"":[]}"
7,7,0.7490223294733134,"{""type"":""MultiPoint"",""coordinates"":[]}"
8,8,0.8545516305532664,"{""type"":""MultiPoint"",""coordinates"":[]}"
9,9,0.9493341214639148,"{""type"":""MultiPoint"",""coordinates"":[]}"
