system:index,class,mean,.geo
0,0,0.021696674623950266,"{""type"":""MultiPoint"",""coordinates"":[]}"
1,1,0.144813050477754,"{""type"":""MultiPoint"",""coordinates"":[]}"
2,2,0.2521860803658105,"{""type"":""MultiPoint"",""coordinates"":[]}"
3,3,0.3513964002312621,"{""type"":""MultiPoint"",""coordinates"":[]}"
4,4,0.4482404857379752,"{""type"":""MultiPoint"",""coordinates"":[]}"
5,5,0.5485004377490301,"{""type"":""MultiPoint"",""coordinates"":[]}"
6,6,0.6516319074808405,"{""type"":""MultiPoint"",""coordinates"":[]}"
7,7,0.7454250149327647,"{""type"":""MultiPoint"",""coordinates"":[]}"
8,8,0.8459094917787551,"{""type"":""MultiPoint"",""coordinates"":[]}"
9,9,0.9158650970305829,"{""type"":""MultiPoint"",""coordinates"":[]}"
