system:index,class,mean,.geo
0,0,0.06303038588801006,"{""type"":""MultiPoint"",""coordinates"":[]}"
1,1,0.15596826770482355,"{""type"":""MultiPoint"",""coordinates"":[]}"
2,2,0.2500141109887306,"{""type"":""MultiPoint"",""coordinates"":[]}"
3,3,0.3454724248993981,"{""type"":""MultiPoint"",""coordinates"":[]}"
4,4,0.4476290508159357,"{""type"":""MultiPoint"",""coordinates"":[]}"
5,5,0.5479168214552271,"{""type"":""MultiPoint"",""coordinates"":[]}"
6,6,0.6500729977943178,"{""type"":""MultiPoint"",""coordinates"":[]}"
7,7,0.755988675825973,"{""type"":""MultiPoint"",""coordinates"":[]}"
8,8,0.857654011419885,"{""type"":""MultiPoint"",""coordinates"":[]}"
9,9,0.942591043239327,"{""type"":""MultiPoint"",""coordinates"":[]}"
