system:index,class,mean,.geo
0,0,0.03758551944778326,"{""type"":""MultiPoint"",""coordinates"":[]}"
1,1,0.1491329401129296,"{""type"":""MultiPoint"",""coordinates"":[]}"
2,2,0.24581600697174472,"{""type"":""MultiPoint"",""coordinates"":[]}"
3,3,0.35061335381665276,"{""type"":""MultiPoint"",""coordinates"":[]}"
4,4,0.4490652038664088,"{""type"":""MultiPoint"",""coordinates"":[]}"
5,5,0.5508998683926752,"{""type"":""MultiPoint"",""coordinates"":[]}"
6,6,0.6493063207564743,"{""type"":""MultiPoint"",""coordinates"":[]}"
7,7,0.7504128331761588,"{""type"":""MultiPoint"",""coordinates"":[]}"
8,8,0.8544696670018967,"{""type"":""MultiPoint"",""coordinates"":[]}"
9,9,0.9387946853771577,"{""type"":""MultiPoint"",""coordinates"":[]}"
