system:index,class,mean,.geo
0,0,0.03738785344036607,"{""type"":""MultiPoint"",""coordinates"":[]}"
1,1,0.14572149372167104,"{""type"":""MultiPoint"",""coordinates"":[]}"
2,2,0.2452111616635345,"{""type"":""MultiPoint"",""coordinates"":[]}"
3,3,0.34689547278885674,"{""type"":""MultiPoint"",""coordinates"":[]}"
4,4,0.44896279902811764,"{""type"":""MultiPoint"",""coordinates"":[]}"
5,5,0.5490847830403255,"{""type"":""MultiPoint"",""coordinates"":[]}"
6,6,0.6435154139051008,"{""type"":""MultiPoint"",""coordinates"":[]}"
7,7,0.7471210663290461,"{""type"":""MultiPoint"",""coordinates"":[]}"
8,8,0.8213069665621419,"{""type"":""MultiPoint"",""coordinates"":[]}"
9,9,,"{""type"":""MultiPoint"",""coordinates"":[]}"
