system:index,class,mean,.geo
0,0,0.033771370349707105,"{""type"":""MultiPoint"",""coordinates"":[]}"
1,1,0.15099200492793863,"{""type"":""MultiPoint"",""coordinates"":[]}"
2,2,0.25018392416581625,"{""type"":""MultiPoint"",""coordinates"":[]}"
3,3,0.35119547061579093,"{""type"":""MultiPoint"",""coordinates"":[]}"
4,4,0.45265278851224605,"{""type"":""MultiPoint"",""coordinates"":[]}"
5,5,0.550187733055294,"{""type"":""MultiPoint"",""coordinates"":[]}"
6,6,0.6522400859570596,"{""type"":""MultiPoint"",""coordinates"":[]}"
7,7,0.7447449951392496,"{""type"":""MultiPoint"",""coordinates"":[]}"
8,8,0.8418006329209868,"{""type"":""MultiPoint"",""coordinates"":[]}"
9,9,0.9098216314881231,"{""type"":""MultiPoint"",""coordinates"":[]}"
