system:index,class,mean,.geo
0,0,0.035044567406223186,"{""type"":""MultiPoint"",""coordinates"":[]}"
1,1,0.14399398235926264,"{""type"":""MultiPoint"",""coordinates"":[]}"
2,2,0.24847492339559937,"{""type"":""MultiPoint"",""coordinates"":[]}"
3,3,0.34837763673887134,"{""type"":""MultiPoint"",""coordinates"":[]}"
4,4,0.4490656636986436,"{""type"":""MultiPoint"",""coordinates"":[]}"
5,5,0.5489726090791487,"{""type"":""MultiPoint"",""coordinates"":[]}"
6,6,0.6488661855251704,"{""type"":""MultiPoint"",""coordinates"":[]}"
7,7,0.7596130804969445,"{""type"":""MultiPoint"",""coordinates"":[]}"
8,8,0.8555332641519054,"{""type"":""MultiPoint"",""coordinates"":[]}"
9,9,0.9377474115185149,"{""type"":""MultiPoint"",""coordinates"":[]}"
