system:index,class,mean,.geo
0,0,0.035332509538489654,"{""type"":""MultiPoint"",""coordinates"":[]}"
1,1,0.14926106532112116,"{""type"":""MultiPoint"",""coordinates"":[]}"
2,2,0.25142928656138835,"{""type"":""MultiPoint"",""coordinates"":[]}"
3,3,0.350881556364279,"{""type"":""MultiPoint"",""coordinates"":[]}"
4,4,0.44919225472819824,"{""type"":""MultiPoint"",""coordinates"":[]}"
5,5,0.5497087452259086,"{""type"":""MultiPoint"",""coordinates"":[]}"
6,6,0.6511338678689894,"{""type"":""MultiPoint"",""coordinates"":[]}"
7,7,0.7407521272510402,"{""type"":""MultiPoint"",""coordinates"":[]}"
8,8,0.8443414466954688,"{""type"":""MultiPoint"",""coordinates"":[]}"
9,9,,"{""type"":""MultiPoint"",""coordinates"":[]}"
