system:index,class,mean,.geo
0,0,0.026501572902373368,"{""type"":""MultiPoint"",""coordinates"":[]}"
1,1,0.14631905781627627,"{""type"":""MultiPoint"",""coordinates"":[]}"
2,2,0.24690356984837383,"{""type"":""MultiPoint"",""coordinates"":[]}"
3,3,0.3476377717510725,"{""type"":""MultiPoint"",""coordinates"":[]}"
4,4,0.44810146592797084,"{""type"":""MultiPoint"",""coordinates"":[]}"
5,5,0.5484929736892284,"{""type"":""MultiPoint"",""coordinates"":[]}"
6,6,0.6510128903307624,"{""type"":""MultiPoint"",""coordinates"":[]}"
7,7,0.7503035937070947,"{""type"":""MultiPoint"",""coordinates"":[]}"
8,8,0.8503899583762045,"{""type"":""MultiPoint"",""coordinates"":[]}"
9,9,0.9521968718001427,"{""type"":""MultiPoint"",""coordinates"":[]}"
