system:index,class,mean,.geo
0,0,0.03478286148671815,"{""type"":""MultiPoint"",""coordinates"":[]}"
1,1,0.14687890749148208,"{""type"":""MultiPoint"",""coordinates"":[]}"
2,2,0.24684238356175386,"{""type"":""MultiPoint"",""coordinates"":[]}"
3,3,0.34826214826178226,"{""type"":""MultiPoint"",""coordinates"":[]}"
4,4,0.4484987829994961,"{""type"":""MultiPoint"",""coordinates"":[]}"
5,5,0.5480443734188781,"{""type"":""MultiPoint"",""coordinates"":[]}"
6,6,0.6506044437352426,"{""type"":""MultiPoint"",""coordinates"":[]}"
7,7,0.7498461873374543,"{""type"":""MultiPoint"",""coordinates"":[]}"
8,8,0.8487899916808707,"{""type"":""MultiPoint"",""coordinates"":[]}"
9,9,0.934698501545353,"{""type"":""MultiPoint"",""coordinates"":[]}"
