system:index,class,mean,.geo
0,0,0.024051630181828737,"{""type"":""MultiPoint"",""coordinates"":[]}"
1,1,0.14712119998785064,"{""type"":""MultiPoint"",""coordinates"":[]}"
2,2,0.25300921655136666,"{""type"":""MultiPoint"",""coordinates"":[]}"
3,3,0.34938441347346827,"{""type"":""MultiPoint"",""coordinates"":[]}"
4,4,0.4464624359359177,"{""type"":""MultiPoint"",""coordinates"":[]}"
5,5,0.5475712573189349,"{""type"":""MultiPoint"",""coordinates"":[]}"
6,6,0.6446015033116429,"{""type"":""MultiPoint"",""coordinates"":[]}"
7,7,0.7424307127547907,"{""type"":""MultiPoint"",""coordinates"":[]}"
8,8,0.8263800517732813,"{""type"":""MultiPoint"",""coordinates"":[]}"
9,9,,"{""type"":""MultiPoint"",""coordinates"":[]}"
