system:index,class,mean,.geo
0,0,0.029854601535560698,"{""type"":""MultiPoint"",""coordinates"":[]}"
1,1,0.14669943545736425,"{""type"":""MultiPoint"",""coordinates"":[]}"
2,2,0.24476301692300056,"{""type"":""MultiPoint"",""coordinates"":[]}"
3,3,0.3446705035071768,"{""type"":""MultiPoint"",""coordinates"":[]}"
4,4,0.4460147343233445,"{""type"":""MultiPoint"",""coordinates"":[]}"
5,5,0.5504008440415276,"{""type"":""MultiPoint"",""coordinates"":[]}"
6,6,0.6400114279665449,"{""type"":""MultiPoint"",""coordinates"":[]}"
7,7,0.7469798391710919,"{""type"":""MultiPoint"",""coordinates"":[]}"
8,8,0.8488115352322559,"{""type"":""MultiPoint"",""coordinates"":[]}"
9,9,0.926940452507666,"{""type"":""MultiPoint"",""coordinates"":[]}"
