system:index,class,mean,.geo
0,0,0.03476102051132722,"{""type"":""MultiPoint"",""coordinates"":[]}"
1,1,0.14772596447670344,"{""type"":""MultiPoint"",""coordinates"":[]}"
2,2,0.24794315410295414,"{""type"":""MultiPoint"",""coordinates"":[]}"
3,3,0.3492264522107728,"{""type"":""MultiPoint"",""coordinates"":[]}"
4,4,0.4478277851061579,"{""type"":""MultiPoint"",""coordinates"":[]}"
5,5,0.5489928783511772,"{""type"":""MultiPoint"",""coordinates"":[]}"
6,6,0.6470896555823469,"{""type"":""MultiPoint"",""coordinates"":[]}"
7,7,0.7495000917242645,"{""type"":""MultiPoint"",""coordinates"":[]}"
8,8,0.8482750051718246,"{""type"":""MultiPoint"",""coordinates"":[]}"
9,9,0.9380806626241865,"{""type"":""MultiPoint"",""coordinates"":[]}"
