system:index,class,mean,.geo
0,0,0.008230818672231466,"{""type"":""MultiPoint"",""coordinates"":[]}"
1,1,0.14573632708327586,"{""type"":""MultiPoint"",""coordinates"":[]}"
2,2,0.2472521681190552,"{""type"":""MultiPoint"",""coordinates"":[]}"
3,3,0.348564136051567,"{""type"":""MultiPoint"",""coordinates"":[]}"
4,4,0.4500746732564207,"{""type"":""MultiPoint"",""coordinates"":[]}"
5,5,0.5492680289682211,"{""type"":""MultiPoint"",""coordinates"":[]}"
6,6,0.6502517745506564,"{""type"":""MultiPoint"",""coordinates"":[]}"
7,7,0.7504426269215833,"{""type"":""MultiPoint"",""coordinates"":[]}"
8,8,0.8540946213862286,"{""type"":""MultiPoint"",""coordinates"":[]}"
9,9,0.934694998334852,"{""type"":""MultiPoint"",""coordinates"":[]}"
