system:index,class,mean,.geo
0,0,0.0369687530931382,"{""type"":""MultiPoint"",""coordinates"":[]}"
1,1,0.14847242837429298,"{""type"":""MultiPoint"",""coordinates"":[]}"
2,2,0.24579753893878445,"{""type"":""MultiPoint"",""coordinates"":[]}"
3,3,0.34802216065116504,"{""type"":""MultiPoint"",""coordinates"":[]}"
4,4,0.44828313630128525,"{""type"":""MultiPoint"",""coordinates"":[]}"
5,5,0.5506590213735277,"{""type"":""MultiPoint"",""coordinates"":[]}"
6,6,0.6482247110140952,"{""type"":""MultiPoint"",""coordinates"":[]}"
7,7,0.7472631945048269,"{""type"":""MultiPoint"",""coordinates"":[]}"
8,8,0.8429366673748132,"{""type"":""MultiPoint"",""coordinates"":[]}"
9,9,0.9157652010499563,"{""type"":""MultiPoint"",""coordinates"":[]}"
