system:index,class,mean,.geo
0,0,0.018799819334868805,"{""type"":""MultiPoint"",""coordinates"":[]}"
1,1,0.14612058586299723,"{""type"":""MultiPoint"",""coordinates"":[]}"
2,2,0.24917682929306514,"{""type"":""MultiPoint"",""coordinates"":[]}"
3,3,0.3469669733783414,"{""type"":""MultiPoint"",""coordinates"":[]}"
4,4,0.4524352702050798,"{""type"":""MultiPoint"",""coordinates"":[]}"
5,5,0.5475488077690104,"{""type"":""MultiPoint"",""coordinates"":[]}"
6,6,0.6516056663600556,"{""type"":""MultiPoint"",""coordinates"":[]}"
7,7,0.7505304804302428,"{""type"":""MultiPoint"",""coordinates"":[]}"
8,8,0.846430478596379,"{""type"":""MultiPoint"",""coordinates"":[]}"
9,9,0.9396556845677324,"{""type"":""MultiPoint"",""coordinates"":[]}"
