system:index,class,mean,.geo
0,0,0.024857009812369317,"{""type"":""MultiPoint"",""coordinates"":[]}"
1,1,0.14691268622518489,"{""type"":""MultiPoint"",""coordinates"":[]}"
2,2,0.24704733657518138,"{""type"":""MultiPoint"",""coordinates"":[]}"
3,3,0.3467821422080205,"{""type"":""MultiPoint"",""coordinates"":[]}"
4,4,0.4476513365599021,"{""type"":""MultiPoint"",""coordinates"":[]}"
5,5,0.5488192607952873,"{""type"":""MultiPoint"",""coordinates"":[]}"
6,6,0.6506631228389742,"{""type"":""MultiPoint"",""coordinates"":[]}"
7,7,0.7475228147901909,"{""type"":""MultiPoint"",""coordinates"":[]}"
8,8,0.850731509392377,"{""type"":""MultiPoint"",""coordinates"":[]}"
9,9,0.9467879453602914,"{""type"":""MultiPoint"",""coordinates"":[]}"
