system:index,class,mean,.geo
0,0,0.02137208538742316,"{""type"":""MultiPoint"",""coordinates"":[]}"
1,1,0.14592794449829022,"{""type"":""MultiPoint"",""coordinates"":[]}"
2,2,0.24447711939721814,"{""type"":""MultiPoint"",""coordinates"":[]}"
3,3,0.34896193603361014,"{""type"":""MultiPoint"",""coordinates"":[]}"
4,4,0.44964783653992296,"{""type"":""MultiPoint"",""coordinates"":[]}"
5,5,0.5481672710618904,"{""type"":""MultiPoint"",""coordinates"":[]}"
6,6,0.6488020598621853,"{""type"":""MultiPoint"",""coordinates"":[]}"
7,7,0.7523918337949157,"{""type"":""MultiPoint"",""coordinates"":[]}"
8,8,0.8525782229728234,"{""type"":""MultiPoint"",""coordinates"":[]}"
9,9,0.9723835233380898,"{""type"":""MultiPoint"",""coordinates"":[]}"
