system:index,class,mean,.geo
0,0,0.03172209906095489,"{""type"":""MultiPoint"",""coordinates"":[]}"
1,1,0.14915986971054795,"{""type"":""MultiPoint"",""coordinates"":[]}"
2,2,0.2486056737361304,"{""type"":""MultiPoint"",""coordinates"":[]}"
3,3,0.3480100256395537,"{""type"":""MultiPoint"",""coordinates"":[]}"
4,4,0.4479394145324989,"{""type"":""MultiPoint"",""coordinates"":[]}"
5,5,0.5475179665116924,"{""type"":""MultiPoint"",""coordinates"":[]}"
6,6,0.6467868914070712,"{""type"":""MultiPoint"",""coordinates"":[]}"
7,7,0.7380243956250077,"{""type"":""MultiPoint"",""coordinates"":[]}"
8,8,0.8395796857366886,"{""type"":""MultiPoint"",""coordinates"":[]}"
9,9,0.9245528373344633,"{""type"":""MultiPoint"",""coordinates"":[]}"
