system:index,class,mean,.geo
0,0,0.023712181215357106,"{""type"":""MultiPoint"",""coordinates"":[]}"
1,1,0.14474296345711202,"{""type"":""MultiPoint"",""coordinates"":[]}"
2,2,0.2482280821367262,"{""type"":""MultiPoint"",""coordinates"":[]}"
3,3,0.349112742589152,"{""type"":""MultiPoint"",""coordinates"":[]}"
4,4,0.45143772325743015,"{""type"":""MultiPoint"",""coordinates"":[]}"
5,5,0.5514241898740662,"{""type"":""MultiPoint"",""coordinates"":[]}"
6,6,0.6505097057819105,"{""type"":""MultiPoint"",""coordinates"":[]}"
7,7,0.7499175063552881,"{""type"":""MultiPoint"",""coordinates"":[]}"
8,8,0.8549568687423921,"{""type"":""MultiPoint"",""coordinates"":[]}"
9,9,0.9528427741517908,"{""type"":""MultiPoint"",""coordinates"":[]}"
