system:index,class,mean,.geo
0,0,0.020365418585571955,"{""type"":""MultiPoint"",""coordinates"":[]}"
1,1,0.1475037684859307,"{""type"":""MultiPoint"",""coordinates"":[]}"
2,2,0.24957661907224798,"{""type"":""MultiPoint"",""coordinates"":[]}"
3,3,0.3484490258620436,"{""type"":""MultiPoint"",""coordinates"":[]}"
4,4,0.447588045602434,"{""type"":""MultiPoint"",""coordinates"":[]}"
5,5,0.547150125776707,"{""type"":""MultiPoint"",""coordinates"":[]}"
6,6,0.6496760538427273,"{""type"":""MultiPoint"",""coordinates"":[]}"
7,7,0.7530815484803146,"{""type"":""MultiPoint"",""coordinates"":[]}"
8,8,0.8525590566146068,"{""type"":""MultiPoint"",""coordinates"":[]}"
9,9,0.962500254462738,"{""type"":""MultiPoint"",""coordinates"":[]}"
