system:index,class,mean,.geo
0,0,0.02679670854362734,"{""type"":""MultiPoint"",""coordinates"":[]}"
1,1,0.14695113645064478,"{""type"":""MultiPoint"",""coordinates"":[]}"
2,2,0.2477428892907689,"{""type"":""MultiPoint"",""coordinates"":[]}"
3,3,0.35008151540081883,"{""type"":""MultiPoint"",""coordinates"":[]}"
4,4,0.4465993643064358,"{""type"":""MultiPoint"",""coordinates"":[]}"
5,5,0.5477857723146305,"{""type"":""MultiPoint"",""coordinates"":[]}"
6,6,0.6470597719634161,"{""type"":""MultiPoint"",""coordinates"":[]}"
7,7,0.7451871889633279,"{""type"":""MultiPoint"",""coordinates"":[]}"
8,8,0.8340646990457086,"{""type"":""MultiPoint"",""coordinates"":[]}"
9,9,,"{""type"":""MultiPoint"",""coordinates"":[]}"
