system:index,class,mean,.geo
0,0,0.043988398029881845,"{""type"":""MultiPoint"",""coordinates"":[]}"
1,1,0.14548335166810375,"{""type"":""MultiPoint"",""coordinates"":[]}"
2,2,0.2477222758133427,"{""type"":""MultiPoint"",""coordinates"":[]}"
3,3,0.34980425902898277,"{""type"":""MultiPoint"",""coordinates"":[]}"
4,4,0.4500463905579332,"{""type"":""MultiPoint"",""coordinates"":[]}"
5,5,0.5492624993263503,"{""type"":""MultiPoint"",""coordinates"":[]}"
6,6,0.6481105807541082,"{""type"":""MultiPoint"",""coordinates"":[]}"
7,7,0.746785657609658,"{""type"":""MultiPoint"",""coordinates"":[]}"
8,8,0.8459654446155752,"{""type"":""MultiPoint"",""coordinates"":[]}"
9,9,0.9458938139624501,"{""type"":""MultiPoint"",""coordinates"":[]}"
