system:index,class,mean,.geo
0,0,0.051522023778386786,"{""type"":""MultiPoint"",""coordinates"":[]}"
1,1,0.14257763434703766,"{""type"":""MultiPoint"",""coordinates"":[]}"
2,2,0.24544089400946564,"{""type"":""MultiPoint"",""coordinates"":[]}"
3,3,0.3473434748984516,"{""type"":""MultiPoint"",""coordinates"":[]}"
4,4,0.448843261733996,"{""type"":""MultiPoint"",""coordinates"":[]}"
5,5,0.5493850774829868,"{""type"":""MultiPoint"",""coordinates"":[]}"
6,6,0.6508790789062472,"{""type"":""MultiPoint"",""coordinates"":[]}"
7,7,0.7516484939451903,"{""type"":""MultiPoint"",""coordinates"":[]}"
8,8,0.8525251000503284,"{""type"":""MultiPoint"",""coordinates"":[]}"
9,9,0.9501490422653369,"{""type"":""MultiPoint"",""coordinates"":[]}"
