system:index,class,mean,.geo
0,0,0.02482543287441634,"{""type"":""MultiPoint"",""coordinates"":[]}"
1,1,0.14642044315017752,"{""type"":""MultiPoint"",""coordinates"":[]}"
2,2,0.2527380290370334,"{""type"":""MultiPoint"",""coordinates"":[]}"
3,3,0.35405966133608147,"{""type"":""MultiPoint"",""coordinates"":[]}"
4,4,0.45531179869248617,"{""type"":""MultiPoint"",""coordinates"":[]}"
5,5,0.5522773353972225,"{""type"":""MultiPoint"",""coordinates"":[]}"
6,6,0.653540266587862,"{""type"":""MultiPoint"",""coordinates"":[]}"
7,7,0.75502704175921,"{""type"":""MultiPoint"",""coordinates"":[]}"
8,8,0.8565785034208911,"{""type"":""MultiPoint"",""coordinates"":[]}"
9,9,0.9398998874839859,"{""type"":""MultiPoint"",""coordinates"":[]}"
