system:index,class,mean,.geo
0,0,0.03602120087510892,"{""type"":""MultiPoint"",""coordinates"":[]}"
1,1,0.1475845206846725,"{""type"":""MultiPoint"",""coordinates"":[]}"
2,2,0.24981592226222019,"{""type"":""MultiPoint"",""coordinates"":[]}"
3,3,0.3478321036431273,"{""type"":""MultiPoint"",""coordinates"":[]}"
4,4,0.4487215977807731,"{""type"":""MultiPoint"",""coordinates"":[]}"
5,5,0.5514855945845346,"{""type"":""MultiPoint"",""coordinates"":[]}"
6,6,0.6487801742265834,"{""type"":""MultiPoint"",""coordinates"":[]}"
7,7,0.7452436554089282,"{""type"":""MultiPoint"",""coordinates"":[]}"
8,8,0.8555494950654519,"{""type"":""MultiPoint"",""coordinates"":[]}"
9,9,0.9282727406779238,"{""type"":""MultiPoint"",""coordinates"":[]}"
