system:index,class,mean,.geo
0,0,0.02338936492776611,"{""type"":""MultiPoint"",""coordinates"":[]}"
1,1,0.14651112529222654,"{""type"":""MultiPoint"",""coordinates"":[]}"
2,2,0.247883032938813,"{""type"":""MultiPoint"",""coordinates"":[]}"
3,3,0.3493541234071338,"{""type"":""MultiPoint"",""coordinates"":[]}"
4,4,0.4499889270892317,"{""type"":""MultiPoint"",""coordinates"":[]}"
5,5,0.546843683744757,"{""type"":""MultiPoint"",""coordinates"":[]}"
6,6,0.6499320616568558,"{""type"":""MultiPoint"",""coordinates"":[]}"
7,7,0.7494309908344479,"{""type"":""MultiPoint"",""coordinates"":[]}"
8,8,0.8440461555453294,"{""type"":""MultiPoint"",""coordinates"":[]}"
9,9,0.9332093762927258,"{""type"":""MultiPoint"",""coordinates"":[]}"
