system:index,class,mean,.geo
0,0,0.026454049711252873,"{""type"":""MultiPoint"",""coordinates"":[]}"
1,1,0.1457949097597758,"{""type"":""MultiPoint"",""coordinates"":[]}"
2,2,0.24590542171254973,"{""type"":""MultiPoint"",""coordinates"":[]}"
3,3,0.3462280190531835,"{""type"":""MultiPoint"",""coordinates"":[]}"
4,4,0.44707765357941587,"{""type"":""MultiPoint"",""coordinates"":[]}"
5,5,0.5470378494029265,"{""type"":""MultiPoint"",""coordinates"":[]}"
6,6,0.6473565234047517,"{""type"":""MultiPoint"",""coordinates"":[]}"
7,7,0.7486977025629926,"{""type"":""MultiPoint"",""coordinates"":[]}"
8,8,0.8388950225473677,"{""type"":""MultiPoint"",""coordinates"":[]}"
9,9,0.9196442419733535,"{""type"":""MultiPoint"",""coordinates"":[]}"
