system:index,class,mean,.geo
0,0,0.03292913097754273,"{""type"":""MultiPoint"",""coordinates"":[]}"
1,1,0.14882275106509088,"{""type"":""MultiPoint"",""coordinates"":[]}"
2,2,0.24692980131675366,"{""type"":""MultiPoint"",""coordinates"":[]}"
3,3,0.34781748265771834,"{""type"":""MultiPoint"",""coordinates"":[]}"
4,4,0.44930708961369625,"{""type"":""MultiPoint"",""coordinates"":[]}"
5,5,0.549017715374951,"{""type"":""MultiPoint"",""coordinates"":[]}"
6,6,0.648468162564098,"{""type"":""MultiPoint"",""coordinates"":[]}"
7,7,0.7505705869353773,"{""type"":""MultiPoint"",""coordinates"":[]}"
8,8,0.8411944883371617,"{""type"":""MultiPoint"",""coordinates"":[]}"
9,9,0.9278227995023849,"{""type"":""MultiPoint"",""coordinates"":[]}"
