system:index,class,mean,.geo
0,0,0.07066035586582704,"{""type"":""MultiPoint"",""coordinates"":[]}"
1,1,0.15465695265338503,"{""type"":""MultiPoint"",""coordinates"":[]}"
2,2,0.2508213566744744,"{""type"":""MultiPoint"",""coordinates"":[]}"
3,3,0.34834032994244646,"{""type"":""MultiPoint"",""coordinates"":[]}"
4,4,0.4435264842541767,"{""type"":""MultiPoint"",""coordinates"":[]}"
5,5,0.53885182675403,"{""type"":""MultiPoint"",""coordinates"":[]}"
6,6,0.6323171268726848,"{""type"":""MultiPoint"",""coordinates"":[]}"
7,7,0.7102588064681257,"{""type"":""MultiPoint"",""coordinates"":[]}"
8,8,,"{""type"":""MultiPoint"",""coordinates"":[]}"
9,9,,"{""type"":""MultiPoint"",""coordinates"":[]}"
