system:index,class,mean,.geo
0,0,0.04243700285400623,"{""type"":""MultiPoint"",""coordinates"":[]}"
1,1,0.14820248927464863,"{""type"":""MultiPoint"",""coordinates"":[]}"
2,2,0.24621162975834665,"{""type"":""MultiPoint"",""coordinates"":[]}"
3,3,0.34807915462759315,"{""type"":""MultiPoint"",""coordinates"":[]}"
4,4,0.4422844624536199,"{""type"":""MultiPoint"",""coordinates"":[]}"
5,5,0.5474370481376996,"{""type"":""MultiPoint"",""coordinates"":[]}"
6,6,0.649048044235112,"{""type"":""MultiPoint"",""coordinates"":[]}"
7,7,0.7456712781215078,"{""type"":""MultiPoint"",""coordinates"":[]}"
8,8,0.8473757110000018,"{""type"":""MultiPoint"",""coordinates"":[]}"
9,9,0.9153618774410753,"{""type"":""MultiPoint"",""coordinates"":[]}"
