system:index,class,mean,.geo
0,0,0.0243515757832922,"{""type"":""MultiPoint"",""coordinates"":[]}"
1,1,0.1484109256851227,"{""type"":""MultiPoint"",""coordinates"":[]}"
2,2,0.2504118596993936,"{""type"":""MultiPoint"",""coordinates"":[]}"
3,3,0.3484574071294408,"{""type"":""MultiPoint"",""coordinates"":[]}"
4,4,0.45003627644278066,"{""type"":""MultiPoint"",""coordinates"":[]}"
5,5,0.5528043943710842,"{""type"":""MultiPoint"",""coordinates"":[]}"
6,6,0.6510746751372074,"{""type"":""MultiPoint"",""coordinates"":[]}"
7,7,0.7497847227260644,"{""type"":""MultiPoint"",""coordinates"":[]}"
8,8,0.8535653638958868,"{""type"":""MultiPoint"",""coordinates"":[]}"
9,9,0.9463650491885544,"{""type"":""MultiPoint"",""coordinates"":[]}"
