system:index,class,mean,.geo
0,0,0.018278229964687392,"{""type"":""MultiPoint"",""coordinates"":[]}"
1,1,0.15239850146405748,"{""type"":""MultiPoint"",""coordinates"":[]}"
2,2,0.246824078924919,"{""type"":""MultiPoint"",""coordinates"":[]}"
3,3,0.3465449352483806,"{""type"":""MultiPoint"",""coordinates"":[]}"
4,4,0.44779284005960385,"{""type"":""MultiPoint"",""coordinates"":[]}"
5,5,0.549179488970829,"{""type"":""MultiPoint"",""coordinates"":[]}"
6,6,0.6491311260321152,"{""type"":""MultiPoint"",""coordinates"":[]}"
7,7,0.7520193427777071,"{""type"":""MultiPoint"",""coordinates"":[]}"
8,8,0.8503169473682198,"{""type"":""MultiPoint"",""coordinates"":[]}"
9,9,0.9625120911632867,"{""type"":""MultiPoint"",""coordinates"":[]}"
