system:index,class,mean,.geo
0,0,0.02981004092110022,"{""type"":""MultiPoint"",""coordinates"":[]}"
1,1,0.14527479128236767,"{""type"":""MultiPoint"",""coordinates"":[]}"
2,2,0.25079861087125993,"{""type"":""MultiPoint"",""coordinates"":[]}"
3,3,0.3485343613969062,"{""type"":""MultiPoint"",""coordinates"":[]}"
4,4,0.45286339219385774,"{""type"":""MultiPoint"",""coordinates"":[]}"
5,5,0.5506646988012304,"{""type"":""MultiPoint"",""coordinates"":[]}"
6,6,0.652117963187145,"{""type"":""MultiPoint"",""coordinates"":[]}"
7,7,0.7425288587493173,"{""type"":""MultiPoint"",""coordinates"":[]}"
8,8,0.8160788287904177,"{""type"":""MultiPoint"",""coordinates"":[]}"
9,9,,"{""type"":""MultiPoint"",""coordinates"":[]}"
