system:index,class,mean,.geo
0,0,0.040716521087869696,"{""type"":""MultiPoint"",""coordinates"":[]}"
1,1,0.1468962241534326,"{""type"":""MultiPoint"",""coordinates"":[]}"
2,2,0.24682457726638077,"{""type"":""MultiPoint"",""coordinates"":[]}"
3,3,0.35135017949137703,"{""type"":""MultiPoint"",""coordinates"":[]}"
4,4,0.45304736485968317,"{""type"":""MultiPoint"",""coordinates"":[]}"
5,5,0.5505967248561395,"{""type"":""MultiPoint"",""coordinates"":[]}"
6,6,0.6409539780134208,"{""type"":""MultiPoint"",""coordinates"":[]}"
7,7,0.7448478962104493,"{""type"":""MultiPoint"",""coordinates"":[]}"
8,8,0.8161312279109845,"{""type"":""MultiPoint"",""coordinates"":[]}"
9,9,,"{""type"":""MultiPoint"",""coordinates"":[]}"
