system:index,class,mean,.geo
0,0,0.03035303425751047,"{""type"":""MultiPoint"",""coordinates"":[]}"
1,1,0.145600179860327,"{""type"":""MultiPoint"",""coordinates"":[]}"
2,2,0.25063101374068164,"{""type"":""MultiPoint"",""coordinates"":[]}"
3,3,0.3530829602392113,"{""type"":""MultiPoint"",""coordinates"":[]}"
4,4,0.4510358205995562,"{""type"":""MultiPoint"",""coordinates"":[]}"
5,5,0.5531743557300783,"{""type"":""MultiPoint"",""coordinates"":[]}"
6,6,0.6497326523602553,"{""type"":""MultiPoint"",""coordinates"":[]}"
7,7,0.7545203756819061,"{""type"":""MultiPoint"",""coordinates"":[]}"
8,8,0.8530737889972055,"{""type"":""MultiPoint"",""coordinates"":[]}"
9,9,0.9481635954325198,"{""type"":""MultiPoint"",""coordinates"":[]}"
