system:index,class,mean,.geo
0,0,0.008841043992299655,"{""type"":""MultiPoint"",""coordinates"":[]}"
1,1,0.14648715582649124,"{""type"":""MultiPoint"",""coordinates"":[]}"
2,2,0.24895448499202205,"{""type"":""MultiPoint"",""coordinates"":[]}"
3,3,0.3496688500930983,"{""type"":""MultiPoint"",""coordinates"":[]}"
4,4,0.4505165345871586,"{""type"":""MultiPoint"",""coordinates"":[]}"
5,5,0.5506707027476807,"{""type"":""MultiPoint"",""coordinates"":[]}"
6,6,0.6514352453367658,"{""type"":""MultiPoint"",""coordinates"":[]}"
7,7,0.7535886995162923,"{""type"":""MultiPoint"",""coordinates"":[]}"
8,8,0.8547997798028426,"{""type"":""MultiPoint"",""coordinates"":[]}"
9,9,0.9399206115186299,"{""type"":""MultiPoint"",""coordinates"":[]}"
