system:index,class,mean,.geo
0,0,0.043981781766857554,"{""type"":""MultiPoint"",""coordinates"":[]}"
1,1,0.1504225626391536,"{""type"":""MultiPoint"",""coordinates"":[]}"
2,2,0.24839680093190114,"{""type"":""MultiPoint"",""coordinates"":[]}"
3,3,0.34566308423141273,"{""type"":""MultiPoint"",""coordinates"":[]}"
4,4,0.44567061679006975,"{""type"":""MultiPoint"",""coordinates"":[]}"
5,5,0.5455223687734637,"{""type"":""MultiPoint"",""coordinates"":[]}"
6,6,0.6461223284277068,"{""type"":""MultiPoint"",""coordinates"":[]}"
7,7,0.7491785855578716,"{""type"":""MultiPoint"",""coordinates"":[]}"
8,8,0.8485415699645302,"{""type"":""MultiPoint"",""coordinates"":[]}"
9,9,0.9598479886832757,"{""type"":""MultiPoint"",""coordinates"":[]}"
