system:index,class,mean,.geo
0,0,0.030236069070998437,"{""type"":""MultiPoint"",""coordinates"":[]}"
1,1,0.14870665519343562,"{""type"":""MultiPoint"",""coordinates"":[]}"
2,2,0.24919163164715186,"{""type"":""MultiPoint"",""coordinates"":[]}"
3,3,0.35136048541691184,"{""type"":""MultiPoint"",""coordinates"":[]}"
4,4,0.4508429919668278,"{""type"":""MultiPoint"",""coordinates"":[]}"
5,5,0.5504554393735376,"{""type"":""MultiPoint"",""coordinates"":[]}"
6,6,0.6504104916325596,"{""type"":""MultiPoint"",""coordinates"":[]}"
7,7,0.750736690601152,"{""type"":""MultiPoint"",""coordinates"":[]}"
8,8,0.8467845045035198,"{""type"":""MultiPoint"",""coordinates"":[]}"
9,9,0.9153833252906078,"{""type"":""MultiPoint"",""coordinates"":[]}"
