system:index,class,mean,.geo
0,0,0.02782453885584078,"{""type"":""MultiPoint"",""coordinates"":[]}"
1,1,0.1459902389588792,"{""type"":""MultiPoint"",""coordinates"":[]}"
2,2,0.2483451447904844,"{""type"":""MultiPoint"",""coordinates"":[]}"
3,3,0.3489804334475441,"{""type"":""MultiPoint"",""coordinates"":[]}"
4,4,0.4478019588182215,"{""type"":""MultiPoint"",""coordinates"":[]}"
5,5,0.5472046176606509,"{""type"":""MultiPoint"",""coordinates"":[]}"
6,6,0.6507670388463452,"{""type"":""MultiPoint"",""coordinates"":[]}"
7,7,0.752696073785979,"{""type"":""MultiPoint"",""coordinates"":[]}"
8,8,0.8526443614810975,"{""type"":""MultiPoint"",""coordinates"":[]}"
9,9,0.949437333556289,"{""type"":""MultiPoint"",""coordinates"":[]}"
