system:index,class,mean,.geo
0,0,0.028632905903592434,"{""type"":""MultiPoint"",""coordinates"":[]}"
1,1,0.14529014859298817,"{""type"":""MultiPoint"",""coordinates"":[]}"
2,2,0.2502572774715034,"{""type"":""MultiPoint"",""coordinates"":[]}"
3,3,0.3506591024064213,"{""type"":""MultiPoint"",""coordinates"":[]}"
4,4,0.446559670068707,"{""type"":""MultiPoint"",""coordinates"":[]}"
5,5,0.5459553052173542,"{""type"":""MultiPoint"",""coordinates"":[]}"
6,6,0.6535419738972738,"{""type"":""MultiPoint"",""coordinates"":[]}"
7,7,0.7484748301320391,"{""type"":""MultiPoint"",""coordinates"":[]}"
8,8,0.8474754923756963,"{""type"":""MultiPoint"",""coordinates"":[]}"
9,9,0.9261432063104663,"{""type"":""MultiPoint"",""coordinates"":[]}"
