system:index,class,mean,.geo
0,0,0.02898692673230322,"{""type"":""MultiPoint"",""coordinates"":[]}"
1,1,0.1475111441252859,"{""type"":""MultiPoint"",""coordinates"":[]}"
2,2,0.24805572250447422,"{""type"":""MultiPoint"",""coordinates"":[]}"
3,3,0.34696269345747094,"{""type"":""MultiPoint"",""coordinates"":[]}"
4,4,0.4501862240091601,"{""type"":""MultiPoint"",""coordinates"":[]}"
5,5,0.5490181248881726,"{""type"":""MultiPoint"",""coordinates"":[]}"
6,6,0.6520458755763119,"{""type"":""MultiPoint"",""coordinates"":[]}"
7,7,0.7518107019105447,"{""type"":""MultiPoint"",""coordinates"":[]}"
8,8,0.8535288825074621,"{""type"":""MultiPoint"",""coordinates"":[]}"
9,9,0.9523704024507607,"{""type"":""MultiPoint"",""coordinates"":[]}"
