system:index,class,mean,.geo
0,0,0.02069943932764705,"{""type"":""MultiPoint"",""coordinates"":[]}"
1,1,0.14834204498786083,"{""type"":""MultiPoint"",""coordinates"":[]}"
2,2,0.24747929977949484,"{""type"":""MultiPoint"",""coordinates"":[]}"
3,3,0.34617623068923337,"{""type"":""MultiPoint"",""coordinates"":[]}"
4,4,0.4463201258622507,"{""type"":""MultiPoint"",""coordinates"":[]}"
5,5,0.5469623874199544,"{""type"":""MultiPoint"",""coordinates"":[]}"
6,6,0.6453952948462607,"{""type"":""MultiPoint"",""coordinates"":[]}"
7,7,0.7473823077164086,"{""type"":""MultiPoint"",""coordinates"":[]}"
8,8,0.8533612280629208,"{""type"":""MultiPoint"",""coordinates"":[]}"
9,9,0.9160669964293521,"{""type"":""MultiPoint"",""coordinates"":[]}"
