system:index,class,mean,.geo
0,0,0.02567599349272725,"{""type"":""MultiPoint"",""coordinates"":[]}"
1,1,0.14672100946794878,"{""type"":""MultiPoint"",""coordinates"":[]}"
2,2,0.2464518030998426,"{""type"":""MultiPoint"",""coordinates"":[]}"
3,3,0.3481310379677547,"{""type"":""MultiPoint"",""coordinates"":[]}"
4,4,0.44443031469478333,"{""type"":""MultiPoint"",""coordinates"":[]}"
5,5,0.5477982282983642,"{""type"":""MultiPoint"",""coordinates"":[]}"
6,6,0.6503771981381152,"{""type"":""MultiPoint"",""coordinates"":[]}"
7,7,0.7489312950929966,"{""type"":""MultiPoint"",""coordinates"":[]}"
8,8,0.8494262627776732,"{""type"":""MultiPoint"",""coordinates"":[]}"
9,9,0.9474373970205454,"{""type"":""MultiPoint"",""coordinates"":[]}"
