system:index,class,mean,.geo
0,0,0.022200124745675873,"{""type"":""MultiPoint"",""coordinates"":[]}"
1,1,0.14765372242166283,"{""type"":""MultiPoint"",""coordinates"":[]}"
2,2,0.24799746005699258,"{""type"":""MultiPoint"",""coordinates"":[]}"
3,3,0.34787381443560517,"{""type"":""MultiPoint"",""coordinates"":[]}"
4,4,0.4477075886226775,"{""type"":""MultiPoint"",""coordinates"":[]}"
5,5,0.5479535174490536,"{""type"":""MultiPoint"",""coordinates"":[]}"
6,6,0.6487660274060366,"{""type"":""MultiPoint"",""coordinates"":[]}"
7,7,0.7492354851164456,"{""type"":""MultiPoint"",""coordinates"":[]}"
8,8,0.8520242187188483,"{""type"":""MultiPoint"",""coordinates"":[]}"
9,9,0.9243676075356607,"{""type"":""MultiPoint"",""coordinates"":[]}"
