system:index,class,mean,.geo
0,0,0.02988161650510568,"{""type"":""MultiPoint"",""coordinates"":[]}"
1,1,0.1484260089774241,"{""type"":""MultiPoint"",""coordinates"":[]}"
2,2,0.24739933638718875,"{""type"":""MultiPoint"",""coordinates"":[]}"
3,3,0.35081497838930437,"{""type"":""MultiPoint"",""coordinates"":[]}"
4,4,0.45251822016657733,"{""type"":""MultiPoint"",""coordinates"":[]}"
5,5,0.5502298597215263,"{""type"":""MultiPoint"",""coordinates"":[]}"
6,6,0.6498920789235864,"{""type"":""MultiPoint"",""coordinates"":[]}"
7,7,0.749122259659866,"{""type"":""MultiPoint"",""coordinates"":[]}"
8,8,0.8457055868290654,"{""type"":""MultiPoint"",""coordinates"":[]}"
9,9,0.9125211227255479,"{""type"":""MultiPoint"",""coordinates"":[]}"
