system:index,class,mean,.geo
0,0,0.029576488383862364,"{""type"":""MultiPoint"",""coordinates"":[]}"
1,1,0.1477454365394292,"{""type"":""MultiPoint"",""coordinates"":[]}"
2,2,0.24747152675470854,"{""type"":""MultiPoint"",""coordinates"":[]}"
3,3,0.3490674747998588,"{""type"":""MultiPoint"",""coordinates"":[]}"
4,4,0.4473290099215604,"{""type"":""MultiPoint"",""coordinates"":[]}"
5,5,0.5478607921440921,"{""type"":""MultiPoint"",""coordinates"":[]}"
6,6,0.6497742717586908,"{""type"":""MultiPoint"",""coordinates"":[]}"
7,7,0.743088647929086,"{""type"":""MultiPoint"",""coordinates"":[]}"
8,8,0.8400132341823399,"{""type"":""MultiPoint"",""coordinates"":[]}"
9,9,0.9369760701157731,"{""type"":""MultiPoint"",""coordinates"":[]}"
