system:index,class,mean,.geo
0,0,0.02310484287652466,"{""type"":""MultiPoint"",""coordinates"":[]}"
1,1,0.1480329175865013,"{""type"":""MultiPoint"",""coordinates"":[]}"
2,2,0.249054505495407,"{""type"":""MultiPoint"",""coordinates"":[]}"
3,3,0.35188142299811204,"{""type"":""MultiPoint"",""coordinates"":[]}"
4,4,0.4514309770540178,"{""type"":""MultiPoint"",""coordinates"":[]}"
5,5,0.5510233943046791,"{""type"":""MultiPoint"",""coordinates"":[]}"
6,6,0.6489712446399374,"{""type"":""MultiPoint"",""coordinates"":[]}"
7,7,0.7463142518771787,"{""type"":""MultiPoint"",""coordinates"":[]}"
8,8,0.8472388786748347,"{""type"":""MultiPoint"",""coordinates"":[]}"
9,9,0.9238363484566225,"{""type"":""MultiPoint"",""coordinates"":[]}"
