system:index,class,mean,.geo
0,0,0.0249789847307079,"{""type"":""MultiPoint"",""coordinates"":[]}"
1,1,0.14692349801123158,"{""type"":""MultiPoint"",""coordinates"":[]}"
2,2,0.24932862352877602,"{""type"":""MultiPoint"",""coordinates"":[]}"
3,3,0.34799641655705715,"{""type"":""MultiPoint"",""coordinates"":[]}"
4,4,0.4469807075747678,"{""type"":""MultiPoint"",""coordinates"":[]}"
5,5,0.5471022363331113,"{""type"":""MultiPoint"",""coordinates"":[]}"
6,6,0.6455232291723138,"{""type"":""MultiPoint"",""coordinates"":[]}"
7,7,0.746744491011101,"{""type"":""MultiPoint"",""coordinates"":[]}"
8,8,0.8453965751800124,"{""type"":""MultiPoint"",""coordinates"":[]}"
9,9,0.9092872000042563,"{""type"":""MultiPoint"",""coordinates"":[]}"
