system:index,class,mean,.geo
0,0,0.04424768457581597,"{""type"":""MultiPoint"",""coordinates"":[]}"
1,1,0.1454756664657034,"{""type"":""MultiPoint"",""coordinates"":[]}"
2,2,0.2504863933218285,"{""type"":""MultiPoint"",""coordinates"":[]}"
3,3,0.34639841782200403,"{""type"":""MultiPoint"",""coordinates"":[]}"
4,4,0.44981914664795747,"{""type"":""MultiPoint"",""coordinates"":[]}"
5,5,0.5485202181624008,"{""type"":""MultiPoint"",""coordinates"":[]}"
6,6,0.6494284315983344,"{""type"":""MultiPoint"",""coordinates"":[]}"
7,7,0.750784647588577,"{""type"":""MultiPoint"",""coordinates"":[]}"
8,8,0.8524252925770257,"{""type"":""MultiPoint"",""coordinates"":[]}"
9,9,0.947112668965189,"{""type"":""MultiPoint"",""coordinates"":[]}"
