system:index,class,mean,.geo
0,0,0.02344963470442121,"{""type"":""MultiPoint"",""coordinates"":[]}"
1,1,0.14511132893240183,"{""type"":""MultiPoint"",""coordinates"":[]}"
2,2,0.24953070516691456,"{""type"":""MultiPoint"",""coordinates"":[]}"
3,3,0.3476068551221879,"{""type"":""MultiPoint"",""coordinates"":[]}"
4,4,0.44987627413223197,"{""type"":""MultiPoint"",""coordinates"":[]}"
5,5,0.5507886622791122,"{""type"":""MultiPoint"",""coordinates"":[]}"
6,6,0.649583366906622,"{""type"":""MultiPoint"",""coordinates"":[]}"
7,7,0.7493472217164413,"{""type"":""MultiPoint"",""coordinates"":[]}"
8,8,0.8534459585935972,"{""type"":""MultiPoint"",""coordinates"":[]}"
9,9,0.925847107003047,"{""type"":""MultiPoint"",""coordinates"":[]}"
