system:index,class,mean,.geo
0,0,0.041991751811910324,"{""type"":""MultiPoint"",""coordinates"":[]}"
1,1,0.14783811585917384,"{""type"":""MultiPoint"",""coordinates"":[]}"
2,2,0.24808323425993115,"{""type"":""MultiPoint"",""coordinates"":[]}"
3,3,0.34620332354691913,"{""type"":""MultiPoint"",""coordinates"":[]}"
4,4,0.44614785478613656,"{""type"":""MultiPoint"",""coordinates"":[]}"
5,5,0.5452865990990747,"{""type"":""MultiPoint"",""coordinates"":[]}"
6,6,0.6447540808422363,"{""type"":""MultiPoint"",""coordinates"":[]}"
7,7,0.7441930283963443,"{""type"":""MultiPoint"",""coordinates"":[]}"
8,8,0.8219938443585842,"{""type"":""MultiPoint"",""coordinates"":[]}"
9,9,,"{""type"":""MultiPoint"",""coordinates"":[]}"
