system:index,class,mean,.geo
0,0,0.04536477777136995,"{""type"":""MultiPoint"",""coordinates"":[]}"
1,1,0.1492680056460061,"{""type"":""MultiPoint"",""coordinates"":[]}"
2,2,0.2439267755341553,"{""type"":""MultiPoint"",""coordinates"":[]}"
3,3,0.3460682721191079,"{""type"":""MultiPoint"",""coordinates"":[]}"
4,4,0.44794104002237095,"{""type"":""MultiPoint"",""coordinates"":[]}"
5,5,0.5488094262985026,"{""type"":""MultiPoint"",""coordinates"":[]}"
6,6,0.6472240626783515,"{""type"":""MultiPoint"",""coordinates"":[]}"
7,7,0.7542009063614629,"{""type"":""MultiPoint"",""coordinates"":[]}"
8,8,0.8332254684152172,"{""type"":""MultiPoint"",""coordinates"":[]}"
9,9,,"{""type"":""MultiPoint"",""coordinates"":[]}"
