system:index,class,mean,.geo
0,0,0.0450250883223142,"{""type"":""MultiPoint"",""coordinates"":[]}"
1,1,0.14736829725991557,"{""type"":""MultiPoint"",""coordinates"":[]}"
2,2,0.2521221773424429,"{""type"":""MultiPoint"",""coordinates"":[]}"
3,3,0.345656158788492,"{""type"":""MultiPoint"",""coordinates"":[]}"
4,4,0.44899802795310717,"{""type"":""MultiPoint"",""coordinates"":[]}"
5,5,0.548581864806042,"{""type"":""MultiPoint"",""coordinates"":[]}"
6,6,0.6476571916367803,"{""type"":""MultiPoint"",""coordinates"":[]}"
7,7,0.7480196491366995,"{""type"":""MultiPoint"",""coordinates"":[]}"
8,8,0.8509207466109894,"{""type"":""MultiPoint"",""coordinates"":[]}"
9,9,0.9622215596683186,"{""type"":""MultiPoint"",""coordinates"":[]}"
