system:index,class,mean,.geo
0,0,0.03785433797803257,"{""type"":""MultiPoint"",""coordinates"":[]}"
1,1,0.1478902580360183,"{""type"":""MultiPoint"",""coordinates"":[]}"
2,2,0.24887526691533862,"{""type"":""MultiPoint"",""coordinates"":[]}"
3,3,0.3486771976056383,"{""type"":""MultiPoint"",""coordinates"":[]}"
4,4,0.45123912820628836,"{""type"":""MultiPoint"",""coordinates"":[]}"
5,5,0.5498097911675798,"{""type"":""MultiPoint"",""coordinates"":[]}"
6,6,0.6507699822544234,"{""type"":""MultiPoint"",""coordinates"":[]}"
7,7,0.7514204530926025,"{""type"":""MultiPoint"",""coordinates"":[]}"
8,8,0.8475723376437697,"{""type"":""MultiPoint"",""coordinates"":[]}"
9,9,0.9423801876582215,"{""type"":""MultiPoint"",""coordinates"":[]}"
