system:index,class,mean,.geo
0,0,0.03296648748819405,"{""type"":""MultiPoint"",""coordinates"":[]}"
1,1,0.14255896040332755,"{""type"":""MultiPoint"",""coordinates"":[]}"
2,2,0.24965496688210306,"{""type"":""MultiPoint"",""coordinates"":[]}"
3,3,0.3543494433039773,"{""type"":""MultiPoint"",""coordinates"":[]}"
4,4,0.44856742544005856,"{""type"":""MultiPoint"",""coordinates"":[]}"
5,5,0.5460532805054749,"{""type"":""MultiPoint"",""coordinates"":[]}"
6,6,0.6485508845975365,"{""type"":""MultiPoint"",""coordinates"":[]}"
7,7,0.7524742968729453,"{""type"":""MultiPoint"",""coordinates"":[]}"
8,8,0.8531785079677432,"{""type"":""MultiPoint"",""coordinates"":[]}"
9,9,0.9308591827496449,"{""type"":""MultiPoint"",""coordinates"":[]}"
