system:index,class,mean,.geo
0,0,0.029789745729656918,"{""type"":""MultiPoint"",""coordinates"":[]}"
1,1,0.14690460479048945,"{""type"":""MultiPoint"",""coordinates"":[]}"
2,2,0.25083292304926086,"{""type"":""MultiPoint"",""coordinates"":[]}"
3,3,0.3485736628748703,"{""type"":""MultiPoint"",""coordinates"":[]}"
4,4,0.4492652297018658,"{""type"":""MultiPoint"",""coordinates"":[]}"
5,5,0.5481860587855125,"{""type"":""MultiPoint"",""coordinates"":[]}"
6,6,0.6485032574672022,"{""type"":""MultiPoint"",""coordinates"":[]}"
7,7,0.7533846672232839,"{""type"":""MultiPoint"",""coordinates"":[]}"
8,8,0.8534137829545521,"{""type"":""MultiPoint"",""coordinates"":[]}"
9,9,0.9331730300113497,"{""type"":""MultiPoint"",""coordinates"":[]}"
