system:index,class,mean,.geo
0,0,0.01848731647799819,"{""type"":""MultiPoint"",""coordinates"":[]}"
1,1,0.146329020998012,"{""type"":""MultiPoint"",""coordinates"":[]}"
2,2,0.24554193469494853,"{""type"":""MultiPoint"",""coordinates"":[]}"
3,3,0.3482265675438905,"{""type"":""MultiPoint"",""coordinates"":[]}"
4,4,0.4485203888372924,"{""type"":""MultiPoint"",""coordinates"":[]}"
5,5,0.5485628074337277,"{""type"":""MultiPoint"",""coordinates"":[]}"
6,6,0.6487283362355148,"{""type"":""MultiPoint"",""coordinates"":[]}"
7,7,0.7508190067461257,"{""type"":""MultiPoint"",""coordinates"":[]}"
8,8,0.8528800893292002,"{""type"":""MultiPoint"",""coordinates"":[]}"
9,9,0.9529703886084332,"{""type"":""MultiPoint"",""coordinates"":[]}"
