system:index,class,mean,.geo
0,0,0.033427414586706235,"{""type"":""MultiPoint"",""coordinates"":[]}"
1,1,0.14920232936870892,"{""type"":""MultiPoint"",""coordinates"":[]}"
2,2,0.2462092362810614,"{""type"":""MultiPoint"",""coordinates"":[]}"
3,3,0.3448494868620099,"{""type"":""MultiPoint"",""coordinates"":[]}"
4,4,0.4474885983431787,"{""type"":""MultiPoint"",""coordinates"":[]}"
5,5,0.5462391513727611,"{""type"":""MultiPoint"",""coordinates"":[]}"
6,6,0.6458620716060761,"{""type"":""MultiPoint"",""coordinates"":[]}"
7,7,0.7375845485853975,"{""type"":""MultiPoint"",""coordinates"":[]}"
8,8,0.8388499851837556,"{""type"":""MultiPoint"",""coordinates"":[]}"
9,9,0.9094335645772009,"{""type"":""MultiPoint"",""coordinates"":[]}"
