system:index,class,mean,.geo
0,0,0.037549313390007236,"{""type"":""MultiPoint"",""coordinates"":[]}"
1,1,0.1462353465364917,"{""type"":""MultiPoint"",""coordinates"":[]}"
2,2,0.24874060544297014,"{""type"":""MultiPoint"",""coordinates"":[]}"
3,3,0.3491578511266942,"{""type"":""MultiPoint"",""coordinates"":[]}"
4,4,0.4492174787878256,"{""type"":""MultiPoint"",""coordinates"":[]}"
5,5,0.5436733956591896,"{""type"":""MultiPoint"",""coordinates"":[]}"
6,6,0.6520704918103872,"{""type"":""MultiPoint"",""coordinates"":[]}"
7,7,0.754940474374331,"{""type"":""MultiPoint"",""coordinates"":[]}"
8,8,0.8307623042755622,"{""type"":""MultiPoint"",""coordinates"":[]}"
9,9,,"{""type"":""MultiPoint"",""coordinates"":[]}"
