system:index,class,mean,.geo
0,0,0.030115510085198312,"{""type"":""MultiPoint"",""coordinates"":[]}"
1,1,0.14684907132528918,"{""type"":""MultiPoint"",""coordinates"":[]}"
2,2,0.24759368126509584,"{""type"":""MultiPoint"",""coordinates"":[]}"
3,3,0.3483142826823459,"{""type"":""MultiPoint"",""coordinates"":[]}"
4,4,0.44770031354248974,"{""type"":""MultiPoint"",""coordinates"":[]}"
5,5,0.5467706436109004,"{""type"":""MultiPoint"",""coordinates"":[]}"
6,6,0.6491663877082016,"{""type"":""MultiPoint"",""coordinates"":[]}"
7,7,0.7495161115188678,"{""type"":""MultiPoint"",""coordinates"":[]}"
8,8,0.8500005442328242,"{""type"":""MultiPoint"",""coordinates"":[]}"
9,9,0.9416958463192793,"{""type"":""MultiPoint"",""coordinates"":[]}"
