system:index,class,mean,.geo
0,0,0.04318901827485287,"{""type"":""MultiPoint"",""coordinates"":[]}"
1,1,0.14543134730474067,"{""type"":""MultiPoint"",""coordinates"":[]}"
2,2,0.24694828461707824,"{""type"":""MultiPoint"",""coordinates"":[]}"
3,3,0.35121905772917644,"{""type"":""MultiPoint"",""coordinates"":[]}"
4,4,0.44998688100870904,"{""type"":""MultiPoint"",""coordinates"":[]}"
5,5,0.5471072308021607,"{""type"":""MultiPoint"",""coordinates"":[]}"
6,6,0.6476888598640295,"{""type"":""MultiPoint"",""coordinates"":[]}"
7,7,0.7458849151340985,"{""type"":""MultiPoint"",""coordinates"":[]}"
8,8,0.8397445622186631,"{""type"":""MultiPoint"",""coordinates"":[]}"
9,9,0.9046631757547933,"{""type"":""MultiPoint"",""coordinates"":[]}"
