system:index,class,mean,.geo
0,0,0.030570165528353413,"{""type"":""MultiPoint"",""coordinates"":[]}"
1,1,0.1432809493281396,"{""type"":""MultiPoint"",""coordinates"":[]}"
2,2,0.24668674665306575,"{""type"":""MultiPoint"",""coordinates"":[]}"
3,3,0.34572536320953723,"{""type"":""MultiPoint"",""coordinates"":[]}"
4,4,0.44873219920558494,"{""type"":""MultiPoint"",""coordinates"":[]}"
5,5,0.5482331318369993,"{""type"":""MultiPoint"",""coordinates"":[]}"
6,6,0.6489463414700091,"{""type"":""MultiPoint"",""coordinates"":[]}"
7,7,0.7488161501691509,"{""type"":""MultiPoint"",""coordinates"":[]}"
8,8,0.8458644825916211,"{""type"":""MultiPoint"",""coordinates"":[]}"
9,9,0.9336406308676685,"{""type"":""MultiPoint"",""coordinates"":[]}"
