system:index,class,mean,.geo
0,0,0.030669578348028012,"{""type"":""MultiPoint"",""coordinates"":[]}"
1,1,0.14806199931117137,"{""type"":""MultiPoint"",""coordinates"":[]}"
2,2,0.24920139549317188,"{""type"":""MultiPoint"",""coordinates"":[]}"
3,3,0.34927209208625326,"{""type"":""MultiPoint"",""coordinates"":[]}"
4,4,0.4550164712861367,"{""type"":""MultiPoint"",""coordinates"":[]}"
5,5,0.5565407472615765,"{""type"":""MultiPoint"",""coordinates"":[]}"
6,6,0.659682254941452,"{""type"":""MultiPoint"",""coordinates"":[]}"
7,7,0.7590906095194313,"{""type"":""MultiPoint"",""coordinates"":[]}"
8,8,0.853968735358461,"{""type"":""MultiPoint"",""coordinates"":[]}"
9,9,0.9401568558958694,"{""type"":""MultiPoint"",""coordinates"":[]}"
