system:index,class,mean,.geo
0,0,0.036985658842573585,"{""type"":""MultiPoint"",""coordinates"":[]}"
1,1,0.14565970737303785,"{""type"":""MultiPoint"",""coordinates"":[]}"
2,2,0.24537735506885205,"{""type"":""MultiPoint"",""coordinates"":[]}"
3,3,0.3476054550757737,"{""type"":""MultiPoint"",""coordinates"":[]}"
4,4,0.4472953725314879,"{""type"":""MultiPoint"",""coordinates"":[]}"
5,5,0.5508330479611049,"{""type"":""MultiPoint"",""coordinates"":[]}"
6,6,0.6465510230358046,"{""type"":""MultiPoint"",""coordinates"":[]}"
7,7,0.7484707805838796,"{""type"":""MultiPoint"",""coordinates"":[]}"
8,8,0.8515849962592262,"{""type"":""MultiPoint"",""coordinates"":[]}"
9,9,0.9498741924466786,"{""type"":""MultiPoint"",""coordinates"":[]}"
