system:index,class,mean,.geo
0,0,0.030008565547868293,"{""type"":""MultiPoint"",""coordinates"":[]}"
1,1,0.14733792353886863,"{""type"":""MultiPoint"",""coordinates"":[]}"
2,2,0.24905239036514215,"{""type"":""MultiPoint"",""coordinates"":[]}"
3,3,0.34874434856193504,"{""type"":""MultiPoint"",""coordinates"":[]}"
4,4,0.4465732888867542,"{""type"":""MultiPoint"",""coordinates"":[]}"
5,5,0.5468759042732658,"{""type"":""MultiPoint"",""coordinates"":[]}"
6,6,0.6456070749790987,"{""type"":""MultiPoint"",""coordinates"":[]}"
7,7,0.7451258753964499,"{""type"":""MultiPoint"",""coordinates"":[]}"
8,8,0.8419415648248311,"{""type"":""MultiPoint"",""coordinates"":[]}"
9,9,0.9407295669870624,"{""type"":""MultiPoint"",""coordinates"":[]}"
