system:index,class,mean,.geo
0,0,0.024097660294219905,"{""type"":""MultiPoint"",""coordinates"":[]}"
1,1,0.14721778103885466,"{""type"":""MultiPoint"",""coordinates"":[]}"
2,2,0.24901568744118605,"{""type"":""MultiPoint"",""coordinates"":[]}"
3,3,0.34993081555783206,"{""type"":""MultiPoint"",""coordinates"":[]}"
4,4,0.44618680274027156,"{""type"":""MultiPoint"",""coordinates"":[]}"
5,5,0.5494699307688724,"{""type"":""MultiPoint"",""coordinates"":[]}"
6,6,0.6501480505418673,"{""type"":""MultiPoint"",""coordinates"":[]}"
7,7,0.7521427024927372,"{""type"":""MultiPoint"",""coordinates"":[]}"
8,8,0.8507911498440508,"{""type"":""MultiPoint"",""coordinates"":[]}"
9,9,0.939959076011006,"{""type"":""MultiPoint"",""coordinates"":[]}"
