system:index,class,mean,.geo
0,0,0.020236720975718533,"{""type"":""MultiPoint"",""coordinates"":[]}"
1,1,0.14858310112429232,"{""type"":""MultiPoint"",""coordinates"":[]}"
2,2,0.25041887821871595,"{""type"":""MultiPoint"",""coordinates"":[]}"
3,3,0.349380294383198,"{""type"":""MultiPoint"",""coordinates"":[]}"
4,4,0.4489592416924757,"{""type"":""MultiPoint"",""coordinates"":[]}"
5,5,0.5525944096842567,"{""type"":""MultiPoint"",""coordinates"":[]}"
6,6,0.6492851683600229,"{""type"":""MultiPoint"",""coordinates"":[]}"
7,7,0.7479750804692354,"{""type"":""MultiPoint"",""coordinates"":[]}"
8,8,0.8491782939028553,"{""type"":""MultiPoint"",""coordinates"":[]}"
9,9,0.9375828732737358,"{""type"":""MultiPoint"",""coordinates"":[]}"
