system:index,class,mean,.geo
0,0,0.048135668163850266,"{""type"":""MultiPoint"",""coordinates"":[]}"
1,1,0.15297261600028986,"{""type"":""MultiPoint"",""coordinates"":[]}"
2,2,0.2476392758955049,"{""type"":""MultiPoint"",""coordinates"":[]}"
3,3,0.34827889761000236,"{""type"":""MultiPoint"",""coordinates"":[]}"
4,4,0.4485193201587623,"{""type"":""MultiPoint"",""coordinates"":[]}"
5,5,0.5479299041663398,"{""type"":""MultiPoint"",""coordinates"":[]}"
6,6,0.6457674788776808,"{""type"":""MultiPoint"",""coordinates"":[]}"
7,7,0.7441743308399502,"{""type"":""MultiPoint"",""coordinates"":[]}"
8,8,0.8460693746821202,"{""type"":""MultiPoint"",""coordinates"":[]}"
9,9,0.9475303077243211,"{""type"":""MultiPoint"",""coordinates"":[]}"
