system:index,class,mean,.geo
0,0,0.02651222618975744,"{""type"":""MultiPoint"",""coordinates"":[]}"
1,1,0.1483582011625192,"{""type"":""MultiPoint"",""coordinates"":[]}"
2,2,0.2453964385538816,"{""type"":""MultiPoint"",""coordinates"":[]}"
3,3,0.34915704054273744,"{""type"":""MultiPoint"",""coordinates"":[]}"
4,4,0.4494945285891418,"{""type"":""MultiPoint"",""coordinates"":[]}"
5,5,0.5508943378536659,"{""type"":""MultiPoint"",""coordinates"":[]}"
6,6,0.6495307711207083,"{""type"":""MultiPoint"",""coordinates"":[]}"
7,7,0.7513453404726643,"{""type"":""MultiPoint"",""coordinates"":[]}"
8,8,0.852402000202686,"{""type"":""MultiPoint"",""coordinates"":[]}"
9,9,0.9321072902311791,"{""type"":""MultiPoint"",""coordinates"":[]}"
