system:index,class,mean,.geo
0,0,0.05536345822493763,"{""type"":""MultiPoint"",""coordinates"":[]}"
1,1,0.14945704753679093,"{""type"":""MultiPoint"",""coordinates"":[]}"
2,2,0.24894240591081357,"{""type"":""MultiPoint"",""coordinates"":[]}"
3,3,0.34265409912000516,"{""type"":""MultiPoint"",""coordinates"":[]}"
4,4,0.4493149496059469,"{""type"":""MultiPoint"",""coordinates"":[]}"
5,5,0.5453465300599591,"{""type"":""MultiPoint"",""coordinates"":[]}"
6,6,0.6483252345390043,"{""type"":""MultiPoint"",""coordinates"":[]}"
7,7,0.7513178797481449,"{""type"":""MultiPoint"",""coordinates"":[]}"
8,8,0.8549002383608572,"{""type"":""MultiPoint"",""coordinates"":[]}"
9,9,0.9459135186611959,"{""type"":""MultiPoint"",""coordinates"":[]}"
