system:index,class,mean,.geo
0,0,0.0319047301929616,"{""type"":""MultiPoint"",""coordinates"":[]}"
1,1,0.14657484179883382,"{""type"":""MultiPoint"",""coordinates"":[]}"
2,2,0.24812454714748283,"{""type"":""MultiPoint"",""coordinates"":[]}"
3,3,0.3452725937158683,"{""type"":""MultiPoint"",""coordinates"":[]}"
4,4,0.44459967114262855,"{""type"":""MultiPoint"",""coordinates"":[]}"
5,5,0.5487637043682946,"{""type"":""MultiPoint"",""coordinates"":[]}"
6,6,0.6488561985141826,"{""type"":""MultiPoint"",""coordinates"":[]}"
7,7,0.7447259657692966,"{""type"":""MultiPoint"",""coordinates"":[]}"
8,8,0.8260067721321425,"{""type"":""MultiPoint"",""coordinates"":[]}"
9,9,,"{""type"":""MultiPoint"",""coordinates"":[]}"
