system:index,class,mean,.geo
0,0,0.022736659249517063,"{""type"":""MultiPoint"",""coordinates"":[]}"
1,1,0.14765105748974672,"{""type"":""MultiPoint"",""coordinates"":[]}"
2,2,0.25036449342478156,"{""type"":""MultiPoint"",""coordinates"":[]}"
3,3,0.34772740309502664,"{""type"":""MultiPoint"",""coordinates"":[]}"
4,4,0.44784534452777663,"{""type"":""MultiPoint"",""coordinates"":[]}"
5,5,0.5469171744611795,"{""type"":""MultiPoint"",""coordinates"":[]}"
6,6,0.6461971766503479,"{""type"":""MultiPoint"",""coordinates"":[]}"
7,7,0.7486763292759046,"{""type"":""MultiPoint"",""coordinates"":[]}"
8,8,0.8504995383088625,"{""type"":""MultiPoint"",""coordinates"":[]}"
9,9,0.9173755289571246,"{""type"":""MultiPoint"",""coordinates"":[]}"
