system:index,class,mean,.geo
0,0,0.029060442381760053,"{""type"":""MultiPoint"",""coordinates"":[]}"
1,1,0.15225383661156472,"{""type"":""MultiPoint"",""coordinates"":[]}"
2,2,0.24835515651117274,"{""type"":""MultiPoint"",""coordinates"":[]}"
3,3,0.350716599493829,"{""type"":""MultiPoint"",""coordinates"":[]}"
4,4,0.4517146682704055,"{""type"":""MultiPoint"",""coordinates"":[]}"
5,5,0.5464404720437738,"{""type"":""MultiPoint"",""coordinates"":[]}"
6,6,0.6386337494570025,"{""type"":""MultiPoint"",""coordinates"":[]}"
7,7,0.7409159797675645,"{""type"":""MultiPoint"",""coordinates"":[]}"
8,8,0.8454022581771443,"{""type"":""MultiPoint"",""coordinates"":[]}"
9,9,0.9058152413844011,"{""type"":""MultiPoint"",""coordinates"":[]}"
