system:index,class,mean,.geo
0,0,0.05734487636140892,"{""type"":""MultiPoint"",""coordinates"":[]}"
1,1,0.14140127902914149,"{""type"":""MultiPoint"",""coordinates"":[]}"
2,2,0.24742313483878836,"{""type"":""MultiPoint"",""coordinates"":[]}"
3,3,0.34910172343188695,"{""type"":""MultiPoint"",""coordinates"":[]}"
4,4,0.4504732550974167,"{""type"":""MultiPoint"",""coordinates"":[]}"
5,5,0.5502142549430501,"{""type"":""MultiPoint"",""coordinates"":[]}"
6,6,0.6527332554784733,"{""type"":""MultiPoint"",""coordinates"":[]}"
7,7,0.7544295849027611,"{""type"":""MultiPoint"",""coordinates"":[]}"
8,8,0.8515250495595176,"{""type"":""MultiPoint"",""coordinates"":[]}"
9,9,0.9200343609932269,"{""type"":""MultiPoint"",""coordinates"":[]}"
