system:index,class,mean,.geo
0,0,0.014581622187526311,"{""type"":""MultiPoint"",""coordinates"":[]}"
1,1,0.14731833389979068,"{""type"":""MultiPoint"",""coordinates"":[]}"
2,2,0.2485812636911515,"{""type"":""MultiPoint"",""coordinates"":[]}"
3,3,0.3479719981579148,"{""type"":""MultiPoint"",""coordinates"":[]}"
4,4,0.4513914679866429,"{""type"":""MultiPoint"",""coordinates"":[]}"
5,5,0.5500782913948407,"{""type"":""MultiPoint"",""coordinates"":[]}"
6,6,0.6510855709150052,"{""type"":""MultiPoint"",""coordinates"":[]}"
7,7,0.7505911347935301,"{""type"":""MultiPoint"",""coordinates"":[]}"
8,8,0.8545275412154344,"{""type"":""MultiPoint"",""coordinates"":[]}"
9,9,0.954602141458694,"{""type"":""MultiPoint"",""coordinates"":[]}"
