system:index,class,mean,.geo
0,0,0.04031642206796845,"{""type"":""MultiPoint"",""coordinates"":[]}"
1,1,0.145932841524786,"{""type"":""MultiPoint"",""coordinates"":[]}"
2,2,0.2464861547974888,"{""type"":""MultiPoint"",""coordinates"":[]}"
3,3,0.34979907983367164,"{""type"":""MultiPoint"",""coordinates"":[]}"
4,4,0.45207236589860506,"{""type"":""MultiPoint"",""coordinates"":[]}"
5,5,0.5427076826952211,"{""type"":""MultiPoint"",""coordinates"":[]}"
6,6,0.6419412246471792,"{""type"":""MultiPoint"",""coordinates"":[]}"
7,7,0.7503458905106228,"{""type"":""MultiPoint"",""coordinates"":[]}"
8,8,0.8593878721003618,"{""type"":""MultiPoint"",""coordinates"":[]}"
9,9,0.9199843943820473,"{""type"":""MultiPoint"",""coordinates"":[]}"
