system:index,class,mean,.geo
0,0,0.01712588802938158,"{""type"":""MultiPoint"",""coordinates"":[]}"
1,1,0.1486148604778213,"{""type"":""MultiPoint"",""coordinates"":[]}"
2,2,0.24818431701207808,"{""type"":""MultiPoint"",""coordinates"":[]}"
3,3,0.3474147844778335,"{""type"":""MultiPoint"",""coordinates"":[]}"
4,4,0.448157158674949,"{""type"":""MultiPoint"",""coordinates"":[]}"
5,5,0.550344205628482,"{""type"":""MultiPoint"",""coordinates"":[]}"
6,6,0.6494508851345027,"{""type"":""MultiPoint"",""coordinates"":[]}"
7,7,0.7490214557001068,"{""type"":""MultiPoint"",""coordinates"":[]}"
8,8,0.8532869958194025,"{""type"":""MultiPoint"",""coordinates"":[]}"
9,9,0.9495117656482635,"{""type"":""MultiPoint"",""coordinates"":[]}"
