system:index,class,mean,.geo
0,0,0.04357701925512934,"{""type"":""MultiPoint"",""coordinates"":[]}"
1,1,0.14611732678385747,"{""type"":""MultiPoint"",""coordinates"":[]}"
2,2,0.24983544654597967,"{""type"":""MultiPoint"",""coordinates"":[]}"
3,3,0.3523522003324304,"{""type"":""MultiPoint"",""coordinates"":[]}"
4,4,0.4462263487012771,"{""type"":""MultiPoint"",""coordinates"":[]}"
5,5,0.5500608654146478,"{""type"":""MultiPoint"",""coordinates"":[]}"
6,6,0.6545905701049961,"{""type"":""MultiPoint"",""coordinates"":[]}"
7,7,0.7489966483351457,"{""type"":""MultiPoint"",""coordinates"":[]}"
8,8,0.8452578576468167,"{""type"":""MultiPoint"",""coordinates"":[]}"
9,9,0.9203891345519588,"{""type"":""MultiPoint"",""coordinates"":[]}"
