system:index,class,mean,.geo
0,0,0.018693092018064975,"{""type"":""MultiPoint"",""coordinates"":[]}"
1,1,0.14976346423279419,"{""type"":""MultiPoint"",""coordinates"":[]}"
2,2,0.2477064304484273,"{""type"":""MultiPoint"",""coordinates"":[]}"
3,3,0.3467915596852404,"{""type"":""MultiPoint"",""coordinates"":[]}"
4,4,0.448268836077827,"{""type"":""MultiPoint"",""coordinates"":[]}"
5,5,0.5517063909602555,"{""type"":""MultiPoint"",""coordinates"":[]}"
6,6,0.650289151986152,"{""type"":""MultiPoint"",""coordinates"":[]}"
7,7,0.7510380017337424,"{""type"":""MultiPoint"",""coordinates"":[]}"
8,8,0.8482065026765915,"{""type"":""MultiPoint"",""coordinates"":[]}"
9,9,0.9613084226295676,"{""type"":""MultiPoint"",""coordinates"":[]}"
