system:index,class,mean,.geo
0,0,0.031253074817878757,"{""type"":""MultiPoint"",""coordinates"":[]}"
1,1,0.14690299131937987,"{""type"":""MultiPoint"",""coordinates"":[]}"
2,2,0.24544770218212741,"{""type"":""MultiPoint"",""coordinates"":[]}"
3,3,0.34589216037190496,"{""type"":""MultiPoint"",""coordinates"":[]}"
4,4,0.4477655313848751,"{""type"":""MultiPoint"",""coordinates"":[]}"
5,5,0.5464728138515424,"{""type"":""MultiPoint"",""coordinates"":[]}"
6,6,0.6422296747448168,"{""type"":""MultiPoint"",""coordinates"":[]}"
7,7,0.753720929356391,"{""type"":""MultiPoint"",""coordinates"":[]}"
8,8,0.8139639589685121,"{""type"":""MultiPoint"",""coordinates"":[]}"
9,9,,"{""type"":""MultiPoint"",""coordinates"":[]}"
