system:index,class,mean,.geo
0,0,0.02910456496262223,"{""type"":""MultiPoint"",""coordinates"":[]}"
1,1,0.14466845186902794,"{""type"":""MultiPoint"",""coordinates"":[]}"
2,2,0.24875537371364778,"{""type"":""MultiPoint"",""coordinates"":[]}"
3,3,0.3480479780981252,"{""type"":""MultiPoint"",""coordinates"":[]}"
4,4,0.45015283151560687,"{""type"":""MultiPoint"",""coordinates"":[]}"
5,5,0.5455620002160043,"{""type"":""MultiPoint"",""coordinates"":[]}"
6,6,0.6477313765853858,"{""type"":""MultiPoint"",""coordinates"":[]}"
7,7,0.7461579165869751,"{""type"":""MultiPoint"",""coordinates"":[]}"
8,8,0.8464845834063253,"{""type"":""MultiPoint"",""coordinates"":[]}"
9,9,0.9334119208106019,"{""type"":""MultiPoint"",""coordinates"":[]}"
