system:index,class,mean,.geo
0,0,0.05211616184348524,"{""type"":""MultiPoint"",""coordinates"":[]}"
1,1,0.1501050718668479,"{""type"":""MultiPoint"",""coordinates"":[]}"
2,2,0.2504525630978369,"{""type"":""MultiPoint"",""coordinates"":[]}"
3,3,0.3500615239251024,"{""type"":""MultiPoint"",""coordinates"":[]}"
4,4,0.44717764058265286,"{""type"":""MultiPoint"",""coordinates"":[]}"
5,5,0.5453377696961844,"{""type"":""MultiPoint"",""coordinates"":[]}"
6,6,0.6499608400199265,"{""type"":""MultiPoint"",""coordinates"":[]}"
7,7,0.7468925876086913,"{""type"":""MultiPoint"",""coordinates"":[]}"
8,8,0.8502669165697359,"{""type"":""MultiPoint"",""coordinates"":[]}"
9,9,0.9396752669583972,"{""type"":""MultiPoint"",""coordinates"":[]}"
