system:index,class,mean,.geo
0,0,0.030927516602674926,"{""type"":""MultiPoint"",""coordinates"":[]}"
1,1,0.14560305168189314,"{""type"":""MultiPoint"",""coordinates"":[]}"
2,2,0.25037737308904734,"{""type"":""MultiPoint"",""coordinates"":[]}"
3,3,0.34947860515127627,"{""type"":""MultiPoint"",""coordinates"":[]}"
4,4,0.4464942465755395,"{""type"":""MultiPoint"",""coordinates"":[]}"
5,5,0.5470479681406353,"{""type"":""MultiPoint"",""coordinates"":[]}"
6,6,0.6414478955538737,"{""type"":""MultiPoint"",""coordinates"":[]}"
7,7,0.7455284830982636,"{""type"":""MultiPoint"",""coordinates"":[]}"
8,8,0.8481872626795156,"{""type"":""MultiPoint"",""coordinates"":[]}"
9,9,0.911717816854024,"{""type"":""MultiPoint"",""coordinates"":[]}"
