system:index,class,mean,.geo
0,0,0.029829550705630682,"{""type"":""MultiPoint"",""coordinates"":[]}"
1,1,0.14890609970020752,"{""type"":""MultiPoint"",""coordinates"":[]}"
2,2,0.2469611959981186,"{""type"":""MultiPoint"",""coordinates"":[]}"
3,3,0.3488088237441797,"{""type"":""MultiPoint"",""coordinates"":[]}"
4,4,0.44926210519998944,"{""type"":""MultiPoint"",""coordinates"":[]}"
5,5,0.5494453231491687,"{""type"":""MultiPoint"",""coordinates"":[]}"
6,6,0.6484368512554213,"{""type"":""MultiPoint"",""coordinates"":[]}"
7,7,0.7482097964047059,"{""type"":""MultiPoint"",""coordinates"":[]}"
8,8,0.8471130148702183,"{""type"":""MultiPoint"",""coordinates"":[]}"
9,9,0.949365258027736,"{""type"":""MultiPoint"",""coordinates"":[]}"
