system:index,class,mean,.geo
0,0,0.0698812917228189,"{""type"":""MultiPoint"",""coordinates"":[]}"
1,1,0.15200405245457116,"{""type"":""MultiPoint"",""coordinates"":[]}"
2,2,0.24615858118055867,"{""type"":""MultiPoint"",""coordinates"":[]}"
3,3,0.3469300884995167,"{""type"":""MultiPoint"",""coordinates"":[]}"
4,4,0.444695330534321,"{""type"":""MultiPoint"",""coordinates"":[]}"
5,5,0.547746955443381,"{""type"":""MultiPoint"",""coordinates"":[]}"
6,6,0.6506679282017724,"{""type"":""MultiPoint"",""coordinates"":[]}"
7,7,0.7538215832941205,"{""type"":""MultiPoint"",""coordinates"":[]}"
8,8,0.8388383179678293,"{""type"":""MultiPoint"",""coordinates"":[]}"
9,9,0.9518219666107518,"{""type"":""MultiPoint"",""coordinates"":[]}"
