system:index,class,mean,.geo
0,0,0.0708569683713255,"{""type"":""MultiPoint"",""coordinates"":[]}"
1,1,0.1567377522123571,"{""type"":""MultiPoint"",""coordinates"":[]}"
2,2,0.2457960453325906,"{""type"":""MultiPoint"",""coordinates"":[]}"
3,3,0.34795553906227034,"{""type"":""MultiPoint"",""coordinates"":[]}"
4,4,0.4486931882176048,"{""type"":""MultiPoint"",""coordinates"":[]}"
5,5,0.5530485896129498,"{""type"":""MultiPoint"",""coordinates"":[]}"
6,6,0.6539276853009449,"{""type"":""MultiPoint"",""coordinates"":[]}"
7,7,0.7405259137384631,"{""type"":""MultiPoint"",""coordinates"":[]}"
8,8,0.8306760754502385,"{""type"":""MultiPoint"",""coordinates"":[]}"
9,9,,"{""type"":""MultiPoint"",""coordinates"":[]}"
