system:index,class,mean,.geo
0,0,0.032026044368176056,"{""type"":""MultiPoint"",""coordinates"":[]}"
1,1,0.1455570940461151,"{""type"":""MultiPoint"",""coordinates"":[]}"
2,2,0.24602672548784243,"{""type"":""MultiPoint"",""coordinates"":[]}"
3,3,0.3494989711423599,"{""type"":""MultiPoint"",""coordinates"":[]}"
4,4,0.4446542799856378,"{""type"":""MultiPoint"",""coordinates"":[]}"
5,5,0.5470294292567639,"{""type"":""MultiPoint"",""coordinates"":[]}"
6,6,0.6457170791500217,"{""type"":""MultiPoint"",""coordinates"":[]}"
7,7,0.7420934828573366,"{""type"":""MultiPoint"",""coordinates"":[]}"
8,8,0.8400077301247422,"{""type"":""MultiPoint"",""coordinates"":[]}"
9,9,0.9134561885257196,"{""type"":""MultiPoint"",""coordinates"":[]}"
