system:index,class,mean,.geo
0,0,0.04351680444123633,"{""type"":""MultiPoint"",""coordinates"":[]}"
1,1,0.14617557103285353,"{""type"":""MultiPoint"",""coordinates"":[]}"
2,2,0.2470299327354061,"{""type"":""MultiPoint"",""coordinates"":[]}"
3,3,0.34841403362033463,"{""type"":""MultiPoint"",""coordinates"":[]}"
4,4,0.4483298001084256,"{""type"":""MultiPoint"",""coordinates"":[]}"
5,5,0.5510604120244649,"{""type"":""MultiPoint"",""coordinates"":[]}"
6,6,0.6508012076124824,"{""type"":""MultiPoint"",""coordinates"":[]}"
7,7,0.7507361521261143,"{""type"":""MultiPoint"",""coordinates"":[]}"
8,8,0.851805014527746,"{""type"":""MultiPoint"",""coordinates"":[]}"
9,9,0.9446730317148946,"{""type"":""MultiPoint"",""coordinates"":[]}"
