system:index,class,mean,.geo
0,0,0.019068095526833757,"{""type"":""MultiPoint"",""coordinates"":[]}"
1,1,0.14845593847220948,"{""type"":""MultiPoint"",""coordinates"":[]}"
2,2,0.24955815423693986,"{""type"":""MultiPoint"",""coordinates"":[]}"
3,3,0.34965538385257244,"{""type"":""MultiPoint"",""coordinates"":[]}"
4,4,0.44911063356901454,"{""type"":""MultiPoint"",""coordinates"":[]}"
5,5,0.5490779440007506,"{""type"":""MultiPoint"",""coordinates"":[]}"
6,6,0.6496045703532918,"{""type"":""MultiPoint"",""coordinates"":[]}"
7,7,0.7498192139969657,"{""type"":""MultiPoint"",""coordinates"":[]}"
8,8,0.8482597291815038,"{""type"":""MultiPoint"",""coordinates"":[]}"
9,9,0.9304307215539076,"{""type"":""MultiPoint"",""coordinates"":[]}"
