system:index,class,mean,.geo
0,0,0.07286078870021435,"{""type"":""MultiPoint"",""coordinates"":[]}"
1,1,0.15696458654544196,"{""type"":""MultiPoint"",""coordinates"":[]}"
2,2,0.24374419979117573,"{""type"":""MultiPoint"",""coordinates"":[]}"
3,3,0.3500691085044551,"{""type"":""MultiPoint"",""coordinates"":[]}"
4,4,0.4440106918833023,"{""type"":""MultiPoint"",""coordinates"":[]}"
5,5,0.552260486313448,"{""type"":""MultiPoint"",""coordinates"":[]}"
6,6,0.6466838723747602,"{""type"":""MultiPoint"",""coordinates"":[]}"
7,7,0.7459067612980371,"{""type"":""MultiPoint"",""coordinates"":[]}"
8,8,0.8510110056636353,"{""type"":""MultiPoint"",""coordinates"":[]}"
9,9,0.9524782633281229,"{""type"":""MultiPoint"",""coordinates"":[]}"
