system:index,class,mean,.geo
0,0,0.0576747915324136,"{""type"":""MultiPoint"",""coordinates"":[]}"
1,1,0.14951668058900672,"{""type"":""MultiPoint"",""coordinates"":[]}"
2,2,0.2470340141287156,"{""type"":""MultiPoint"",""coordinates"":[]}"
3,3,0.34388246149372553,"{""type"":""MultiPoint"",""coordinates"":[]}"
4,4,0.44003897406968345,"{""type"":""MultiPoint"",""coordinates"":[]}"
5,5,0.5374611946058822,"{""type"":""MultiPoint"",""coordinates"":[]}"
6,6,0.6395237782849993,"{""type"":""MultiPoint"",""coordinates"":[]}"
7,7,0.7367987434555057,"{""type"":""MultiPoint"",""coordinates"":[]}"
8,8,0.8429116744544052,"{""type"":""MultiPoint"",""coordinates"":[]}"
9,9,0.9317947708954337,"{""type"":""MultiPoint"",""coordinates"":[]}"
