system:index,class,mean,.geo
0,0,0.02674315801895555,"{""type"":""MultiPoint"",""coordinates"":[]}"
1,1,0.14938005833438292,"{""type"":""MultiPoint"",""coordinates"":[]}"
2,2,0.24701007055663302,"{""type"":""MultiPoint"",""coordinates"":[]}"
3,3,0.3478489386360443,"{""type"":""MultiPoint"",""coordinates"":[]}"
4,4,0.44873560212651575,"{""type"":""MultiPoint"",""coordinates"":[]}"
5,5,0.5529168782911416,"{""type"":""MultiPoint"",""coordinates"":[]}"
6,6,0.6500365173219391,"{""type"":""MultiPoint"",""coordinates"":[]}"
7,7,0.7440982537832748,"{""type"":""MultiPoint"",""coordinates"":[]}"
8,8,0.8411582081951923,"{""type"":""MultiPoint"",""coordinates"":[]}"
9,9,0.9094606670882805,"{""type"":""MultiPoint"",""coordinates"":[]}"
