system:index,class,mean,.geo
0,0,0.01967267632436124,"{""type"":""MultiPoint"",""coordinates"":[]}"
1,1,0.14865188707329777,"{""type"":""MultiPoint"",""coordinates"":[]}"
2,2,0.25031672170066493,"{""type"":""MultiPoint"",""coordinates"":[]}"
3,3,0.3471119919269902,"{""type"":""MultiPoint"",""coordinates"":[]}"
4,4,0.4504681000708845,"{""type"":""MultiPoint"",""coordinates"":[]}"
5,5,0.5482752221814333,"{""type"":""MultiPoint"",""coordinates"":[]}"
6,6,0.6493284455216567,"{""type"":""MultiPoint"",""coordinates"":[]}"
7,7,0.7469294664688714,"{""type"":""MultiPoint"",""coordinates"":[]}"
8,8,0.8474957450185062,"{""type"":""MultiPoint"",""coordinates"":[]}"
9,9,0.9385216743974065,"{""type"":""MultiPoint"",""coordinates"":[]}"
