system:index,class,mean,.geo
0,0,0.027809008487067407,"{""type"":""MultiPoint"",""coordinates"":[]}"
1,1,0.1463508890665603,"{""type"":""MultiPoint"",""coordinates"":[]}"
2,2,0.2470026905947965,"{""type"":""MultiPoint"",""coordinates"":[]}"
3,3,0.34801663158300933,"{""type"":""MultiPoint"",""coordinates"":[]}"
4,4,0.45034364670043664,"{""type"":""MultiPoint"",""coordinates"":[]}"
5,5,0.5519029793781949,"{""type"":""MultiPoint"",""coordinates"":[]}"
6,6,0.6502911803385373,"{""type"":""MultiPoint"",""coordinates"":[]}"
7,7,0.7495810748340941,"{""type"":""MultiPoint"",""coordinates"":[]}"
8,8,0.8524520493134141,"{""type"":""MultiPoint"",""coordinates"":[]}"
9,9,0.9386349819358567,"{""type"":""MultiPoint"",""coordinates"":[]}"
