system:index,class,mean,.geo
0,0,0.030455137500032127,"{""type"":""MultiPoint"",""coordinates"":[]}"
1,1,0.14542833594712895,"{""type"":""MultiPoint"",""coordinates"":[]}"
2,2,0.24792897341446687,"{""type"":""MultiPoint"",""coordinates"":[]}"
3,3,0.3476049738519823,"{""type"":""MultiPoint"",""coordinates"":[]}"
4,4,0.4490411517240572,"{""type"":""MultiPoint"",""coordinates"":[]}"
5,5,0.5474487770011263,"{""type"":""MultiPoint"",""coordinates"":[]}"
6,6,0.6465692604922308,"{""type"":""MultiPoint"",""coordinates"":[]}"
7,7,0.7432244140790893,"{""type"":""MultiPoint"",""coordinates"":[]}"
8,8,0.8446248808492467,"{""type"":""MultiPoint"",""coordinates"":[]}"
9,9,0.9051540171235453,"{""type"":""MultiPoint"",""coordinates"":[]}"
