system:index,class,mean,.geo
0,0,0.03426582481412263,"{""type"":""MultiPoint"",""coordinates"":[]}"
1,1,0.149696355462744,"{""type"":""MultiPoint"",""coordinates"":[]}"
2,2,0.25388497112156305,"{""type"":""MultiPoint"",""coordinates"":[]}"
3,3,0.34655736340888915,"{""type"":""MultiPoint"",""coordinates"":[]}"
4,4,0.4528712818179543,"{""type"":""MultiPoint"",""coordinates"":[]}"
5,5,0.5477651332278045,"{""type"":""MultiPoint"",""coordinates"":[]}"
6,6,0.6394431534084286,"{""type"":""MultiPoint"",""coordinates"":[]}"
7,7,0.7516361079162917,"{""type"":""MultiPoint"",""coordinates"":[]}"
8,8,0.8365138932901457,"{""type"":""MultiPoint"",""coordinates"":[]}"
9,9,0.9029219175921497,"{""type"":""MultiPoint"",""coordinates"":[]}"
