system:index,class,mean,.geo
0,0,0.030866656617822993,"{""type"":""MultiPoint"",""coordinates"":[]}"
1,1,0.1521229790432562,"{""type"":""MultiPoint"",""coordinates"":[]}"
2,2,0.2447692210484107,"{""type"":""MultiPoint"",""coordinates"":[]}"
3,3,0.34521148156504317,"{""type"":""MultiPoint"",""coordinates"":[]}"
4,4,0.4461022060306518,"{""type"":""MultiPoint"",""coordinates"":[]}"
5,5,0.545360619129759,"{""type"":""MultiPoint"",""coordinates"":[]}"
6,6,0.6488043528757453,"{""type"":""MultiPoint"",""coordinates"":[]}"
7,7,0.745610131948122,"{""type"":""MultiPoint"",""coordinates"":[]}"
8,8,0.8481107229050776,"{""type"":""MultiPoint"",""coordinates"":[]}"
9,9,0.9294670894402571,"{""type"":""MultiPoint"",""coordinates"":[]}"
