system:index,class,mean,.geo
0,0,0.030316272956850184,"{""type"":""MultiPoint"",""coordinates"":[]}"
1,1,0.14865521236309498,"{""type"":""MultiPoint"",""coordinates"":[]}"
2,2,0.24618769522935127,"{""type"":""MultiPoint"",""coordinates"":[]}"
3,3,0.3507089485298178,"{""type"":""MultiPoint"",""coordinates"":[]}"
4,4,0.44698931921069524,"{""type"":""MultiPoint"",""coordinates"":[]}"
5,5,0.5477248614102845,"{""type"":""MultiPoint"",""coordinates"":[]}"
6,6,0.6464411890894647,"{""type"":""MultiPoint"",""coordinates"":[]}"
7,7,0.7480123035367094,"{""type"":""MultiPoint"",""coordinates"":[]}"
8,8,0.8484460082470469,"{""type"":""MultiPoint"",""coordinates"":[]}"
9,9,0.9394410130871087,"{""type"":""MultiPoint"",""coordinates"":[]}"
