system:index,class,mean,.geo
0,0,0.04149572741038441,"{""type"":""MultiPoint"",""coordinates"":[]}"
1,1,0.15127363098272129,"{""type"":""MultiPoint"",""coordinates"":[]}"
2,2,0.24376264257737848,"{""type"":""MultiPoint"",""coordinates"":[]}"
3,3,0.34865963821756424,"{""type"":""MultiPoint"",""coordinates"":[]}"
4,4,0.44763583175990396,"{""type"":""MultiPoint"",""coordinates"":[]}"
5,5,0.5505403174517045,"{""type"":""MultiPoint"",""coordinates"":[]}"
6,6,0.6440856048146555,"{""type"":""MultiPoint"",""coordinates"":[]}"
7,7,0.7530037327953576,"{""type"":""MultiPoint"",""coordinates"":[]}"
8,8,0.8331296494154646,"{""type"":""MultiPoint"",""coordinates"":[]}"
9,9,0.9147797046924673,"{""type"":""MultiPoint"",""coordinates"":[]}"
