system:index,class,mean,.geo
0,0,0.02505953491414101,"{""type"":""MultiPoint"",""coordinates"":[]}"
1,1,0.14545039125483145,"{""type"":""MultiPoint"",""coordinates"":[]}"
2,2,0.25241458732900895,"{""type"":""MultiPoint"",""coordinates"":[]}"
3,3,0.3503812589462444,"{""type"":""MultiPoint"",""coordinates"":[]}"
4,4,0.4477396825280437,"{""type"":""MultiPoint"",""coordinates"":[]}"
5,5,0.552484534950091,"{""type"":""MultiPoint"",""coordinates"":[]}"
6,6,0.6491670989672232,"{""type"":""MultiPoint"",""coordinates"":[]}"
7,7,0.7499219506498345,"{""type"":""MultiPoint"",""coordinates"":[]}"
8,8,0.8498918794214594,"{""type"":""MultiPoint"",""coordinates"":[]}"
9,9,0.9521364189089506,"{""type"":""MultiPoint"",""coordinates"":[]}"
