system:index,class,mean,.geo
0,0,0.024588313404077935,"{""type"":""MultiPoint"",""coordinates"":[]}"
1,1,0.15243022045187454,"{""type"":""MultiPoint"",""coordinates"":[]}"
2,2,0.2502520260444945,"{""type"":""MultiPoint"",""coordinates"":[]}"
3,3,0.35170561652061,"{""type"":""MultiPoint"",""coordinates"":[]}"
4,4,0.45005282638541044,"{""type"":""MultiPoint"",""coordinates"":[]}"
5,5,0.549439042460775,"{""type"":""MultiPoint"",""coordinates"":[]}"
6,6,0.6473297380648412,"{""type"":""MultiPoint"",""coordinates"":[]}"
7,7,0.7506793496518971,"{""type"":""MultiPoint"",""coordinates"":[]}"
8,8,0.8503049824347626,"{""type"":""MultiPoint"",""coordinates"":[]}"
9,9,0.9193182359595132,"{""type"":""MultiPoint"",""coordinates"":[]}"
