system:index,class,mean,.geo
0,0,0.02301154940882953,"{""type"":""MultiPoint"",""coordinates"":[]}"
1,1,0.14718183284772993,"{""type"":""MultiPoint"",""coordinates"":[]}"
2,2,0.25025283209961197,"{""type"":""MultiPoint"",""coordinates"":[]}"
3,3,0.3510576981885578,"{""type"":""MultiPoint"",""coordinates"":[]}"
4,4,0.4487228084938757,"{""type"":""MultiPoint"",""coordinates"":[]}"
5,5,0.5504061528706427,"{""type"":""MultiPoint"",""coordinates"":[]}"
6,6,0.6514918251025407,"{""type"":""MultiPoint"",""coordinates"":[]}"
7,7,0.7511844981567947,"{""type"":""MultiPoint"",""coordinates"":[]}"
8,8,0.8555169782162685,"{""type"":""MultiPoint"",""coordinates"":[]}"
9,9,0.9368202434263166,"{""type"":""MultiPoint"",""coordinates"":[]}"
