system:index,class,mean,.geo
0,0,0.039209319258061225,"{""type"":""MultiPoint"",""coordinates"":[]}"
1,1,0.145013035402246,"{""type"":""MultiPoint"",""coordinates"":[]}"
2,2,0.24903611768004397,"{""type"":""MultiPoint"",""coordinates"":[]}"
3,3,0.34904380001854546,"{""type"":""MultiPoint"",""coordinates"":[]}"
4,4,0.4465445977219075,"{""type"":""MultiPoint"",""coordinates"":[]}"
5,5,0.5468807290375987,"{""type"":""MultiPoint"",""coordinates"":[]}"
6,6,0.649748863203862,"{""type"":""MultiPoint"",""coordinates"":[]}"
7,7,0.748033653452052,"{""type"":""MultiPoint"",""coordinates"":[]}"
8,8,0.8478755710830969,"{""type"":""MultiPoint"",""coordinates"":[]}"
9,9,0.9434640481325476,"{""type"":""MultiPoint"",""coordinates"":[]}"
