system:index,class,mean,.geo
0,0,0.020546994765329455,"{""type"":""MultiPoint"",""coordinates"":[]}"
1,1,0.14657027898470817,"{""type"":""MultiPoint"",""coordinates"":[]}"
2,2,0.24836579891058083,"{""type"":""MultiPoint"",""coordinates"":[]}"
3,3,0.34882228824077394,"{""type"":""MultiPoint"",""coordinates"":[]}"
4,4,0.44813355539382554,"{""type"":""MultiPoint"",""coordinates"":[]}"
5,5,0.5501540459577069,"{""type"":""MultiPoint"",""coordinates"":[]}"
6,6,0.6505370716943095,"{""type"":""MultiPoint"",""coordinates"":[]}"
7,7,0.7496715024224868,"{""type"":""MultiPoint"",""coordinates"":[]}"
8,8,0.8430286283687006,"{""type"":""MultiPoint"",""coordinates"":[]}"
9,9,0.9263449363024073,"{""type"":""MultiPoint"",""coordinates"":[]}"
