system:index,class,mean,.geo
0,0,0.05244194010747241,"{""type"":""MultiPoint"",""coordinates"":[]}"
1,1,0.14983523529803536,"{""type"":""MultiPoint"",""coordinates"":[]}"
2,2,0.24882219901996197,"{""type"":""MultiPoint"",""coordinates"":[]}"
3,3,0.34868251893225927,"{""type"":""MultiPoint"",""coordinates"":[]}"
4,4,0.44478331389817155,"{""type"":""MultiPoint"",""coordinates"":[]}"
5,5,0.5454102708489507,"{""type"":""MultiPoint"",""coordinates"":[]}"
6,6,0.6421131160725084,"{""type"":""MultiPoint"",""coordinates"":[]}"
7,7,0.748795275800711,"{""type"":""MultiPoint"",""coordinates"":[]}"
8,8,0.8530766358064976,"{""type"":""MultiPoint"",""coordinates"":[]}"
9,9,0.951588885653016,"{""type"":""MultiPoint"",""coordinates"":[]}"
