system:index,class,mean,.geo
0,0,0.014249767081307117,"{""type"":""MultiPoint"",""coordinates"":[]}"
1,1,0.14586590272006755,"{""type"":""MultiPoint"",""coordinates"":[]}"
2,2,0.24763799902994915,"{""type"":""MultiPoint"",""coordinates"":[]}"
3,3,0.34791679111188845,"{""type"":""MultiPoint"",""coordinates"":[]}"
4,4,0.44886163435198123,"{""type"":""MultiPoint"",""coordinates"":[]}"
5,5,0.5512040575018549,"{""type"":""MultiPoint"",""coordinates"":[]}"
6,6,0.6523908124941535,"{""type"":""MultiPoint"",""coordinates"":[]}"
7,7,0.7510408974322467,"{""type"":""MultiPoint"",""coordinates"":[]}"
8,8,0.8502514782454921,"{""type"":""MultiPoint"",""coordinates"":[]}"
9,9,0.9221900100474428,"{""type"":""MultiPoint"",""coordinates"":[]}"
