system:index,class,mean,.geo
0,0,0.030377149194064753,"{""type"":""MultiPoint"",""coordinates"":[]}"
1,1,0.14767203062378303,"{""type"":""MultiPoint"",""coordinates"":[]}"
2,2,0.24889830334103794,"{""type"":""MultiPoint"",""coordinates"":[]}"
3,3,0.3474925689479383,"{""type"":""MultiPoint"",""coordinates"":[]}"
4,4,0.44948121483795334,"{""type"":""MultiPoint"",""coordinates"":[]}"
5,5,0.548924869984245,"{""type"":""MultiPoint"",""coordinates"":[]}"
6,6,0.6491356122563887,"{""type"":""MultiPoint"",""coordinates"":[]}"
7,7,0.7504254077031991,"{""type"":""MultiPoint"",""coordinates"":[]}"
8,8,0.8545978678293147,"{""type"":""MultiPoint"",""coordinates"":[]}"
9,9,0.9562931307714992,"{""type"":""MultiPoint"",""coordinates"":[]}"
