system:index,class,mean,.geo
0,0,0.023472002925955228,"{""type"":""MultiPoint"",""coordinates"":[]}"
1,1,0.14510210471137028,"{""type"":""MultiPoint"",""coordinates"":[]}"
2,2,0.2500637646224281,"{""type"":""MultiPoint"",""coordinates"":[]}"
3,3,0.3478845240169682,"{""type"":""MultiPoint"",""coordinates"":[]}"
4,4,0.4490675601322934,"{""type"":""MultiPoint"",""coordinates"":[]}"
5,5,0.5528463226615281,"{""type"":""MultiPoint"",""coordinates"":[]}"
6,6,0.6488218385560167,"{""type"":""MultiPoint"",""coordinates"":[]}"
7,7,0.7540923611164051,"{""type"":""MultiPoint"",""coordinates"":[]}"
8,8,0.8500443863508926,"{""type"":""MultiPoint"",""coordinates"":[]}"
9,9,0.9123688969697845,"{""type"":""MultiPoint"",""coordinates"":[]}"
