system:index,class,mean,.geo
0,0,0.07201875604902669,"{""type"":""MultiPoint"",""coordinates"":[]}"
1,1,0.1544192162323465,"{""type"":""MultiPoint"",""coordinates"":[]}"
2,2,0.2442494410039179,"{""type"":""MultiPoint"",""coordinates"":[]}"
3,3,0.34277234727378786,"{""type"":""MultiPoint"",""coordinates"":[]}"
4,4,0.4446111657521232,"{""type"":""MultiPoint"",""coordinates"":[]}"
5,5,0.5439526886053713,"{""type"":""MultiPoint"",""coordinates"":[]}"
6,6,0.6461915252723771,"{""type"":""MultiPoint"",""coordinates"":[]}"
7,7,0.7447874977196699,"{""type"":""MultiPoint"",""coordinates"":[]}"
8,8,0.8478507596624703,"{""type"":""MultiPoint"",""coordinates"":[]}"
9,9,0.9445160072630572,"{""type"":""MultiPoint"",""coordinates"":[]}"
