system:index,class,mean,.geo
0,0,0.028533693999697397,"{""type"":""MultiPoint"",""coordinates"":[]}"
1,1,0.14668031795338712,"{""type"":""MultiPoint"",""coordinates"":[]}"
2,2,0.24631127209592077,"{""type"":""MultiPoint"",""coordinates"":[]}"
3,3,0.3503003354840754,"{""type"":""MultiPoint"",""coordinates"":[]}"
4,4,0.4436471808071338,"{""type"":""MultiPoint"",""coordinates"":[]}"
5,5,0.549264372287658,"{""type"":""MultiPoint"",""coordinates"":[]}"
6,6,0.6439951197947579,"{""type"":""MultiPoint"",""coordinates"":[]}"
7,7,0.7503773116243403,"{""type"":""MultiPoint"",""coordinates"":[]}"
8,8,0.8532734082159179,"{""type"":""MultiPoint"",""coordinates"":[]}"
9,9,0.9506735100301019,"{""type"":""MultiPoint"",""coordinates"":[]}"
