system:index,class,mean,.geo
0,0,0.02879311554495465,"{""type"":""MultiPoint"",""coordinates"":[]}"
1,1,0.14888106220537098,"{""type"":""MultiPoint"",""coordinates"":[]}"
2,2,0.2457915695677105,"{""type"":""MultiPoint"",""coordinates"":[]}"
3,3,0.347405544047208,"{""type"":""MultiPoint"",""coordinates"":[]}"
4,4,0.44736996403929613,"{""type"":""MultiPoint"",""coordinates"":[]}"
5,5,0.5466601836958509,"{""type"":""MultiPoint"",""coordinates"":[]}"
6,6,0.6497331358379228,"{""type"":""MultiPoint"",""coordinates"":[]}"
7,7,0.7492190961096096,"{""type"":""MultiPoint"",""coordinates"":[]}"
8,8,0.848230913757572,"{""type"":""MultiPoint"",""coordinates"":[]}"
9,9,0.9401815653069615,"{""type"":""MultiPoint"",""coordinates"":[]}"
