system:index,class,mean,.geo
0,0,0.06400602324813713,"{""type"":""MultiPoint"",""coordinates"":[]}"
1,1,0.143973990664572,"{""type"":""MultiPoint"",""coordinates"":[]}"
2,2,0.24585681853193983,"{""type"":""MultiPoint"",""coordinates"":[]}"
3,3,0.3489979270272649,"{""type"":""MultiPoint"",""coordinates"":[]}"
4,4,0.4474275595007624,"{""type"":""MultiPoint"",""coordinates"":[]}"
5,5,0.5497064164592155,"{""type"":""MultiPoint"",""coordinates"":[]}"
6,6,0.6519876375887814,"{""type"":""MultiPoint"",""coordinates"":[]}"
7,7,0.7538757232018336,"{""type"":""MultiPoint"",""coordinates"":[]}"
8,8,0.8488686203376656,"{""type"":""MultiPoint"",""coordinates"":[]}"
9,9,0.9352321759668346,"{""type"":""MultiPoint"",""coordinates"":[]}"
