system:index,class,mean,.geo
0,0,0.029670333570918323,"{""type"":""MultiPoint"",""coordinates"":[]}"
1,1,0.14636880350559703,"{""type"":""MultiPoint"",""coordinates"":[]}"
2,2,0.24783563788161583,"{""type"":""MultiPoint"",""coordinates"":[]}"
3,3,0.3480571623869347,"{""type"":""MultiPoint"",""coordinates"":[]}"
4,4,0.44833271131892777,"{""type"":""MultiPoint"",""coordinates"":[]}"
5,5,0.54884849664481,"{""type"":""MultiPoint"",""coordinates"":[]}"
6,6,0.6483540570377383,"{""type"":""MultiPoint"",""coordinates"":[]}"
7,7,0.749089594485434,"{""type"":""MultiPoint"",""coordinates"":[]}"
8,8,0.8453065278495926,"{""type"":""MultiPoint"",""coordinates"":[]}"
9,9,0.9357903845798126,"{""type"":""MultiPoint"",""coordinates"":[]}"
