system:index,class,mean,.geo
0,0,0.028652033074507175,"{""type"":""MultiPoint"",""coordinates"":[]}"
1,1,0.1469518327311238,"{""type"":""MultiPoint"",""coordinates"":[]}"
2,2,0.2473401178078465,"{""type"":""MultiPoint"",""coordinates"":[]}"
3,3,0.3469744679914518,"{""type"":""MultiPoint"",""coordinates"":[]}"
4,4,0.44865807910048744,"{""type"":""MultiPoint"",""coordinates"":[]}"
5,5,0.5498125792539437,"{""type"":""MultiPoint"",""coordinates"":[]}"
6,6,0.6504408177808195,"{""type"":""MultiPoint"",""coordinates"":[]}"
7,7,0.7487311325975665,"{""type"":""MultiPoint"",""coordinates"":[]}"
8,8,0.8514609876012438,"{""type"":""MultiPoint"",""coordinates"":[]}"
9,9,0.9369885211853256,"{""type"":""MultiPoint"",""coordinates"":[]}"
