system:index,class,mean,.geo
0,0,0.05187334125453036,"{""type"":""MultiPoint"",""coordinates"":[]}"
1,1,0.14373978646007635,"{""type"":""MultiPoint"",""coordinates"":[]}"
2,2,0.24606749643684628,"{""type"":""MultiPoint"",""coordinates"":[]}"
3,3,0.3445020833329445,"{""type"":""MultiPoint"",""coordinates"":[]}"
4,4,0.448043964921494,"{""type"":""MultiPoint"",""coordinates"":[]}"
5,5,0.551217934409943,"{""type"":""MultiPoint"",""coordinates"":[]}"
6,6,0.64587749218551,"{""type"":""MultiPoint"",""coordinates"":[]}"
7,7,0.7502795392366269,"{""type"":""MultiPoint"",""coordinates"":[]}"
8,8,0.8518930663327312,"{""type"":""MultiPoint"",""coordinates"":[]}"
9,9,0.9606573506764962,"{""type"":""MultiPoint"",""coordinates"":[]}"
