system:index,class,mean,.geo
0,0,0.01857347512218824,"{""type"":""MultiPoint"",""coordinates"":[]}"
1,1,0.14408022646627042,"{""type"":""MultiPoint"",""coordinates"":[]}"
2,2,0.24749688387272661,"{""type"":""MultiPoint"",""coordinates"":[]}"
3,3,0.34923239459972333,"{""type"":""MultiPoint"",""coordinates"":[]}"
4,4,0.4501370966149021,"{""type"":""MultiPoint"",""coordinates"":[]}"
5,5,0.548614926378788,"{""type"":""MultiPoint"",""coordinates"":[]}"
6,6,0.6501298491683982,"{""type"":""MultiPoint"",""coordinates"":[]}"
7,7,0.753136188025398,"{""type"":""MultiPoint"",""coordinates"":[]}"
8,8,0.8524196294452013,"{""type"":""MultiPoint"",""coordinates"":[]}"
9,9,0.9432247880358106,"{""type"":""MultiPoint"",""coordinates"":[]}"
