system:index,class,mean,.geo
0,0,0.028646472096832822,"{""type"":""MultiPoint"",""coordinates"":[]}"
1,1,0.14792607028871088,"{""type"":""MultiPoint"",""coordinates"":[]}"
2,2,0.24973513039275383,"{""type"":""MultiPoint"",""coordinates"":[]}"
3,3,0.3477431987095128,"{""type"":""MultiPoint"",""coordinates"":[]}"
4,4,0.44802217908821274,"{""type"":""MultiPoint"",""coordinates"":[]}"
5,5,0.5483571695824092,"{""type"":""MultiPoint"",""coordinates"":[]}"
6,6,0.6465401438917111,"{""type"":""MultiPoint"",""coordinates"":[]}"
7,7,0.7516922997363309,"{""type"":""MultiPoint"",""coordinates"":[]}"
8,8,0.8496731311488622,"{""type"":""MultiPoint"",""coordinates"":[]}"
9,9,0.93531264577243,"{""type"":""MultiPoint"",""coordinates"":[]}"
