system:index,class,mean,.geo
0,0,0.024190128713637824,"{""type"":""MultiPoint"",""coordinates"":[]}"
1,1,0.1469812634067566,"{""type"":""MultiPoint"",""coordinates"":[]}"
2,2,0.24633842010933127,"{""type"":""MultiPoint"",""coordinates"":[]}"
3,3,0.3463713232773785,"{""type"":""MultiPoint"",""coordinates"":[]}"
4,4,0.4467502843345585,"{""type"":""MultiPoint"",""coordinates"":[]}"
5,5,0.5461142710527405,"{""type"":""MultiPoint"",""coordinates"":[]}"
6,6,0.6511318263633139,"{""type"":""MultiPoint"",""coordinates"":[]}"
7,7,0.7464540806822226,"{""type"":""MultiPoint"",""coordinates"":[]}"
8,8,0.8500549423597966,"{""type"":""MultiPoint"",""coordinates"":[]}"
9,9,0.9377037450128792,"{""type"":""MultiPoint"",""coordinates"":[]}"
