system:index,class,mean,.geo
0,0,0.0274133257229025,"{""type"":""MultiPoint"",""coordinates"":[]}"
1,1,0.14608448358813034,"{""type"":""MultiPoint"",""coordinates"":[]}"
2,2,0.2489002398027868,"{""type"":""MultiPoint"",""coordinates"":[]}"
3,3,0.3480213313796502,"{""type"":""MultiPoint"",""coordinates"":[]}"
4,4,0.45086368875580185,"{""type"":""MultiPoint"",""coordinates"":[]}"
5,5,0.5493939705161844,"{""type"":""MultiPoint"",""coordinates"":[]}"
6,6,0.651232877215403,"{""type"":""MultiPoint"",""coordinates"":[]}"
7,7,0.7498213314908166,"{""type"":""MultiPoint"",""coordinates"":[]}"
8,8,0.848214223389101,"{""type"":""MultiPoint"",""coordinates"":[]}"
9,9,0.9221240212475685,"{""type"":""MultiPoint"",""coordinates"":[]}"
