system:index,class,mean,.geo
0,0,0.022455877119798184,"{""type"":""MultiPoint"",""coordinates"":[]}"
1,1,0.14540613297078556,"{""type"":""MultiPoint"",""coordinates"":[]}"
2,2,0.24661045575925578,"{""type"":""MultiPoint"",""coordinates"":[]}"
3,3,0.34580382255277337,"{""type"":""MultiPoint"",""coordinates"":[]}"
4,4,0.4423719508611468,"{""type"":""MultiPoint"",""coordinates"":[]}"
5,5,0.5459994509366226,"{""type"":""MultiPoint"",""coordinates"":[]}"
6,6,0.6390250677510643,"{""type"":""MultiPoint"",""coordinates"":[]}"
7,7,0.7419264554070442,"{""type"":""MultiPoint"",""coordinates"":[]}"
8,8,0.8489072819481059,"{""type"":""MultiPoint"",""coordinates"":[]}"
9,9,0.959077677142343,"{""type"":""MultiPoint"",""coordinates"":[]}"
