system:index,class,mean,.geo
0,0,0.050807912549922785,"{""type"":""MultiPoint"",""coordinates"":[]}"
1,1,0.14838357730792015,"{""type"":""MultiPoint"",""coordinates"":[]}"
2,2,0.24327962742422735,"{""type"":""MultiPoint"",""coordinates"":[]}"
3,3,0.34783677461268325,"{""type"":""MultiPoint"",""coordinates"":[]}"
4,4,0.4467621133532653,"{""type"":""MultiPoint"",""coordinates"":[]}"
5,5,0.5521771832909221,"{""type"":""MultiPoint"",""coordinates"":[]}"
6,6,0.6509847188405182,"{""type"":""MultiPoint"",""coordinates"":[]}"
7,7,0.749193484780913,"{""type"":""MultiPoint"",""coordinates"":[]}"
8,8,0.8448270411625928,"{""type"":""MultiPoint"",""coordinates"":[]}"
9,9,0.9236037757267971,"{""type"":""MultiPoint"",""coordinates"":[]}"
