system:index,class,mean,.geo
0,0,0.01771891959887715,"{""type"":""MultiPoint"",""coordinates"":[]}"
1,1,0.14659630351636047,"{""type"":""MultiPoint"",""coordinates"":[]}"
2,2,0.24776374484637106,"{""type"":""MultiPoint"",""coordinates"":[]}"
3,3,0.3481487352267763,"{""type"":""MultiPoint"",""coordinates"":[]}"
4,4,0.4494106742497395,"{""type"":""MultiPoint"",""coordinates"":[]}"
5,5,0.5465823319971393,"{""type"":""MultiPoint"",""coordinates"":[]}"
6,6,0.6525156393361833,"{""type"":""MultiPoint"",""coordinates"":[]}"
7,7,0.7498360630338223,"{""type"":""MultiPoint"",""coordinates"":[]}"
8,8,0.8500608507335802,"{""type"":""MultiPoint"",""coordinates"":[]}"
9,9,0.9206746991163721,"{""type"":""MultiPoint"",""coordinates"":[]}"
