system:index,class,mean,.geo
0,0,0.014997351487077,"{""type"":""MultiPoint"",""coordinates"":[]}"
1,1,0.1471351746172344,"{""type"":""MultiPoint"",""coordinates"":[]}"
2,2,0.24995214593872817,"{""type"":""MultiPoint"",""coordinates"":[]}"
3,3,0.3490793474754948,"{""type"":""MultiPoint"",""coordinates"":[]}"
4,4,0.45103050475923795,"{""type"":""MultiPoint"",""coordinates"":[]}"
5,5,0.5520091881075722,"{""type"":""MultiPoint"",""coordinates"":[]}"
6,6,0.6540361811070824,"{""type"":""MultiPoint"",""coordinates"":[]}"
7,7,0.7526944341878942,"{""type"":""MultiPoint"",""coordinates"":[]}"
8,8,0.855386796214788,"{""type"":""MultiPoint"",""coordinates"":[]}"
9,9,0.9625411389254845,"{""type"":""MultiPoint"",""coordinates"":[]}"
