system:index,class,mean,.geo
0,0,0.05441510857525294,"{""type"":""MultiPoint"",""coordinates"":[]}"
1,1,0.14652421759526635,"{""type"":""MultiPoint"",""coordinates"":[]}"
2,2,0.2455155809923237,"{""type"":""MultiPoint"",""coordinates"":[]}"
3,3,0.34449531057023547,"{""type"":""MultiPoint"",""coordinates"":[]}"
4,4,0.4442598173901602,"{""type"":""MultiPoint"",""coordinates"":[]}"
5,5,0.5479729409653816,"{""type"":""MultiPoint"",""coordinates"":[]}"
6,6,0.6462877387674113,"{""type"":""MultiPoint"",""coordinates"":[]}"
7,7,0.7458559446841679,"{""type"":""MultiPoint"",""coordinates"":[]}"
8,8,0.8515316673704442,"{""type"":""MultiPoint"",""coordinates"":[]}"
9,9,0.9490832188710407,"{""type"":""MultiPoint"",""coordinates"":[]}"
