system:index,class,mean,.geo
0,0,0.03513584377196024,"{""type"":""MultiPoint"",""coordinates"":[]}"
1,1,0.14506097608843344,"{""type"":""MultiPoint"",""coordinates"":[]}"
2,2,0.24909841933251217,"{""type"":""MultiPoint"",""coordinates"":[]}"
3,3,0.34777927301956857,"{""type"":""MultiPoint"",""coordinates"":[]}"
4,4,0.4473911014299841,"{""type"":""MultiPoint"",""coordinates"":[]}"
5,5,0.547748182398201,"{""type"":""MultiPoint"",""coordinates"":[]}"
6,6,0.6468266671651931,"{""type"":""MultiPoint"",""coordinates"":[]}"
7,7,0.7484237551581072,"{""type"":""MultiPoint"",""coordinates"":[]}"
8,8,0.8421754124714742,"{""type"":""MultiPoint"",""coordinates"":[]}"
9,9,,"{""type"":""MultiPoint"",""coordinates"":[]}"
