system:index,class,mean,.geo
0,0,0.0265731851167766,"{""type"":""MultiPoint"",""coordinates"":[]}"
1,1,0.15175786579213088,"{""type"":""MultiPoint"",""coordinates"":[]}"
2,2,0.25057561999769307,"{""type"":""MultiPoint"",""coordinates"":[]}"
3,3,0.34848347957467213,"{""type"":""MultiPoint"",""coordinates"":[]}"
4,4,0.450907687002016,"{""type"":""MultiPoint"",""coordinates"":[]}"
5,5,0.5522537406036212,"{""type"":""MultiPoint"",""coordinates"":[]}"
6,6,0.6470562926973816,"{""type"":""MultiPoint"",""coordinates"":[]}"
7,7,0.7537010909177798,"{""type"":""MultiPoint"",""coordinates"":[]}"
8,8,0.839159872888175,"{""type"":""MultiPoint"",""coordinates"":[]}"
9,9,0.9251542658287285,"{""type"":""MultiPoint"",""coordinates"":[]}"
