system:index,class,mean,.geo
0,0,0.02249836050903447,"{""type"":""MultiPoint"",""coordinates"":[]}"
1,1,0.14749856235459025,"{""type"":""MultiPoint"",""coordinates"":[]}"
2,2,0.24913750174822036,"{""type"":""MultiPoint"",""coordinates"":[]}"
3,3,0.3482339420450291,"{""type"":""MultiPoint"",""coordinates"":[]}"
4,4,0.44950732762345186,"{""type"":""MultiPoint"",""coordinates"":[]}"
5,5,0.5483630643257098,"{""type"":""MultiPoint"",""coordinates"":[]}"
6,6,0.6496964622506248,"{""type"":""MultiPoint"",""coordinates"":[]}"
7,7,0.7464278697426656,"{""type"":""MultiPoint"",""coordinates"":[]}"
8,8,0.8488864040030034,"{""type"":""MultiPoint"",""coordinates"":[]}"
9,9,0.9164381042191332,"{""type"":""MultiPoint"",""coordinates"":[]}"
