system:index,class,mean,.geo
0,0,0.031080099801134065,"{""type"":""MultiPoint"",""coordinates"":[]}"
1,1,0.14736085936656168,"{""type"":""MultiPoint"",""coordinates"":[]}"
2,2,0.24826299886567224,"{""type"":""MultiPoint"",""coordinates"":[]}"
3,3,0.3495822988292017,"{""type"":""MultiPoint"",""coordinates"":[]}"
4,4,0.4482819574585915,"{""type"":""MultiPoint"",""coordinates"":[]}"
5,5,0.5497191360285192,"{""type"":""MultiPoint"",""coordinates"":[]}"
6,6,0.6498324569708531,"{""type"":""MultiPoint"",""coordinates"":[]}"
7,7,0.7476686742871259,"{""type"":""MultiPoint"",""coordinates"":[]}"
8,8,0.8405326649433145,"{""type"":""MultiPoint"",""coordinates"":[]}"
9,9,0.9137056674792454,"{""type"":""MultiPoint"",""coordinates"":[]}"
