system:index,class,mean,.geo
0,0,0.02627850990759428,"{""type"":""MultiPoint"",""coordinates"":[]}"
1,1,0.14680558613685643,"{""type"":""MultiPoint"",""coordinates"":[]}"
2,2,0.24689275287747361,"{""type"":""MultiPoint"",""coordinates"":[]}"
3,3,0.3482613672643177,"{""type"":""MultiPoint"",""coordinates"":[]}"
4,4,0.44815925030200154,"{""type"":""MultiPoint"",""coordinates"":[]}"
5,5,0.5488062940798184,"{""type"":""MultiPoint"",""coordinates"":[]}"
6,6,0.6489459013851704,"{""type"":""MultiPoint"",""coordinates"":[]}"
7,7,0.7486488212823088,"{""type"":""MultiPoint"",""coordinates"":[]}"
8,8,0.8479024416880641,"{""type"":""MultiPoint"",""coordinates"":[]}"
9,9,0.9327228203508534,"{""type"":""MultiPoint"",""coordinates"":[]}"
