system:index,class,mean,.geo
0,0,0.018114974646122713,"{""type"":""MultiPoint"",""coordinates"":[]}"
1,1,0.14689020348046045,"{""type"":""MultiPoint"",""coordinates"":[]}"
2,2,0.24664023058971454,"{""type"":""MultiPoint"",""coordinates"":[]}"
3,3,0.3491928761135889,"{""type"":""MultiPoint"",""coordinates"":[]}"
4,4,0.44625561450794715,"{""type"":""MultiPoint"",""coordinates"":[]}"
5,5,0.5490044679032783,"{""type"":""MultiPoint"",""coordinates"":[]}"
6,6,0.6494547857433518,"{""type"":""MultiPoint"",""coordinates"":[]}"
7,7,0.7501340861990334,"{""type"":""MultiPoint"",""coordinates"":[]}"
8,8,0.8538415735260593,"{""type"":""MultiPoint"",""coordinates"":[]}"
9,9,0.9387006223590381,"{""type"":""MultiPoint"",""coordinates"":[]}"
