system:index,class,mean,.geo
0,0,0.024975594050608417,"{""type"":""MultiPoint"",""coordinates"":[]}"
1,1,0.14497463455953039,"{""type"":""MultiPoint"",""coordinates"":[]}"
2,2,0.24384311109779808,"{""type"":""MultiPoint"",""coordinates"":[]}"
3,3,0.3455630539557597,"{""type"":""MultiPoint"",""coordinates"":[]}"
4,4,0.44212621480815467,"{""type"":""MultiPoint"",""coordinates"":[]}"
5,5,0.5485128042349228,"{""type"":""MultiPoint"",""coordinates"":[]}"
6,6,0.6435435447422306,"{""type"":""MultiPoint"",""coordinates"":[]}"
7,7,0.7451678412029172,"{""type"":""MultiPoint"",""coordinates"":[]}"
8,8,0.8457949953701841,"{""type"":""MultiPoint"",""coordinates"":[]}"
9,9,0.9327124316925193,"{""type"":""MultiPoint"",""coordinates"":[]}"
