system:index,class,mean,.geo
0,0,0.06229560880588278,"{""type"":""MultiPoint"",""coordinates"":[]}"
1,1,0.14708964910221972,"{""type"":""MultiPoint"",""coordinates"":[]}"
2,2,0.24471805306134148,"{""type"":""MultiPoint"",""coordinates"":[]}"
3,3,0.3460172492676767,"{""type"":""MultiPoint"",""coordinates"":[]}"
4,4,0.4473301163433069,"{""type"":""MultiPoint"",""coordinates"":[]}"
5,5,0.5494714396095783,"{""type"":""MultiPoint"",""coordinates"":[]}"
6,6,0.6489991301006403,"{""type"":""MultiPoint"",""coordinates"":[]}"
7,7,0.7489615492014442,"{""type"":""MultiPoint"",""coordinates"":[]}"
8,8,0.8498582270711731,"{""type"":""MultiPoint"",""coordinates"":[]}"
9,9,0.9382376143408123,"{""type"":""MultiPoint"",""coordinates"":[]}"
