system:index,class,mean,.geo
0,0,0.019443371212544882,"{""type"":""MultiPoint"",""coordinates"":[]}"
1,1,0.15579468405184285,"{""type"":""MultiPoint"",""coordinates"":[]}"
2,2,0.2485157098637915,"{""type"":""MultiPoint"",""coordinates"":[]}"
3,3,0.3496601193319105,"{""type"":""MultiPoint"",""coordinates"":[]}"
4,4,0.449386819172965,"{""type"":""MultiPoint"",""coordinates"":[]}"
5,5,0.5501032605690707,"{""type"":""MultiPoint"",""coordinates"":[]}"
6,6,0.650391564932968,"{""type"":""MultiPoint"",""coordinates"":[]}"
7,7,0.7496595334712615,"{""type"":""MultiPoint"",""coordinates"":[]}"
8,8,0.8541274555967878,"{""type"":""MultiPoint"",""coordinates"":[]}"
9,9,0.9659378870742032,"{""type"":""MultiPoint"",""coordinates"":[]}"
