system:index,class,mean,.geo
0,0,0.027239372486589652,"{""type"":""MultiPoint"",""coordinates"":[]}"
1,1,0.15025431711426154,"{""type"":""MultiPoint"",""coordinates"":[]}"
2,2,0.25221784092711486,"{""type"":""MultiPoint"",""coordinates"":[]}"
3,3,0.348457322145676,"{""type"":""MultiPoint"",""coordinates"":[]}"
4,4,0.44779283047151924,"{""type"":""MultiPoint"",""coordinates"":[]}"
5,5,0.5509375438339457,"{""type"":""MultiPoint"",""coordinates"":[]}"
6,6,0.6465583455742921,"{""type"":""MultiPoint"",""coordinates"":[]}"
7,7,0.746548127153365,"{""type"":""MultiPoint"",""coordinates"":[]}"
8,8,0.8547771474954017,"{""type"":""MultiPoint"",""coordinates"":[]}"
9,9,0.9207188707191358,"{""type"":""MultiPoint"",""coordinates"":[]}"
