system:index,class,mean,.geo
0,0,0.036177750989643806,"{""type"":""MultiPoint"",""coordinates"":[]}"
1,1,0.14524941849625234,"{""type"":""MultiPoint"",""coordinates"":[]}"
2,2,0.24596475066233742,"{""type"":""MultiPoint"",""coordinates"":[]}"
3,3,0.35060814308577964,"{""type"":""MultiPoint"",""coordinates"":[]}"
4,4,0.4473307873374168,"{""type"":""MultiPoint"",""coordinates"":[]}"
5,5,0.5495816560025419,"{""type"":""MultiPoint"",""coordinates"":[]}"
6,6,0.6479244428848526,"{""type"":""MultiPoint"",""coordinates"":[]}"
7,7,0.749432738553163,"{""type"":""MultiPoint"",""coordinates"":[]}"
8,8,0.845193102315274,"{""type"":""MultiPoint"",""coordinates"":[]}"
9,9,0.9295856049645859,"{""type"":""MultiPoint"",""coordinates"":[]}"
