system:index,class,mean,.geo
0,0,0.02882282065239893,"{""type"":""MultiPoint"",""coordinates"":[]}"
1,1,0.14684771902395272,"{""type"":""MultiPoint"",""coordinates"":[]}"
2,2,0.2492639351973368,"{""type"":""MultiPoint"",""coordinates"":[]}"
3,3,0.34704818650390545,"{""type"":""MultiPoint"",""coordinates"":[]}"
4,4,0.44811263346019875,"{""type"":""MultiPoint"",""coordinates"":[]}"
5,5,0.5437271832146953,"{""type"":""MultiPoint"",""coordinates"":[]}"
6,6,0.6429129380396513,"{""type"":""MultiPoint"",""coordinates"":[]}"
7,7,0.7446462893082847,"{""type"":""MultiPoint"",""coordinates"":[]}"
8,8,0.8469244855108227,"{""type"":""MultiPoint"",""coordinates"":[]}"
9,9,0.904726918447133,"{""type"":""MultiPoint"",""coordinates"":[]}"
