system:index,class,mean,.geo
0,0,0.02034114944819161,"{""type"":""MultiPoint"",""coordinates"":[]}"
1,1,0.14794257839525568,"{""type"":""MultiPoint"",""coordinates"":[]}"
2,2,0.25070861700954566,"{""type"":""MultiPoint"",""coordinates"":[]}"
3,3,0.3490232014246826,"{""type"":""MultiPoint"",""coordinates"":[]}"
4,4,0.4488440498981725,"{""type"":""MultiPoint"",""coordinates"":[]}"
5,5,0.5506735421610468,"{""type"":""MultiPoint"",""coordinates"":[]}"
6,6,0.6517785848364824,"{""type"":""MultiPoint"",""coordinates"":[]}"
7,7,0.7493016723809652,"{""type"":""MultiPoint"",""coordinates"":[]}"
8,8,0.8502846098548688,"{""type"":""MultiPoint"",""coordinates"":[]}"
9,9,0.9316949866910114,"{""type"":""MultiPoint"",""coordinates"":[]}"
