system:index,class,mean,.geo
0,0,0.017964494833287527,"{""type"":""MultiPoint"",""coordinates"":[]}"
1,1,0.1482649518462014,"{""type"":""MultiPoint"",""coordinates"":[]}"
2,2,0.24752622313583952,"{""type"":""MultiPoint"",""coordinates"":[]}"
3,3,0.34835524669377665,"{""type"":""MultiPoint"",""coordinates"":[]}"
4,4,0.4489274790213657,"{""type"":""MultiPoint"",""coordinates"":[]}"
5,5,0.5513033452667305,"{""type"":""MultiPoint"",""coordinates"":[]}"
6,6,0.6495900498292672,"{""type"":""MultiPoint"",""coordinates"":[]}"
7,7,0.7473543066561,"{""type"":""MultiPoint"",""coordinates"":[]}"
8,8,0.8490311819997052,"{""type"":""MultiPoint"",""coordinates"":[]}"
9,9,0.933397461548145,"{""type"":""MultiPoint"",""coordinates"":[]}"
