system:index,class,mean,.geo
0,0,0.03219765533817919,"{""type"":""MultiPoint"",""coordinates"":[]}"
1,1,0.15496444105036827,"{""type"":""MultiPoint"",""coordinates"":[]}"
2,2,0.24779787707057815,"{""type"":""MultiPoint"",""coordinates"":[]}"
3,3,0.34844492280521533,"{""type"":""MultiPoint"",""coordinates"":[]}"
4,4,0.449399289750222,"{""type"":""MultiPoint"",""coordinates"":[]}"
5,5,0.5507421708815305,"{""type"":""MultiPoint"",""coordinates"":[]}"
6,6,0.6506831743972148,"{""type"":""MultiPoint"",""coordinates"":[]}"
7,7,0.7500317282947858,"{""type"":""MultiPoint"",""coordinates"":[]}"
8,8,0.8523832340452623,"{""type"":""MultiPoint"",""coordinates"":[]}"
9,9,0.961403709390649,"{""type"":""MultiPoint"",""coordinates"":[]}"
