system:index,class,mean,.geo
0,0,0.03210827789139169,"{""type"":""MultiPoint"",""coordinates"":[]}"
1,1,0.14772669937294483,"{""type"":""MultiPoint"",""coordinates"":[]}"
2,2,0.24511198782926202,"{""type"":""MultiPoint"",""coordinates"":[]}"
3,3,0.3478314007085298,"{""type"":""MultiPoint"",""coordinates"":[]}"
4,4,0.4496246473670849,"{""type"":""MultiPoint"",""coordinates"":[]}"
5,5,0.5489303573047106,"{""type"":""MultiPoint"",""coordinates"":[]}"
6,6,0.64660510873329,"{""type"":""MultiPoint"",""coordinates"":[]}"
7,7,0.7486615165315534,"{""type"":""MultiPoint"",""coordinates"":[]}"
8,8,0.8483090506921168,"{""type"":""MultiPoint"",""coordinates"":[]}"
9,9,0.9399860401404072,"{""type"":""MultiPoint"",""coordinates"":[]}"
