system:index,class,mean,.geo
0,0,0.022541832673068488,"{""type"":""MultiPoint"",""coordinates"":[]}"
1,1,0.14382284986351568,"{""type"":""MultiPoint"",""coordinates"":[]}"
2,2,0.24781775925190516,"{""type"":""MultiPoint"",""coordinates"":[]}"
3,3,0.35009480681301214,"{""type"":""MultiPoint"",""coordinates"":[]}"
4,4,0.4486006594956434,"{""type"":""MultiPoint"",""coordinates"":[]}"
5,5,0.5486410947626931,"{""type"":""MultiPoint"",""coordinates"":[]}"
6,6,0.6522341011210295,"{""type"":""MultiPoint"",""coordinates"":[]}"
7,7,0.7564118117852707,"{""type"":""MultiPoint"",""coordinates"":[]}"
8,8,0.8456892548882143,"{""type"":""MultiPoint"",""coordinates"":[]}"
9,9,0.9454346582758982,"{""type"":""MultiPoint"",""coordinates"":[]}"
